Date,Max_Temperature_C,Mean_Humidity_Pct,Daily_Rain_mm,Region,Latitude,Longitude,Cluster_ID,Cluster_Zone,Rainfall_Lag_21,Month,PM25_Index
2021-01-21,28.6,68.0,2.0,Andheri,19.1136,72.8697,2,Waterlogging Vectors Risk,45.6,1,53.75023743172282
2021-01-22,29.400000000000002,78.0,2.0,Andheri,19.1136,72.8697,2,Waterlogging Vectors Risk,45.6,1,46.042011827477396
2021-01-23,30.400000000000002,71.0,2.0,Andheri,19.1136,72.8697,2,Waterlogging Vectors Risk,45.6,1,44.30510935717012
2021-01-24,29.2,65.0,2.0,Andheri,19.1136,72.8697,2,Waterlogging Vectors Risk,45.6,1,55.481815948706796
2021-01-25,28.8,67.0,2.0,Andheri,19.1136,72.8697,2,Waterlogging Vectors Risk,45.6,1,48.96256645971665
2021-01-26,27.8,73.0,2.0,Andheri,19.1136,72.8697,2,Waterlogging Vectors Risk,45.2,1,54.62931521525409
2021-01-27,26.900000000000002,74.0,2.0,Andheri,19.1136,72.8697,2,Waterlogging Vectors Risk,45.2,1,68.79606407753694
2021-01-28,27.3,74.0,2.0,Andheri,19.1136,72.8697,2,Waterlogging Vectors Risk,45.0,1,62.47050697909787
2021-01-29,28.0,66.0,2.0,Andheri,19.1136,72.8697,2,Waterlogging Vectors Risk,42.2,1,52.31929473699191
2021-01-30,29.8,66.0,2.0,Andheri,19.1136,72.8697,2,Waterlogging Vectors Risk,42.0,1,47.179466884596486
2021-01-31,30.7,65.0,2.0,Andheri,19.1136,72.8697,2,Waterlogging Vectors Risk,42.0,1,37.049578202604366
2021-02-01,32.4,56.0,2.0,Andheri,19.1136,72.8697,2,Waterlogging Vectors Risk,42.0,2,27.404684565482057
2021-02-02,32.699999999999996,50.0,2.0,Andheri,19.1136,72.8697,2,Waterlogging Vectors Risk,42.0,2,29.24314469116353
2021-02-03,31.0,56.0,2.0,Andheri,19.1136,72.8697,2,Waterlogging Vectors Risk,42.0,2,28.10026544337768
2021-02-04,30.0,63.0,2.0,Andheri,19.1136,72.8697,2,Waterlogging Vectors Risk,42.0,2,34.70874417076816
2021-02-05,29.7,56.0,2.0,Andheri,19.1136,72.8697,2,Waterlogging Vectors Risk,42.0,2,42.22189568712847
2021-02-06,31.2,48.0,2.0,Andheri,19.1136,72.8697,2,Waterlogging Vectors Risk,42.0,2,31.46917773166122
2021-02-07,32.599999999999994,42.0,2.0,Andheri,19.1136,72.8697,2,Waterlogging Vectors Risk,42.0,2,30.171236662976398
2021-02-08,32.5,44.0,2.0,Andheri,19.1136,72.8697,2,Waterlogging Vectors Risk,42.0,2,24.62654628906061
2021-02-09,32.5,52.0,2.0,Andheri,19.1136,72.8697,2,Waterlogging Vectors Risk,42.0,2,22.105148159990208
2021-02-10,30.7,60.0,2.0,Andheri,19.1136,72.8697,2,Waterlogging Vectors Risk,42.0,2,46.69491051127444
2021-02-11,32.0,58.0,2.0,Andheri,19.1136,72.8697,2,Waterlogging Vectors Risk,42.0,2,30.871118497567323
2021-02-12,30.1,64.0,2.0,Andheri,19.1136,72.8697,2,Waterlogging Vectors Risk,42.0,2,43.104307690106275
2021-02-13,30.1,69.0,2.0,Andheri,19.1136,72.8697,2,Waterlogging Vectors Risk,42.0,2,35.64292573559938
2021-02-14,29.900000000000002,73.0,2.0,Andheri,19.1136,72.8697,2,Waterlogging Vectors Risk,42.0,2,41.17808637737408
2021-02-15,28.400000000000002,75.0,2.0,Andheri,19.1136,72.8697,2,Waterlogging Vectors Risk,42.0,2,52.95461294854932
2021-02-16,27.6,82.0,2.0,Andheri,19.1136,72.8697,2,Waterlogging Vectors Risk,42.0,2,51.17836544622181
2021-02-17,28.6,79.0,2.0,Andheri,19.1136,72.8697,2,Waterlogging Vectors Risk,42.0,2,53.14515675839502
2021-02-18,31.2,69.0,3.0,Andheri,19.1136,72.8697,2,Waterlogging Vectors Risk,43.0,2,33.53013988373932
2021-02-19,31.8,65.0,2.1,Andheri,19.1136,72.8697,2,Waterlogging Vectors Risk,43.1,2,31.674864584366944
2021-02-20,32.099999999999994,58.0,2.0,Andheri,19.1136,72.8697,2,Waterlogging Vectors Risk,43.1,2,28.42480027218638
2021-02-21,33.8,48.0,2.0,Andheri,19.1136,72.8697,2,Waterlogging Vectors Risk,43.1,2,31.061390922544703
2021-02-22,32.9,60.0,2.0,Andheri,19.1136,72.8697,2,Waterlogging Vectors Risk,43.1,2,26.832513876310337
2021-02-23,31.5,64.0,2.0,Andheri,19.1136,72.8697,2,Waterlogging Vectors Risk,43.1,2,29.544778688553826
2021-02-24,32.8,63.0,2.0,Andheri,19.1136,72.8697,2,Waterlogging Vectors Risk,43.1,2,31.579391227182626
2021-02-25,32.8,57.0,2.0,Andheri,19.1136,72.8697,2,Waterlogging Vectors Risk,43.1,2,21.36244841681157
2021-02-26,30.1,69.0,2.0,Andheri,19.1136,72.8697,2,Waterlogging Vectors Risk,43.1,2,43.81098464169044
2021-02-27,31.0,72.0,2.0,Andheri,19.1136,72.8697,2,Waterlogging Vectors Risk,43.1,2,27.868316047267793
2021-02-28,34.099999999999994,59.0,2.0,Andheri,19.1136,72.8697,2,Waterlogging Vectors Risk,43.1,2,13.45906975550788
2021-03-01,34.9,52.0,2.0,Andheri,19.1136,72.8697,2,Waterlogging Vectors Risk,43.1,3,15.984306179345618
2021-03-02,34.199999999999996,47.0,2.0,Andheri,19.1136,72.8697,2,Waterlogging Vectors Risk,43.1,3,18.692332899977053
2021-03-03,36.0,43.0,2.0,Andheri,19.1136,72.8697,2,Waterlogging Vectors Risk,43.1,3,15.856841405949853
2021-03-04,36.099999999999994,39.0,2.0,Andheri,19.1136,72.8697,2,Waterlogging Vectors Risk,43.1,3,14.421758588058797
2021-03-05,36.4,46.0,2.0,Andheri,19.1136,72.8697,2,Waterlogging Vectors Risk,43.1,3,13.494481522053556
2021-03-06,31.2,81.0,2.0,Andheri,19.1136,72.8697,2,Waterlogging Vectors Risk,43.1,3,7.607390048162863
2021-03-07,32.599999999999994,70.0,2.0,Andheri,19.1136,72.8697,2,Waterlogging Vectors Risk,43.1,3,11.400778958026457
2021-03-08,32.099999999999994,67.0,2.0,Andheri,19.1136,72.8697,2,Waterlogging Vectors Risk,43.1,3,12.696806145201062
2021-03-09,34.599999999999994,60.0,2.0,Andheri,19.1136,72.8697,2,Waterlogging Vectors Risk,43.1,3,20.285611131094576
2021-03-10,32.5,65.0,2.0,Andheri,19.1136,72.8697,2,Waterlogging Vectors Risk,43.1,3,16.71809144784231
2021-03-11,30.8,74.0,2.0,Andheri,19.1136,72.8697,2,Waterlogging Vectors Risk,42.1,3,6.18479922318633
2021-03-12,32.5,67.0,2.0,Andheri,19.1136,72.8697,2,Waterlogging Vectors Risk,42.0,3,16.620419846973974
2021-03-13,35.5,51.0,2.0,Andheri,19.1136,72.8697,2,Waterlogging Vectors Risk,42.0,3,13.074588597918417
2021-03-14,34.4,49.0,2.0,Andheri,19.1136,72.8697,2,Waterlogging Vectors Risk,42.0,3,11.615389998470206
2021-03-15,34.4,49.0,2.0,Andheri,19.1136,72.8697,2,Waterlogging Vectors Risk,42.0,3,18.05838144420434
2021-03-16,33.599999999999994,56.0,2.0,Andheri,19.1136,72.8697,2,Waterlogging Vectors Risk,42.0,3,20.154997612479754
2021-03-17,34.5,56.0,2.0,Andheri,19.1136,72.8697,2,Waterlogging Vectors Risk,42.0,3,19.656400595580994
2021-03-18,32.3,62.0,2.0,Andheri,19.1136,72.8697,2,Waterlogging Vectors Risk,42.0,3,10.803912383886807
2021-03-19,32.0,68.0,2.0,Andheri,19.1136,72.8697,2,Waterlogging Vectors Risk,42.0,3,13.453938120743928
2021-03-20,30.900000000000002,78.0,2.0,Andheri,19.1136,72.8697,2,Waterlogging Vectors Risk,42.0,3,16.65631715701782
2021-03-21,31.8,77.0,2.0,Andheri,19.1136,72.8697,2,Waterlogging Vectors Risk,42.0,3,19.877725635611796
2021-03-22,33.599999999999994,73.0,2.0,Andheri,19.1136,72.8697,2,Waterlogging Vectors Risk,42.0,3,12.60412881077355
2021-03-23,33.599999999999994,55.0,2.0,Andheri,19.1136,72.8697,2,Waterlogging Vectors Risk,42.0,3,14.071705116680914
2021-03-24,35.3,52.0,2.0,Andheri,19.1136,72.8697,2,Waterlogging Vectors Risk,42.0,3,9.468325129969859
2021-03-25,38.0,35.0,2.0,Andheri,19.1136,72.8697,2,Waterlogging Vectors Risk,42.0,3,9.018966879596647
2021-03-26,36.3,34.0,2.0,Andheri,19.1136,72.8697,2,Waterlogging Vectors Risk,42.0,3,19.062629111970992
2021-03-27,38.4,35.0,2.0,Andheri,19.1136,72.8697,2,Waterlogging Vectors Risk,42.0,3,21.781200142854114
2021-03-28,33.5,62.0,2.0,Andheri,19.1136,72.8697,2,Waterlogging Vectors Risk,42.0,3,14.63994939209833
2021-03-29,32.3,81.0,2.0,Andheri,19.1136,72.8697,2,Waterlogging Vectors Risk,42.0,3,20.01766448946012
2021-03-30,31.2,81.0,2.0,Andheri,19.1136,72.8697,2,Waterlogging Vectors Risk,42.0,3,16.80818012523817
2021-03-31,30.7,84.0,2.0,Andheri,19.1136,72.8697,2,Waterlogging Vectors Risk,42.0,3,11.774401226974378
2021-04-01,31.400000000000002,81.0,2.0,Andheri,19.1136,72.8697,2,Waterlogging Vectors Risk,42.0,4,16.80697802754207
2021-04-02,30.8,79.0,2.1,Andheri,19.1136,72.8697,2,Waterlogging Vectors Risk,42.099999999999994,4,22.690182832329846
2021-04-03,30.2,78.0,2.0,Andheri,19.1136,72.8697,2,Waterlogging Vectors Risk,42.099999999999994,4,14.820869804450242
2021-04-04,30.8,79.0,2.0,Andheri,19.1136,72.8697,2,Waterlogging Vectors Risk,42.099999999999994,4,22.82321827907003
2021-04-05,31.5,83.0,2.0,Andheri,19.1136,72.8697,2,Waterlogging Vectors Risk,42.099999999999994,4,5.0
2021-04-06,33.699999999999996,69.0,2.0,Andheri,19.1136,72.8697,2,Waterlogging Vectors Risk,42.099999999999994,4,19.10951252187612
2021-04-07,33.099999999999994,73.0,2.0,Andheri,19.1136,72.8697,2,Waterlogging Vectors Risk,42.099999999999994,4,15.435235341190856
2021-04-08,31.3,83.0,2.0,Andheri,19.1136,72.8697,2,Waterlogging Vectors Risk,42.099999999999994,4,13.504963247670663
2021-04-09,31.8,80.0,2.0,Andheri,19.1136,72.8697,2,Waterlogging Vectors Risk,42.099999999999994,4,15.458803882677511
2021-04-10,32.099999999999994,80.0,2.0,Andheri,19.1136,72.8697,2,Waterlogging Vectors Risk,42.099999999999994,4,5.0621554269955364
2021-04-11,33.9,78.0,2.0,Andheri,19.1136,72.8697,2,Waterlogging Vectors Risk,42.099999999999994,4,13.90164056081244
2021-04-12,33.099999999999994,77.0,2.0,Andheri,19.1136,72.8697,2,Waterlogging Vectors Risk,42.099999999999994,4,16.78556285755873
2021-04-13,35.9,70.0,2.0,Andheri,19.1136,72.8697,2,Waterlogging Vectors Risk,42.099999999999994,4,22.38947022370758
2021-04-14,35.099999999999994,71.0,2.0,Andheri,19.1136,72.8697,2,Waterlogging Vectors Risk,42.099999999999994,4,12.408648908631763
2021-04-15,33.8,78.0,2.0,Andheri,19.1136,72.8697,2,Waterlogging Vectors Risk,42.099999999999994,4,10.957531985534061
2021-04-16,31.8,79.0,2.0,Andheri,19.1136,72.8697,2,Waterlogging Vectors Risk,42.099999999999994,4,12.491214782077318
2021-04-17,32.099999999999994,82.0,2.0,Andheri,19.1136,72.8697,2,Waterlogging Vectors Risk,42.099999999999994,4,19.57701058851037
2021-04-18,34.0,79.0,2.0,Andheri,19.1136,72.8697,2,Waterlogging Vectors Risk,42.099999999999994,4,16.643755548298422
2021-04-19,32.4,81.0,2.0,Andheri,19.1136,72.8697,2,Waterlogging Vectors Risk,42.099999999999994,4,12.351198981164806
2021-04-20,31.8,81.0,2.0,Andheri,19.1136,72.8697,2,Waterlogging Vectors Risk,42.099999999999994,4,17.56633716556678
2021-04-21,31.8,80.0,2.0,Andheri,19.1136,72.8697,2,Waterlogging Vectors Risk,42.099999999999994,4,15.485387746740201
2021-04-22,32.599999999999994,80.0,2.0,Andheri,19.1136,72.8697,2,Waterlogging Vectors Risk,42.099999999999994,4,19.843224952664446
2021-04-23,33.099999999999994,75.0,2.0,Andheri,19.1136,72.8697,2,Waterlogging Vectors Risk,42.0,4,11.489734530613237
2021-04-24,32.0,80.0,2.0,Andheri,19.1136,72.8697,2,Waterlogging Vectors Risk,42.0,4,13.361689267011158
2021-04-25,33.4,81.0,2.0,Andheri,19.1136,72.8697,2,Waterlogging Vectors Risk,42.0,4,13.039459234339212
2021-04-26,33.199999999999996,82.0,2.0,Andheri,19.1136,72.8697,2,Waterlogging Vectors Risk,42.0,4,7.682425259339407
2021-04-27,33.5,78.0,2.0,Andheri,19.1136,72.8697,2,Waterlogging Vectors Risk,42.0,4,16.48060138532288
2021-04-28,34.0,78.0,2.0,Andheri,19.1136,72.8697,2,Waterlogging Vectors Risk,42.0,4,16.305276360899448
2021-04-29,33.8,82.0,2.0,Andheri,19.1136,72.8697,2,Waterlogging Vectors Risk,42.0,4,15.025567283212304
2021-04-30,32.199999999999996,82.0,2.0,Andheri,19.1136,72.8697,2,Waterlogging Vectors Risk,42.0,4,13.827064333124266
2021-05-01,34.0,77.0,2.0,Andheri,19.1136,72.8697,2,Waterlogging Vectors Risk,42.0,5,7.923146289747929
2021-05-02,33.4,80.0,2.0,Andheri,19.1136,72.8697,2,Waterlogging Vectors Risk,42.0,5,12.896773386173205
2021-05-03,34.099999999999994,78.0,2.0,Andheri,19.1136,72.8697,2,Waterlogging Vectors Risk,42.0,5,13.286427417366152
2021-05-04,33.4,76.0,2.0,Andheri,19.1136,72.8697,2,Waterlogging Vectors Risk,42.0,5,10.988613653891905
2021-05-05,33.099999999999994,78.0,2.0,Andheri,19.1136,72.8697,2,Waterlogging Vectors Risk,42.0,5,14.193571441669954
2021-05-06,32.599999999999994,82.0,2.0,Andheri,19.1136,72.8697,2,Waterlogging Vectors Risk,42.0,5,17.020254284072692
2021-05-07,32.699999999999996,81.0,2.0,Andheri,19.1136,72.8697,2,Waterlogging Vectors Risk,42.0,5,24.43092950605265
2021-05-08,33.099999999999994,81.0,2.0,Andheri,19.1136,72.8697,2,Waterlogging Vectors Risk,42.0,5,15.872889064159194
2021-05-09,32.699999999999996,80.0,2.0,Andheri,19.1136,72.8697,2,Waterlogging Vectors Risk,42.0,5,16.28775195361382
2021-05-10,33.0,76.0,2.0,Andheri,19.1136,72.8697,2,Waterlogging Vectors Risk,42.0,5,14.627770421169163
2021-05-11,32.5,76.0,2.0,Andheri,19.1136,72.8697,2,Waterlogging Vectors Risk,42.0,5,5.406143923504793
2021-05-12,32.3,72.0,2.0,Andheri,19.1136,72.8697,2,Waterlogging Vectors Risk,42.0,5,14.867430622753915
2021-05-13,31.8,69.0,2.0,Andheri,19.1136,72.8697,2,Waterlogging Vectors Risk,42.0,5,15.301151049705132
2021-05-14,33.0,76.0,2.0,Andheri,19.1136,72.8697,2,Waterlogging Vectors Risk,42.0,5,27.31621056242643
2021-05-15,35.0,68.0,2.0,Andheri,19.1136,72.8697,2,Waterlogging Vectors Risk,42.0,5,14.038195176094387
2021-05-16,36.0,65.0,9.0,Andheri,19.1136,72.8697,2,Waterlogging Vectors Risk,49.0,5,16.507736711668063
2021-05-17,27.3,91.0,201.9,Andheri,19.1136,72.8697,2,Waterlogging Vectors Risk,248.9,5,14.826441151473784
2021-05-18,28.400000000000002,91.0,24.6,Andheri,19.1136,72.8697,2,Waterlogging Vectors Risk,271.5,5,9.156609811902339
2021-05-19,28.900000000000002,91.0,17.2,Andheri,19.1136,72.8697,2,Waterlogging Vectors Risk,286.7,5,20.714114072575104
2021-05-20,30.400000000000002,86.0,3.0,Andheri,19.1136,72.8697,2,Waterlogging Vectors Risk,287.7,5,18.759665163433873
2021-05-21,30.5,85.0,2.3,Andheri,19.1136,72.8697,2,Waterlogging Vectors Risk,288.0,5,18.955159735215233
2021-05-22,30.3,81.0,3.2,Andheri,19.1136,72.8697,2,Waterlogging Vectors Risk,289.2,5,10.453062726026305
2021-05-23,30.6,82.0,3.6,Andheri,19.1136,72.8697,2,Waterlogging Vectors Risk,290.8,5,22.013971554680495
2021-05-24,30.7,84.0,3.8,Andheri,19.1136,72.8697,2,Waterlogging Vectors Risk,292.6,5,7.990744686038596
2021-05-25,30.7,81.0,3.7,Andheri,19.1136,72.8697,2,Waterlogging Vectors Risk,294.3,5,17.934285469001352
2021-05-26,30.8,74.0,2.0,Andheri,19.1136,72.8697,2,Waterlogging Vectors Risk,294.3,5,25.952278129049894
2021-05-27,31.3,75.0,6.8,Andheri,19.1136,72.8697,2,Waterlogging Vectors Risk,299.1,5,10.047318374346558
2021-05-28,30.8,82.0,5.6,Andheri,19.1136,72.8697,2,Waterlogging Vectors Risk,302.7,5,12.16851135198614
2021-05-29,30.7,85.0,4.8,Andheri,19.1136,72.8697,2,Waterlogging Vectors Risk,305.5,5,15.498256825438206
2021-05-30,30.5,85.0,5.3,Andheri,19.1136,72.8697,2,Waterlogging Vectors Risk,308.8,5,12.482621729419003
2021-05-31,30.1,88.0,5.5,Andheri,19.1136,72.8697,2,Waterlogging Vectors Risk,312.3,5,7.246682844669337
2021-06-01,30.3,89.0,9.4,Andheri,19.1136,72.8697,2,Waterlogging Vectors Risk,319.7,6,15.342814874030136
2021-06-02,29.6,89.0,13.1,Andheri,19.1136,72.8697,2,Waterlogging Vectors Risk,330.8,6,9.688481431369475
2021-06-03,30.6,87.0,3.3,Andheri,19.1136,72.8697,2,Waterlogging Vectors Risk,332.1,6,17.36796215317591
2021-06-04,30.8,87.0,7.2,Andheri,19.1136,72.8697,2,Waterlogging Vectors Risk,337.3,6,10.402878828830985
2021-06-05,28.900000000000002,89.0,9.7,Andheri,19.1136,72.8697,2,Waterlogging Vectors Risk,345.0,6,22.749672025087698
2021-06-06,29.2,87.0,11.7,Andheri,19.1136,72.8697,2,Waterlogging Vectors Risk,347.7,6,11.083733538318814
2021-06-07,29.0,90.0,12.5,Andheri,19.1136,72.8697,2,Waterlogging Vectors Risk,158.3,6,13.389692418971622
2021-06-08,28.2,94.0,27.1,Andheri,19.1136,72.8697,2,Waterlogging Vectors Risk,160.8,6,19.067586086848348
2021-06-09,28.0,93.0,26.0,Andheri,19.1136,72.8697,2,Waterlogging Vectors Risk,169.6,6,8.845678417830225
2021-06-10,27.8,92.0,26.0,Andheri,19.1136,72.8697,2,Waterlogging Vectors Risk,192.6,6,16.137299673020646
2021-06-11,28.0,92.0,21.6,Andheri,19.1136,72.8697,2,Waterlogging Vectors Risk,211.9,6,21.53571377141214
2021-06-12,28.400000000000002,93.0,17.7,Andheri,19.1136,72.8697,2,Waterlogging Vectors Risk,226.39999999999998,6,6.962583827193862
2021-06-13,28.7,92.0,11.6,Andheri,19.1136,72.8697,2,Waterlogging Vectors Risk,234.4,6,15.923169292661521
2021-06-14,28.8,93.0,7.2,Andheri,19.1136,72.8697,2,Waterlogging Vectors Risk,237.8,6,16.299413971242117
2021-06-15,28.0,92.0,11.2,Andheri,19.1136,72.8697,2,Waterlogging Vectors Risk,245.29999999999998,6,18.90911435888655
2021-06-16,27.0,94.0,15.7,Andheri,19.1136,72.8697,2,Waterlogging Vectors Risk,259.0,6,8.81524644560959
2021-06-17,27.1,93.0,20.5,Andheri,19.1136,72.8697,2,Waterlogging Vectors Risk,272.7,6,8.397716934578618
2021-06-18,27.1,93.0,17.9,Andheri,19.1136,72.8697,2,Waterlogging Vectors Risk,285.0,6,17.60970782808449
2021-06-19,26.7,93.0,20.5,Andheri,19.1136,72.8697,2,Waterlogging Vectors Risk,300.7,6,16.48492336616593
2021-06-20,28.7,91.0,12.3,Andheri,19.1136,72.8697,2,Waterlogging Vectors Risk,307.70000000000005,6,16.252464251729382
2021-06-21,28.900000000000002,88.0,7.6,Andheri,19.1136,72.8697,2,Waterlogging Vectors Risk,309.8,6,16.732241047484877
2021-06-22,28.400000000000002,89.0,7.9,Andheri,19.1136,72.8697,2,Waterlogging Vectors Risk,308.3,6,11.599876392107547
2021-06-23,27.900000000000002,92.0,7.6,Andheri,19.1136,72.8697,2,Waterlogging Vectors Risk,302.8,6,16.161268485805017
2021-06-24,27.3,93.0,10.7,Andheri,19.1136,72.8697,2,Waterlogging Vectors Risk,310.2,6,16.465362366493405
2021-06-25,26.5,95.0,38.7,Andheri,19.1136,72.8697,2,Waterlogging Vectors Risk,341.70000000000005,6,11.42824290986816
2021-06-26,29.2,85.0,5.5,Andheri,19.1136,72.8697,2,Waterlogging Vectors Risk,337.5,6,24.328872555723784
2021-06-27,28.3,88.0,11.3,Andheri,19.1136,72.8697,2,Waterlogging Vectors Risk,337.09999999999997,6,17.36916460455894
2021-06-28,27.2,93.0,21.2,Andheri,19.1136,72.8697,2,Waterlogging Vectors Risk,345.8,6,9.043482513986756
2021-06-29,29.0,91.0,5.0,Andheri,19.1136,72.8697,2,Waterlogging Vectors Risk,323.70000000000005,6,18.28276804316915
2021-06-30,28.7,92.0,6.8,Andheri,19.1136,72.8697,2,Waterlogging Vectors Risk,304.5,6,10.126591648863393
2021-07-01,29.6,83.0,4.9,Andheri,19.1136,72.8697,2,Waterlogging Vectors Risk,283.40000000000003,7,18.93542301871226
2021-07-02,29.7,84.0,3.8,Andheri,19.1136,72.8697,2,Waterlogging Vectors Risk,265.6,7,20.79297789503702
2021-07-03,29.3,88.0,3.8,Andheri,19.1136,72.8697,2,Waterlogging Vectors Risk,251.70000000000002,7,10.896588408241447
2021-07-04,28.900000000000002,89.0,4.3,Andheri,19.1136,72.8697,2,Waterlogging Vectors Risk,244.39999999999998,7,19.81688064622161
2021-07-05,28.900000000000002,90.0,3.2,Andheri,19.1136,72.8697,2,Waterlogging Vectors Risk,240.4,7,17.06390463468249
2021-07-06,29.400000000000002,89.0,3.0,Andheri,19.1136,72.8697,2,Waterlogging Vectors Risk,232.20000000000002,7,19.11030079997245
2021-07-07,29.400000000000002,87.0,4.2,Andheri,19.1136,72.8697,2,Waterlogging Vectors Risk,220.7,7,24.483964913269737
2021-07-08,28.900000000000002,91.0,10.9,Andheri,19.1136,72.8697,2,Waterlogging Vectors Risk,211.1,7,13.773059419985648
2021-07-09,28.900000000000002,89.0,6.1,Andheri,19.1136,72.8697,2,Waterlogging Vectors Risk,199.29999999999998,7,11.231319178212551
2021-07-10,26.6,95.0,87.5,Andheri,19.1136,72.8697,2,Waterlogging Vectors Risk,266.3,7,10.552427851872384
2021-07-11,28.6,91.0,15.7,Andheri,19.1136,72.8697,2,Waterlogging Vectors Risk,269.7,7,10.920948575172808
2021-07-12,28.1,94.0,43.0,Andheri,19.1136,72.8697,2,Waterlogging Vectors Risk,305.09999999999997,7,14.61449145292948
2021-07-13,27.900000000000002,94.0,36.6,Andheri,19.1136,72.8697,2,Waterlogging Vectors Risk,333.8,7,16.70575987408322
2021-07-14,27.1,94.0,36.9,Andheri,19.1136,72.8697,2,Waterlogging Vectors Risk,363.09999999999997,7,16.383453996650097
2021-07-15,27.8,91.0,24.4,Andheri,19.1136,72.8697,2,Waterlogging Vectors Risk,376.8,7,19.13591624518012
2021-07-16,28.2,94.0,33.8,Andheri,19.1136,72.8697,2,Waterlogging Vectors Risk,371.9,7,15.065009459389534
2021-07-17,27.400000000000002,93.0,42.6,Andheri,19.1136,72.8697,2,Waterlogging Vectors Risk,409.0,7,22.267670385786584
2021-07-18,28.0,93.0,34.9,Andheri,19.1136,72.8697,2,Waterlogging Vectors Risk,432.59999999999997,7,13.67671583381022
2021-07-19,27.2,95.0,57.2,Andheri,19.1136,72.8697,2,Waterlogging Vectors Risk,468.6,7,28.600845832948096
2021-07-20,27.3,94.0,31.1,Andheri,19.1136,72.8697,2,Waterlogging Vectors Risk,494.7,7,18.12833673882503
2021-07-21,27.0,93.0,38.7,Andheri,19.1136,72.8697,2,Waterlogging Vectors Risk,526.6,7,10.714212217918586
2021-07-22,27.0,91.0,20.5,Andheri,19.1136,72.8697,2,Waterlogging Vectors Risk,542.2,7,9.645537509694439
2021-07-23,26.6,93.0,30.2,Andheri,19.1136,72.8697,2,Waterlogging Vectors Risk,568.5999999999999,7,17.412362076215928
2021-07-24,27.6,91.0,15.1,Andheri,19.1136,72.8697,2,Waterlogging Vectors Risk,579.9,7,13.882686073370746
2021-07-25,28.1,93.0,17.3,Andheri,19.1136,72.8697,2,Waterlogging Vectors Risk,592.9000000000001,7,18.57000247046046
2021-07-26,28.3,91.0,14.5,Andheri,19.1136,72.8697,2,Waterlogging Vectors Risk,604.2,7,17.366188122867726
2021-07-27,27.8,89.0,10.4,Andheri,19.1136,72.8697,2,Waterlogging Vectors Risk,611.6,7,14.635855436715635
2021-07-28,28.1,86.0,14.4,Andheri,19.1136,72.8697,2,Waterlogging Vectors Risk,621.8,7,10.766031409657975
2021-07-29,28.6,87.0,13.3,Andheri,19.1136,72.8697,2,Waterlogging Vectors Risk,624.1999999999999,7,7.425763876570677
2021-07-30,27.900000000000002,86.0,10.4,Andheri,19.1136,72.8697,2,Waterlogging Vectors Risk,628.5,7,12.767425239664895
2021-07-31,28.400000000000002,85.0,4.7,Andheri,19.1136,72.8697,2,Waterlogging Vectors Risk,545.6999999999999,7,19.28199397161736
2021-08-01,28.0,84.0,5.1,Andheri,19.1136,72.8697,2,Waterlogging Vectors Risk,535.1,8,16.07046872065102
2021-08-02,27.8,87.0,6.7,Andheri,19.1136,72.8697,2,Waterlogging Vectors Risk,498.8,8,8.77130610644006
2021-08-03,27.0,92.0,11.8,Andheri,19.1136,72.8697,2,Waterlogging Vectors Risk,474.0,8,15.86590462925591
2021-08-04,27.2,90.0,7.6,Andheri,19.1136,72.8697,2,Waterlogging Vectors Risk,444.70000000000005,8,16.926586898644185
2021-08-05,28.2,89.0,7.9,Andheri,19.1136,72.8697,2,Waterlogging Vectors Risk,428.2,8,10.580712818994336
2021-08-06,27.900000000000002,89.0,5.9,Andheri,19.1136,72.8697,2,Waterlogging Vectors Risk,400.3,8,15.76862552972764
2021-08-07,27.900000000000002,91.0,6.0,Andheri,19.1136,72.8697,2,Waterlogging Vectors Risk,363.7,8,15.29104359223
2021-08-08,27.7,93.0,5.0,Andheri,19.1136,72.8697,2,Waterlogging Vectors Risk,333.8,8,9.285148510846884
2021-08-09,27.900000000000002,90.0,6.2,Andheri,19.1136,72.8697,2,Waterlogging Vectors Risk,282.8,8,16.788936801741418
2021-08-10,27.6,91.0,6.2,Andheri,19.1136,72.8697,2,Waterlogging Vectors Risk,257.90000000000003,8,17.80392263184117
2021-08-11,27.8,90.0,7.5,Andheri,19.1136,72.8697,2,Waterlogging Vectors Risk,226.70000000000002,8,20.415256215876383
2021-08-12,27.8,89.0,5.9,Andheri,19.1136,72.8697,2,Waterlogging Vectors Risk,212.1,8,20.269010260174515
2021-08-13,27.7,89.0,5.7,Andheri,19.1136,72.8697,2,Waterlogging Vectors Risk,187.60000000000002,8,8.111653160214544
2021-08-14,26.8,92.0,11.1,Andheri,19.1136,72.8697,2,Waterlogging Vectors Risk,183.6,8,10.310874800424386
2021-08-15,26.900000000000002,93.0,8.7,Andheri,19.1136,72.8697,2,Waterlogging Vectors Risk,175.0,8,17.5751763360433
2021-08-16,27.400000000000002,92.0,5.9,Andheri,19.1136,72.8697,2,Waterlogging Vectors Risk,166.4,8,17.568929754561044
2021-08-17,26.400000000000002,94.0,15.7,Andheri,19.1136,72.8697,2,Waterlogging Vectors Risk,171.70000000000002,8,17.575238431530238
2021-08-18,26.1,96.0,23.8,Andheri,19.1136,72.8697,2,Waterlogging Vectors Risk,181.1,8,34.26365745327361
2021-08-19,25.5,96.0,35.4,Andheri,19.1136,72.8697,2,Waterlogging Vectors Risk,203.20000000000002,8,17.854452553465833
2021-08-20,26.900000000000002,91.0,28.8,Andheri,19.1136,72.8697,2,Waterlogging Vectors Risk,221.60000000000002,8,20.677828200902994
2021-08-21,25.6,95.0,73.7,Andheri,19.1136,72.8697,2,Waterlogging Vectors Risk,290.6,8,19.770008817466014
2021-08-22,27.2,92.0,5.1,Andheri,19.1136,72.8697,2,Waterlogging Vectors Risk,290.6,8,18.25695625652899
2021-08-23,28.3,91.0,4.3,Andheri,19.1136,72.8697,2,Waterlogging Vectors Risk,288.2,8,13.423653776798272
2021-08-24,28.2,93.0,3.4,Andheri,19.1136,72.8697,2,Waterlogging Vectors Risk,279.8,8,18.794846102466337
2021-08-25,27.7,91.0,3.6,Andheri,19.1136,72.8697,2,Waterlogging Vectors Risk,275.8,8,11.13587392731214
2021-08-26,27.6,90.0,5.4,Andheri,19.1136,72.8697,2,Waterlogging Vectors Risk,273.3,8,13.815906966299956
2021-08-27,27.8,92.0,4.1,Andheri,19.1136,72.8697,2,Waterlogging Vectors Risk,271.5,8,12.573182260854482
2021-08-28,27.6,90.0,2.6,Andheri,19.1136,72.8697,2,Waterlogging Vectors Risk,268.09999999999997,8,15.409370696931612
2021-08-29,28.0,90.0,3.4,Andheri,19.1136,72.8697,2,Waterlogging Vectors Risk,266.5,8,26.573292833367542
2021-08-30,26.900000000000002,91.0,8.0,Andheri,19.1136,72.8697,2,Waterlogging Vectors Risk,268.3,8,5.663674037041259
2021-08-31,26.400000000000002,94.0,51.1,Andheri,19.1136,72.8697,2,Waterlogging Vectors Risk,313.20000000000005,8,18.43130095187257
2021-09-01,27.2,94.0,19.2,Andheri,19.1136,72.8697,2,Waterlogging Vectors Risk,324.90000000000003,9,6.936420644051742
2021-09-02,27.7,92.0,9.1,Andheri,19.1136,72.8697,2,Waterlogging Vectors Risk,328.09999999999997,9,12.640340671052833
2021-09-03,27.0,94.0,15.7,Andheri,19.1136,72.8697,2,Waterlogging Vectors Risk,338.09999999999997,9,20.444752984836832
2021-09-04,27.6,94.0,18.6,Andheri,19.1136,72.8697,2,Waterlogging Vectors Risk,345.6,9,15.321400095477314
2021-09-05,27.0,94.0,12.1,Andheri,19.1136,72.8697,2,Waterlogging Vectors Risk,349.0,9,9.611276110353469
2021-09-06,27.7,92.0,9.9,Andheri,19.1136,72.8697,2,Waterlogging Vectors Risk,353.0,9,11.423481453700159
2021-09-07,26.900000000000002,95.0,34.0,Andheri,19.1136,72.8697,2,Waterlogging Vectors Risk,371.3,9,18.39798874467338
2021-09-08,27.400000000000002,93.0,148.8,Andheri,19.1136,72.8697,2,Waterlogging Vectors Risk,496.3,9,11.348166841414317
2021-09-09,28.2,91.0,8.9,Andheri,19.1136,72.8697,2,Waterlogging Vectors Risk,469.79999999999995,9,16.082292947909874
2021-09-10,27.6,92.0,11.9,Andheri,19.1136,72.8697,2,Waterlogging Vectors Risk,452.90000000000003,9,15.227859199519068
2021-09-11,27.3,95.0,55.6,Andheri,19.1136,72.8697,2,Waterlogging Vectors Risk,434.80000000000007,9,11.741998261970915
2021-09-12,27.3,94.0,47.3,Andheri,19.1136,72.8697,2,Waterlogging Vectors Risk,477.0,9,25.719720446626628
2021-09-13,26.7,93.0,29.4,Andheri,19.1136,72.8697,2,Waterlogging Vectors Risk,502.1,9,18.169595111590056
2021-09-14,28.2,88.0,8.0,Andheri,19.1136,72.8697,2,Waterlogging Vectors Risk,506.70000000000005,9,5.0
2021-09-15,27.400000000000002,90.0,8.0,Andheri,19.1136,72.8697,2,Waterlogging Vectors Risk,511.1,9,15.932271573847139
2021-09-16,28.3,88.0,6.4,Andheri,19.1136,72.8697,2,Waterlogging Vectors Risk,512.1,9,11.69106767615806
2021-09-17,28.2,87.0,5.3,Andheri,19.1136,72.8697,2,Waterlogging Vectors Risk,513.3,9,19.26216667398112
2021-09-18,27.1,92.0,5.3,Andheri,19.1136,72.8697,2,Waterlogging Vectors Risk,516.0,9,11.037396307836497
2021-09-19,26.900000000000002,94.0,8.4,Andheri,19.1136,72.8697,2,Waterlogging Vectors Risk,521.0000000000001,9,14.426317792665506
2021-09-20,27.3,93.0,12.2,Andheri,19.1136,72.8697,2,Waterlogging Vectors Risk,525.2,9,17.524936394902287
2021-09-21,27.0,94.0,19.8,Andheri,19.1136,72.8697,2,Waterlogging Vectors Risk,493.90000000000003,9,19.328775970850607
2021-09-22,26.6,95.0,21.7,Andheri,19.1136,72.8697,2,Waterlogging Vectors Risk,496.4,9,8.998517964721119
2021-09-23,27.0,94.0,8.6,Andheri,19.1136,72.8697,2,Waterlogging Vectors Risk,495.90000000000003,9,13.327493820795258
2021-09-24,28.3,90.0,4.0,Andheri,19.1136,72.8697,2,Waterlogging Vectors Risk,484.20000000000005,9,12.62527344419522
2021-09-25,27.900000000000002,90.0,4.2,Andheri,19.1136,72.8697,2,Waterlogging Vectors Risk,469.8,9,11.73335383713144
2021-09-26,27.900000000000002,88.0,4.8,Andheri,19.1136,72.8697,2,Waterlogging Vectors Risk,462.5,9,23.827271201405484
2021-09-27,26.400000000000002,92.0,7.2,Andheri,19.1136,72.8697,2,Waterlogging Vectors Risk,459.8,9,17.024908554804778
2021-09-28,26.3,94.0,16.3,Andheri,19.1136,72.8697,2,Waterlogging Vectors Risk,442.1,9,8.695580228324774
2021-09-29,27.6,92.0,32.7,Andheri,19.1136,72.8697,2,Waterlogging Vectors Risk,326.0,9,19.58930973527388
2021-09-30,27.6,92.0,6.4,Andheri,19.1136,72.8697,2,Waterlogging Vectors Risk,323.5,9,25.610780985063165
2021-10-01,28.8,92.0,2.2,Andheri,19.1136,72.8697,2,Waterlogging Vectors Risk,313.8,10,55.29565963608906
2021-10-02,28.5,92.0,2.8,Andheri,19.1136,72.8697,2,Waterlogging Vectors Risk,261.0,10,44.23648350356327
2021-10-03,30.2,92.0,2.2,Andheri,19.1136,72.8697,2,Waterlogging Vectors Risk,215.9,10,39.77882963566874
2021-10-04,30.3,91.0,2.0,Andheri,19.1136,72.8697,2,Waterlogging Vectors Risk,188.5,10,47.96788907926644
2021-10-05,30.6,91.0,2.9,Andheri,19.1136,72.8697,2,Waterlogging Vectors Risk,183.4,10,36.39498600523942
2021-10-06,31.1,91.0,9.4,Andheri,19.1136,72.8697,2,Waterlogging Vectors Risk,184.8,10,39.31909714073114
2021-10-07,31.7,90.0,4.4,Andheri,19.1136,72.8697,2,Waterlogging Vectors Risk,182.8,10,37.573170267146686
2021-10-08,29.0,91.0,8.8,Andheri,19.1136,72.8697,2,Waterlogging Vectors Risk,186.29999999999998,10,44.36534764210958
2021-10-09,28.3,92.0,7.2,Andheri,19.1136,72.8697,2,Waterlogging Vectors Risk,188.20000000000002,10,52.66903988635766
2021-10-10,28.900000000000002,90.0,8.2,Andheri,19.1136,72.8697,2,Waterlogging Vectors Risk,188.0,10,33.36032996632129
2021-10-11,29.0,92.0,16.6,Andheri,19.1136,72.8697,2,Waterlogging Vectors Risk,192.4,10,43.87806179332855
2021-10-12,29.900000000000002,91.0,2.7,Andheri,19.1136,72.8697,2,Waterlogging Vectors Risk,175.3,10,42.63715924303419
2021-10-13,30.7,88.0,3.6,Andheri,19.1136,72.8697,2,Waterlogging Vectors Risk,157.20000000000002,10,33.127750756842424
2021-10-14,31.7,83.0,2.7,Andheri,19.1136,72.8697,2,Waterlogging Vectors Risk,151.29999999999998,10,41.86205651965818
2021-10-15,32.699999999999996,72.0,2.0,Andheri,19.1136,72.8697,2,Waterlogging Vectors Risk,149.29999999999998,10,20.882626443530196
2021-10-16,31.3,73.0,2.0,Andheri,19.1136,72.8697,2,Waterlogging Vectors Risk,147.1,10,33.766444233181744
2021-10-17,30.3,76.0,2.0,Andheri,19.1136,72.8697,2,Waterlogging Vectors Risk,144.29999999999998,10,42.287036219763785
2021-10-18,29.8,83.0,3.1,Andheri,19.1136,72.8697,2,Waterlogging Vectors Risk,140.2,10,51.67303311199724
2021-10-19,29.0,85.0,2.5,Andheri,19.1136,72.8697,2,Waterlogging Vectors Risk,126.4,10,41.8206892441028
2021-10-20,29.400000000000002,87.0,2.0,Andheri,19.1136,72.8697,2,Waterlogging Vectors Risk,95.7,10,52.549152094108116
2021-10-21,31.0,83.0,2.0,Andheri,19.1136,72.8697,2,Waterlogging Vectors Risk,91.3,10,37.7178319717646
2021-10-22,31.900000000000002,76.0,2.0,Andheri,19.1136,72.8697,2,Waterlogging Vectors Risk,91.10000000000001,10,27.6591234114269
2021-10-23,30.8,80.0,2.0,Andheri,19.1136,72.8697,2,Waterlogging Vectors Risk,90.3,10,41.11051737131635
2021-10-24,29.3,83.0,2.0,Andheri,19.1136,72.8697,2,Waterlogging Vectors Risk,90.10000000000001,10,48.29529847786735
2021-10-25,30.1,83.0,2.0,Andheri,19.1136,72.8697,2,Waterlogging Vectors Risk,90.10000000000001,10,39.765582280872685
2021-10-26,31.8,77.0,2.0,Andheri,19.1136,72.8697,2,Waterlogging Vectors Risk,89.2,10,33.48234375828342
2021-10-27,32.9,67.0,2.0,Andheri,19.1136,72.8697,2,Waterlogging Vectors Risk,81.8,10,24.973432015691206
2021-10-28,33.4,61.0,2.0,Andheri,19.1136,72.8697,2,Waterlogging Vectors Risk,79.4,10,24.634253392922915
2021-10-29,33.099999999999994,49.0,2.0,Andheri,19.1136,72.8697,2,Waterlogging Vectors Risk,72.6,10,29.077320039271935
2021-10-30,32.8,49.0,2.0,Andheri,19.1136,72.8697,2,Waterlogging Vectors Risk,67.4,10,35.39675074739344
2021-10-31,32.3,56.0,2.0,Andheri,19.1136,72.8697,2,Waterlogging Vectors Risk,61.2,10,24.11092250586577
2021-11-01,31.900000000000002,70.0,2.0,Andheri,19.1136,72.8697,2,Waterlogging Vectors Risk,46.6,11,43.231833539947985
2021-11-02,33.0,70.0,2.0,Andheri,19.1136,72.8697,2,Waterlogging Vectors Risk,45.9,11,16.572894335720825
2021-11-03,33.5,63.0,2.0,Andheri,19.1136,72.8697,2,Waterlogging Vectors Risk,44.300000000000004,11,22.741074524822082
2021-11-04,32.099999999999994,63.0,2.0,Andheri,19.1136,72.8697,2,Waterlogging Vectors Risk,43.6,11,34.37491936575625
2021-11-05,32.0,73.0,3.6,Andheri,19.1136,72.8697,2,Waterlogging Vectors Risk,45.2,11,33.40495933867516
2021-11-06,31.0,83.0,2.1,Andheri,19.1136,72.8697,2,Waterlogging Vectors Risk,45.3,11,34.5531690675637
2021-11-07,29.0,79.0,2.0,Andheri,19.1136,72.8697,2,Waterlogging Vectors Risk,45.3,11,47.95938874821363
2021-11-08,31.400000000000002,72.0,2.0,Andheri,19.1136,72.8697,2,Waterlogging Vectors Risk,44.2,11,32.93499532670583
2021-11-09,32.199999999999996,64.0,2.0,Andheri,19.1136,72.8697,2,Waterlogging Vectors Risk,43.7,11,27.919842881945634
2021-11-10,32.0,59.0,2.0,Andheri,19.1136,72.8697,2,Waterlogging Vectors Risk,43.7,11,36.24801048510513
2021-11-11,32.3,51.0,2.0,Andheri,19.1136,72.8697,2,Waterlogging Vectors Risk,43.7,11,32.085077429825255
2021-11-12,31.8,51.0,2.0,Andheri,19.1136,72.8697,2,Waterlogging Vectors Risk,43.7,11,29.668785357030053
2021-11-13,32.5,60.0,2.0,Andheri,19.1136,72.8697,2,Waterlogging Vectors Risk,43.7,11,33.664666043832916
2021-11-14,32.3,69.0,2.0,Andheri,19.1136,72.8697,2,Waterlogging Vectors Risk,43.7,11,31.836497604383062
2021-11-15,32.3,68.0,2.0,Andheri,19.1136,72.8697,2,Waterlogging Vectors Risk,43.7,11,34.36431059419482
2021-11-16,33.3,71.0,2.0,Andheri,19.1136,72.8697,2,Waterlogging Vectors Risk,43.7,11,27.781477542951407
2021-11-17,32.0,79.0,4.1,Andheri,19.1136,72.8697,2,Waterlogging Vectors Risk,45.8,11,27.855024945389637
2021-11-18,29.8,88.0,4.2,Andheri,19.1136,72.8697,2,Waterlogging Vectors Risk,48.0,11,41.66576146568181
2021-11-19,31.2,88.0,2.7,Andheri,19.1136,72.8697,2,Waterlogging Vectors Risk,48.7,11,40.26980135894965
2021-11-20,32.3,82.0,3.1,Andheri,19.1136,72.8697,2,Waterlogging Vectors Risk,49.8,11,33.35185132716734
2021-11-21,32.599999999999994,84.0,9.9,Andheri,19.1136,72.8697,2,Waterlogging Vectors Risk,57.7,11,28.49549203017929
2021-11-22,28.5,89.0,4.3,Andheri,19.1136,72.8697,2,Waterlogging Vectors Risk,60.0,11,52.419970249877245
2021-11-23,30.3,89.0,2.0,Andheri,19.1136,72.8697,2,Waterlogging Vectors Risk,60.0,11,48.02165781227545
2021-11-24,31.5,84.0,2.0,Andheri,19.1136,72.8697,2,Waterlogging Vectors Risk,60.0,11,31.87547638915418
2021-11-25,32.4,77.0,2.0,Andheri,19.1136,72.8697,2,Waterlogging Vectors Risk,60.0,11,32.46882023918353
2021-11-26,32.3,74.0,2.0,Andheri,19.1136,72.8697,2,Waterlogging Vectors Risk,58.4,11,29.289036737830543
2021-11-27,32.4,75.0,2.0,Andheri,19.1136,72.8697,2,Waterlogging Vectors Risk,58.3,11,28.64492731719724
2021-11-28,32.0,67.0,2.0,Andheri,19.1136,72.8697,2,Waterlogging Vectors Risk,58.3,11,37.49388425993595
2021-11-29,32.3,58.0,2.0,Andheri,19.1136,72.8697,2,Waterlogging Vectors Risk,58.3,11,34.42708174494017
2021-11-30,32.3,61.0,2.0,Andheri,19.1136,72.8697,2,Waterlogging Vectors Risk,58.3,11,34.367548180003205
2021-12-01,24.5,85.0,43.4,Andheri,19.1136,72.8697,2,Waterlogging Vectors Risk,99.69999999999999,12,81.02739403577165
2021-12-02,24.6,92.0,58.7,Andheri,19.1136,72.8697,2,Waterlogging Vectors Risk,156.4,12,74.03835254149712
2021-12-03,26.8,92.0,2.8,Andheri,19.1136,72.8697,2,Waterlogging Vectors Risk,157.2,12,64.87643152314148
2021-12-04,27.400000000000002,91.0,2.1,Andheri,19.1136,72.8697,2,Waterlogging Vectors Risk,157.3,12,56.515332883699365
2021-12-05,26.5,91.0,2.2,Andheri,19.1136,72.8697,2,Waterlogging Vectors Risk,157.5,12,64.78749842910888
2021-12-06,28.8,85.0,2.0,Andheri,19.1136,72.8697,2,Waterlogging Vectors Risk,157.5,12,49.482618061494904
2021-12-07,29.900000000000002,76.0,2.0,Andheri,19.1136,72.8697,2,Waterlogging Vectors Risk,157.5,12,44.38497982496358
2021-12-08,30.8,70.0,2.0,Andheri,19.1136,72.8697,2,Waterlogging Vectors Risk,155.4,12,41.77578512718456
2021-12-09,29.7,71.0,2.0,Andheri,19.1136,72.8697,2,Waterlogging Vectors Risk,153.20000000000002,12,40.942229917165974
2021-12-10,31.0,70.0,2.0,Andheri,19.1136,72.8697,2,Waterlogging Vectors Risk,152.5,12,48.128603045093975
2021-12-11,30.8,74.0,2.0,Andheri,19.1136,72.8697,2,Waterlogging Vectors Risk,151.4,12,33.76991309250149
2021-12-12,31.400000000000002,74.0,2.0,Andheri,19.1136,72.8697,2,Waterlogging Vectors Risk,143.5,12,29.32905693606133
2021-12-13,29.1,74.0,2.0,Andheri,19.1136,72.8697,2,Waterlogging Vectors Risk,141.20000000000002,12,54.223887700833664
2021-12-14,28.3,76.0,2.0,Andheri,19.1136,72.8697,2,Waterlogging Vectors Risk,141.20000000000002,12,56.92498013648134
2021-12-15,27.1,83.0,2.0,Andheri,19.1136,72.8697,2,Waterlogging Vectors Risk,141.20000000000002,12,62.88726575192744
2021-12-16,27.900000000000002,84.0,2.0,Andheri,19.1136,72.8697,2,Waterlogging Vectors Risk,141.20000000000002,12,58.37506087965472
2021-12-17,27.8,79.0,2.0,Andheri,19.1136,72.8697,2,Waterlogging Vectors Risk,141.20000000000002,12,55.73876613576542
2021-12-18,29.2,75.0,2.0,Andheri,19.1136,72.8697,2,Waterlogging Vectors Risk,141.20000000000002,12,43.38039480923751
2021-12-19,29.6,71.0,2.0,Andheri,19.1136,72.8697,2,Waterlogging Vectors Risk,141.20000000000002,12,45.97902279096863
2021-12-20,29.7,73.0,2.0,Andheri,19.1136,72.8697,2,Waterlogging Vectors Risk,141.20000000000002,12,41.64752477577278
2021-12-21,28.400000000000002,76.0,2.0,Andheri,19.1136,72.8697,2,Waterlogging Vectors Risk,141.20000000000002,12,57.275598667088744
2021-12-22,27.8,79.0,2.0,Andheri,19.1136,72.8697,2,Waterlogging Vectors Risk,99.80000000000001,12,55.0647130924893
2021-12-23,27.8,78.0,2.0,Andheri,19.1136,72.8697,2,Waterlogging Vectors Risk,43.1,12,51.67251401603743
2021-12-24,26.0,86.0,2.0,Andheri,19.1136,72.8697,2,Waterlogging Vectors Risk,42.300000000000004,12,64.39307079173503
2021-12-25,26.0,85.0,2.0,Andheri,19.1136,72.8697,2,Waterlogging Vectors Risk,42.2,12,68.06465727137812
2021-12-26,28.0,81.0,2.0,Andheri,19.1136,72.8697,2,Waterlogging Vectors Risk,42.0,12,51.84804390264679
2021-12-27,29.2,76.0,2.0,Andheri,19.1136,72.8697,2,Waterlogging Vectors Risk,42.0,12,43.75556468883451
2021-12-28,27.8,78.0,2.0,Andheri,19.1136,72.8697,2,Waterlogging Vectors Risk,42.0,12,57.01843605745955
2021-12-29,27.3,69.0,2.0,Andheri,19.1136,72.8697,2,Waterlogging Vectors Risk,42.0,12,59.858166188876936
2021-12-30,29.8,69.0,2.0,Andheri,19.1136,72.8697,2,Waterlogging Vectors Risk,42.0,12,41.93195078981101
2021-12-31,31.2,69.0,2.0,Andheri,19.1136,72.8697,2,Waterlogging Vectors Risk,42.0,12,34.17814180524172
2022-01-01,31.1,67.0,2.0,Andheri,19.1136,72.8697,2,Waterlogging Vectors Risk,42.0,1,38.26024968678818
2022-01-02,30.400000000000002,68.0,2.0,Andheri,19.1136,72.8697,2,Waterlogging Vectors Risk,42.0,1,33.82624495918004
2022-01-03,30.7,71.0,2.0,Andheri,19.1136,72.8697,2,Waterlogging Vectors Risk,42.0,1,32.3293477947839
2022-01-04,31.0,76.0,2.0,Andheri,19.1136,72.8697,2,Waterlogging Vectors Risk,42.0,1,34.07444556040449
2022-01-05,28.3,83.0,2.0,Andheri,19.1136,72.8697,2,Waterlogging Vectors Risk,42.0,1,51.899430908107426
2022-01-06,27.7,83.0,2.0,Andheri,19.1136,72.8697,2,Waterlogging Vectors Risk,42.0,1,57.9212044946567
2022-01-07,27.2,82.0,2.0,Andheri,19.1136,72.8697,2,Waterlogging Vectors Risk,42.0,1,66.57678108474776
2022-01-08,24.3,88.0,4.3,Andheri,19.1136,72.8697,2,Waterlogging Vectors Risk,44.3,1,79.92163144934342
2022-01-09,25.2,61.0,2.0,Andheri,19.1136,72.8697,2,Waterlogging Vectors Risk,44.3,1,69.7336406835162
2022-01-10,24.0,60.0,2.0,Andheri,19.1136,72.8697,2,Waterlogging Vectors Risk,44.3,1,77.2382522938199
2022-01-11,24.3,75.0,2.0,Andheri,19.1136,72.8697,2,Waterlogging Vectors Risk,44.3,1,70.62068651014428
2022-01-12,24.8,71.0,2.0,Andheri,19.1136,72.8697,2,Waterlogging Vectors Risk,44.3,1,72.70743432003803
2022-01-13,25.7,75.0,2.0,Andheri,19.1136,72.8697,2,Waterlogging Vectors Risk,44.3,1,66.25670680539932
2022-01-14,25.6,79.0,2.0,Andheri,19.1136,72.8697,2,Waterlogging Vectors Risk,44.3,1,69.8802594683571
2022-01-15,28.6,70.0,2.0,Andheri,19.1136,72.8697,2,Waterlogging Vectors Risk,44.3,1,47.130511948905045
2022-01-16,31.2,62.0,2.0,Andheri,19.1136,72.8697,2,Waterlogging Vectors Risk,44.3,1,39.1300659045392
2022-01-17,30.5,68.0,2.0,Andheri,19.1136,72.8697,2,Waterlogging Vectors Risk,44.3,1,48.16369456501289
2022-01-18,28.8,70.0,2.0,Andheri,19.1136,72.8697,2,Waterlogging Vectors Risk,44.3,1,49.589532591049036
2022-01-19,29.0,72.0,2.0,Andheri,19.1136,72.8697,2,Waterlogging Vectors Risk,44.3,1,51.00855861049471
2022-01-20,27.3,73.0,2.0,Andheri,19.1136,72.8697,2,Waterlogging Vectors Risk,44.3,1,62.084053291888885
2022-01-21,26.900000000000002,87.0,2.0,Andheri,19.1136,72.8697,2,Waterlogging Vectors Risk,44.3,1,58.893897640570806
2022-01-22,26.400000000000002,84.0,3.0,Andheri,19.1136,72.8697,2,Waterlogging Vectors Risk,45.3,1,64.8537957423854
2022-01-23,23.1,63.0,2.4,Andheri,19.1136,72.8697,2,Waterlogging Vectors Risk,45.699999999999996,1,82.4962953372423
2022-01-24,24.0,60.0,2.0,Andheri,19.1136,72.8697,2,Waterlogging Vectors Risk,45.699999999999996,1,77.8217138260775
2022-01-25,25.2,59.0,2.0,Andheri,19.1136,72.8697,2,Waterlogging Vectors Risk,45.699999999999996,1,66.668284414056
2022-01-26,27.0,58.0,2.0,Andheri,19.1136,72.8697,2,Waterlogging Vectors Risk,45.699999999999996,1,60.45588420462805
2022-01-27,29.0,56.0,2.0,Andheri,19.1136,72.8697,2,Waterlogging Vectors Risk,45.699999999999996,1,51.48999145622725
2022-01-28,30.400000000000002,48.0,2.0,Andheri,19.1136,72.8697,2,Waterlogging Vectors Risk,45.699999999999996,1,48.322384705641866
2022-01-29,30.8,52.0,2.0,Andheri,19.1136,72.8697,2,Waterlogging Vectors Risk,43.4,1,43.59635413042603
2022-01-30,29.7,59.0,2.0,Andheri,19.1136,72.8697,2,Waterlogging Vectors Risk,43.4,1,55.79924562089112
2022-01-31,29.0,59.0,2.0,Andheri,19.1136,72.8697,2,Waterlogging Vectors Risk,43.4,1,45.16326218555975
2022-02-01,29.2,68.0,2.0,Andheri,19.1136,72.8697,2,Waterlogging Vectors Risk,43.4,2,52.22826985027006
2022-02-02,27.7,81.0,2.0,Andheri,19.1136,72.8697,2,Waterlogging Vectors Risk,43.4,2,57.283376695358434
2022-02-03,26.0,88.0,2.0,Andheri,19.1136,72.8697,2,Waterlogging Vectors Risk,43.4,2,76.94901466608836
2022-02-04,25.8,78.0,2.0,Andheri,19.1136,72.8697,2,Waterlogging Vectors Risk,43.4,2,63.09184190655757
2022-02-05,27.400000000000002,73.0,2.0,Andheri,19.1136,72.8697,2,Waterlogging Vectors Risk,43.4,2,53.86805745576277
2022-02-06,27.3,72.0,2.0,Andheri,19.1136,72.8697,2,Waterlogging Vectors Risk,43.4,2,55.63637010611321
2022-02-07,25.8,84.0,2.0,Andheri,19.1136,72.8697,2,Waterlogging Vectors Risk,43.4,2,56.51385471178429
2022-02-08,25.400000000000002,83.0,2.0,Andheri,19.1136,72.8697,2,Waterlogging Vectors Risk,43.4,2,66.77122489159618
2022-02-09,26.2,82.0,2.0,Andheri,19.1136,72.8697,2,Waterlogging Vectors Risk,43.4,2,61.07100335889818
2022-02-10,30.0,59.0,2.0,Andheri,19.1136,72.8697,2,Waterlogging Vectors Risk,43.4,2,44.08530226571437
2022-02-11,32.0,48.0,2.0,Andheri,19.1136,72.8697,2,Waterlogging Vectors Risk,43.4,2,33.7087798788858
2022-02-12,30.6,53.0,2.0,Andheri,19.1136,72.8697,2,Waterlogging Vectors Risk,42.4,2,49.314187529412756
2022-02-13,30.0,62.0,2.0,Andheri,19.1136,72.8697,2,Waterlogging Vectors Risk,42.0,2,48.08545252426358
2022-02-14,28.8,56.0,2.0,Andheri,19.1136,72.8697,2,Waterlogging Vectors Risk,42.0,2,47.24881505502131
2022-02-15,27.0,68.0,2.0,Andheri,19.1136,72.8697,2,Waterlogging Vectors Risk,42.0,2,55.841259976591545
2022-02-16,26.3,83.0,2.0,Andheri,19.1136,72.8697,2,Waterlogging Vectors Risk,42.0,2,66.75959585753252
2022-02-17,26.7,84.0,2.0,Andheri,19.1136,72.8697,2,Waterlogging Vectors Risk,42.0,2,55.43216729823013
2022-02-18,27.900000000000002,81.0,2.0,Andheri,19.1136,72.8697,2,Waterlogging Vectors Risk,42.0,2,64.39062716260509
2022-02-19,29.400000000000002,78.0,2.0,Andheri,19.1136,72.8697,2,Waterlogging Vectors Risk,42.0,2,52.630533936939756
2022-02-20,30.8,66.0,2.0,Andheri,19.1136,72.8697,2,Waterlogging Vectors Risk,42.0,2,36.45412173947647
2022-02-21,31.0,58.0,2.0,Andheri,19.1136,72.8697,2,Waterlogging Vectors Risk,42.0,2,29.100994021212284
2022-02-22,30.2,68.0,2.0,Andheri,19.1136,72.8697,2,Waterlogging Vectors Risk,42.0,2,48.969361870827065
2022-02-23,29.7,68.0,2.0,Andheri,19.1136,72.8697,2,Waterlogging Vectors Risk,42.0,2,44.46063410707025
2022-02-24,30.0,64.0,2.0,Andheri,19.1136,72.8697,2,Waterlogging Vectors Risk,42.0,2,49.52241489320064
2022-02-25,30.5,59.0,2.0,Andheri,19.1136,72.8697,2,Waterlogging Vectors Risk,42.0,2,32.52786170602816
2022-02-26,30.3,65.0,2.0,Andheri,19.1136,72.8697,2,Waterlogging Vectors Risk,42.0,2,38.636458218564464
2022-02-27,30.900000000000002,57.0,2.0,Andheri,19.1136,72.8697,2,Waterlogging Vectors Risk,42.0,2,38.259551831924234
2022-02-28,32.099999999999994,52.0,2.0,Andheri,19.1136,72.8697,2,Waterlogging Vectors Risk,42.0,2,31.668236302157077
2022-03-01,32.3,54.0,2.0,Andheri,19.1136,72.8697,2,Waterlogging Vectors Risk,42.0,3,12.749672642603782
2022-03-02,34.3,53.0,2.0,Andheri,19.1136,72.8697,2,Waterlogging Vectors Risk,42.0,3,18.114249661737492
2022-03-03,35.099999999999994,46.0,2.0,Andheri,19.1136,72.8697,2,Waterlogging Vectors Risk,42.0,3,9.661897853087028
2022-03-04,34.3,40.0,2.0,Andheri,19.1136,72.8697,2,Waterlogging Vectors Risk,42.0,3,14.288102574893532
2022-03-05,34.0,51.0,2.0,Andheri,19.1136,72.8697,2,Waterlogging Vectors Risk,42.0,3,15.601478158559495
2022-03-06,34.0,54.0,2.0,Andheri,19.1136,72.8697,2,Waterlogging Vectors Risk,42.0,3,17.572194170293745
2022-03-07,32.0,57.0,2.0,Andheri,19.1136,72.8697,2,Waterlogging Vectors Risk,42.0,3,18.55807439044445
2022-03-08,35.8,55.0,2.0,Andheri,19.1136,72.8697,2,Waterlogging Vectors Risk,42.0,3,9.376789540810654
2022-03-09,33.8,57.0,2.1,Andheri,19.1136,72.8697,2,Waterlogging Vectors Risk,42.1,3,7.329429146321889
2022-03-10,33.599999999999994,57.0,2.0,Andheri,19.1136,72.8697,2,Waterlogging Vectors Risk,42.1,3,21.388384109492545
2022-03-11,33.0,54.0,2.0,Andheri,19.1136,72.8697,2,Waterlogging Vectors Risk,42.1,3,16.661570059897958
2022-03-12,36.099999999999994,55.0,2.0,Andheri,19.1136,72.8697,2,Waterlogging Vectors Risk,42.1,3,11.257567317217232
2022-03-13,36.0,50.0,2.0,Andheri,19.1136,72.8697,2,Waterlogging Vectors Risk,42.1,3,22.755759877612615
2022-03-14,35.8,39.0,2.0,Andheri,19.1136,72.8697,2,Waterlogging Vectors Risk,42.1,3,15.578373171464293
2022-03-15,35.8,46.0,2.0,Andheri,19.1136,72.8697,2,Waterlogging Vectors Risk,42.1,3,20.896485920319133
2022-03-16,35.099999999999994,48.0,2.0,Andheri,19.1136,72.8697,2,Waterlogging Vectors Risk,42.1,3,15.337592407050545
2022-03-17,35.3,47.0,2.0,Andheri,19.1136,72.8697,2,Waterlogging Vectors Risk,42.1,3,25.303739624409936
2022-03-18,34.599999999999994,57.0,2.0,Andheri,19.1136,72.8697,2,Waterlogging Vectors Risk,42.1,3,23.77670421221602
2022-03-19,31.8,74.0,2.0,Andheri,19.1136,72.8697,2,Waterlogging Vectors Risk,42.1,3,13.755179257604633
2022-03-20,30.0,82.0,2.0,Andheri,19.1136,72.8697,2,Waterlogging Vectors Risk,42.1,3,19.85785475477178
2022-03-21,30.3,78.0,2.0,Andheri,19.1136,72.8697,2,Waterlogging Vectors Risk,42.1,3,18.226879747925736
2022-03-22,34.0,49.0,2.0,Andheri,19.1136,72.8697,2,Waterlogging Vectors Risk,42.1,3,21.843157787661745
2022-03-23,37.8,34.0,2.0,Andheri,19.1136,72.8697,2,Waterlogging Vectors Risk,42.1,3,10.175382697099478
2022-03-24,33.5,49.0,2.0,Andheri,19.1136,72.8697,2,Waterlogging Vectors Risk,42.1,3,18.430257299992196
2022-03-25,31.8,77.0,2.0,Andheri,19.1136,72.8697,2,Waterlogging Vectors Risk,42.1,3,20.29212243424794
2022-03-26,32.199999999999996,81.0,2.0,Andheri,19.1136,72.8697,2,Waterlogging Vectors Risk,42.1,3,6.206302567884428
2022-03-27,32.099999999999994,80.0,2.0,Andheri,19.1136,72.8697,2,Waterlogging Vectors Risk,42.1,3,9.083707436671125
2022-03-28,32.099999999999994,84.0,2.0,Andheri,19.1136,72.8697,2,Waterlogging Vectors Risk,42.1,3,5.0
2022-03-29,33.3,71.0,2.0,Andheri,19.1136,72.8697,2,Waterlogging Vectors Risk,42.1,3,13.652965827777212
2022-03-30,33.599999999999994,72.0,2.0,Andheri,19.1136,72.8697,2,Waterlogging Vectors Risk,42.0,3,18.58771127897981
2022-03-31,31.7,77.0,2.0,Andheri,19.1136,72.8697,2,Waterlogging Vectors Risk,42.0,3,22.51178526048014
2022-04-01,32.8,79.0,2.0,Andheri,19.1136,72.8697,2,Waterlogging Vectors Risk,42.0,4,15.370473902098876
2022-04-02,30.8,82.0,2.0,Andheri,19.1136,72.8697,2,Waterlogging Vectors Risk,42.0,4,23.143077727856458
2022-04-03,31.3,83.0,2.0,Andheri,19.1136,72.8697,2,Waterlogging Vectors Risk,42.0,4,8.099492708925542
2022-04-04,31.8,84.0,2.0,Andheri,19.1136,72.8697,2,Waterlogging Vectors Risk,42.0,4,6.483087803224226
2022-04-05,32.0,85.0,2.0,Andheri,19.1136,72.8697,2,Waterlogging Vectors Risk,42.0,4,14.722261505516906
2022-04-06,31.8,84.0,2.0,Andheri,19.1136,72.8697,2,Waterlogging Vectors Risk,42.0,4,16.920327244696537
2022-04-07,32.3,83.0,2.0,Andheri,19.1136,72.8697,2,Waterlogging Vectors Risk,42.0,4,14.836526259529535
2022-04-08,33.199999999999996,83.0,2.0,Andheri,19.1136,72.8697,2,Waterlogging Vectors Risk,42.0,4,5.0
2022-04-09,31.8,84.0,2.0,Andheri,19.1136,72.8697,2,Waterlogging Vectors Risk,42.0,4,14.554399802436057
2022-04-10,32.4,77.0,2.0,Andheri,19.1136,72.8697,2,Waterlogging Vectors Risk,42.0,4,8.477652497475734
2022-04-11,32.3,78.0,2.0,Andheri,19.1136,72.8697,2,Waterlogging Vectors Risk,42.0,4,18.348362744150194
2022-04-12,33.4,76.0,2.0,Andheri,19.1136,72.8697,2,Waterlogging Vectors Risk,42.0,4,16.83299123048424
2022-04-13,34.599999999999994,72.0,2.0,Andheri,19.1136,72.8697,2,Waterlogging Vectors Risk,42.0,4,10.300601068363225
2022-04-14,31.8,81.0,2.0,Andheri,19.1136,72.8697,2,Waterlogging Vectors Risk,42.0,4,12.430665413316532
2022-04-15,31.8,78.0,2.0,Andheri,19.1136,72.8697,2,Waterlogging Vectors Risk,42.0,4,9.703932390555241
2022-04-16,31.3,82.0,2.0,Andheri,19.1136,72.8697,2,Waterlogging Vectors Risk,42.0,4,14.68660451363414
2022-04-17,31.8,78.0,2.0,Andheri,19.1136,72.8697,2,Waterlogging Vectors Risk,42.0,4,19.775711602506192
2022-04-18,31.3,80.0,2.0,Andheri,19.1136,72.8697,2,Waterlogging Vectors Risk,42.0,4,10.071369768322281
2022-04-19,32.0,81.0,2.0,Andheri,19.1136,72.8697,2,Waterlogging Vectors Risk,42.0,4,17.520232577589223
2022-04-20,32.699999999999996,79.0,2.0,Andheri,19.1136,72.8697,2,Waterlogging Vectors Risk,42.0,4,12.348711908137796
2022-04-21,38.099999999999994,50.0,2.0,Andheri,19.1136,72.8697,2,Waterlogging Vectors Risk,42.0,4,11.035635838688279
2022-04-22,36.099999999999994,61.0,2.0,Andheri,19.1136,72.8697,2,Waterlogging Vectors Risk,42.0,4,14.46484820022721
2022-04-23,36.8,72.0,2.0,Andheri,19.1136,72.8697,2,Waterlogging Vectors Risk,42.0,4,9.823788387903129
2022-04-24,33.699999999999996,81.0,2.0,Andheri,19.1136,72.8697,2,Waterlogging Vectors Risk,42.0,4,12.231753473264089
2022-04-25,36.3,63.0,2.0,Andheri,19.1136,72.8697,2,Waterlogging Vectors Risk,42.0,4,9.010610537055758
2022-04-26,33.699999999999996,71.0,2.0,Andheri,19.1136,72.8697,2,Waterlogging Vectors Risk,42.0,4,24.823625664581947
2022-04-27,35.199999999999996,64.0,2.0,Andheri,19.1136,72.8697,2,Waterlogging Vectors Risk,42.0,4,15.176317759858643
2022-04-28,36.0,65.0,2.0,Andheri,19.1136,72.8697,2,Waterlogging Vectors Risk,42.0,4,11.501372460037071
2022-04-29,33.099999999999994,80.0,2.0,Andheri,19.1136,72.8697,2,Waterlogging Vectors Risk,42.0,4,16.06989955367111
2022-04-30,32.8,80.0,2.0,Andheri,19.1136,72.8697,2,Waterlogging Vectors Risk,42.0,4,14.438359751545851
2022-05-01,32.8,82.0,2.0,Andheri,19.1136,72.8697,2,Waterlogging Vectors Risk,42.0,5,13.895152002333885
2022-05-02,32.4,79.0,2.0,Andheri,19.1136,72.8697,2,Waterlogging Vectors Risk,42.0,5,18.070833500217127
2022-05-03,32.699999999999996,79.0,2.0,Andheri,19.1136,72.8697,2,Waterlogging Vectors Risk,42.0,5,18.787538550236526
2022-05-04,32.5,79.0,2.0,Andheri,19.1136,72.8697,2,Waterlogging Vectors Risk,42.0,5,12.347494261947363
2022-05-05,32.9,82.0,2.0,Andheri,19.1136,72.8697,2,Waterlogging Vectors Risk,42.0,5,12.1209087967766
2022-05-06,32.599999999999994,80.0,2.1,Andheri,19.1136,72.8697,2,Waterlogging Vectors Risk,42.1,5,13.62474151424178
2022-05-07,32.8,82.0,2.0,Andheri,19.1136,72.8697,2,Waterlogging Vectors Risk,42.1,5,5.0
2022-05-08,33.0,83.0,2.0,Andheri,19.1136,72.8697,2,Waterlogging Vectors Risk,42.1,5,7.424044689007239
2022-05-09,32.4,83.0,2.0,Andheri,19.1136,72.8697,2,Waterlogging Vectors Risk,42.1,5,21.834371337222624
2022-05-10,32.5,78.0,2.0,Andheri,19.1136,72.8697,2,Waterlogging Vectors Risk,42.1,5,23.224838567506417
2022-05-11,32.3,79.0,2.0,Andheri,19.1136,72.8697,2,Waterlogging Vectors Risk,42.1,5,13.754819802218108
2022-05-12,32.4,74.0,2.0,Andheri,19.1136,72.8697,2,Waterlogging Vectors Risk,42.1,5,17.882784815278832
2022-05-13,31.900000000000002,74.0,2.0,Andheri,19.1136,72.8697,2,Waterlogging Vectors Risk,42.1,5,16.556250772717682
2022-05-14,32.099999999999994,74.0,2.0,Andheri,19.1136,72.8697,2,Waterlogging Vectors Risk,42.1,5,30.39440404227619
2022-05-15,32.699999999999996,75.0,2.0,Andheri,19.1136,72.8697,2,Waterlogging Vectors Risk,42.1,5,20.597874557172883
2022-05-16,32.5,77.0,2.0,Andheri,19.1136,72.8697,2,Waterlogging Vectors Risk,42.1,5,14.360412042596167
2022-05-17,32.599999999999994,76.0,2.0,Andheri,19.1136,72.8697,2,Waterlogging Vectors Risk,42.1,5,10.222297796997871
2022-05-18,32.099999999999994,75.0,2.0,Andheri,19.1136,72.8697,2,Waterlogging Vectors Risk,42.1,5,6.967768398712138
2022-05-19,32.0,76.0,2.0,Andheri,19.1136,72.8697,2,Waterlogging Vectors Risk,42.1,5,16.017318179336115
2022-05-20,31.8,71.0,2.1,Andheri,19.1136,72.8697,2,Waterlogging Vectors Risk,42.2,5,11.218246273578483
2022-05-21,32.3,67.0,2.1,Andheri,19.1136,72.8697,2,Waterlogging Vectors Risk,42.300000000000004,5,7.888731452011629
2022-05-22,32.3,69.0,3.0,Andheri,19.1136,72.8697,2,Waterlogging Vectors Risk,43.300000000000004,5,11.767135578787368
2022-05-23,32.599999999999994,72.0,4.7,Andheri,19.1136,72.8697,2,Waterlogging Vectors Risk,46.0,5,9.592259981928025
2022-05-24,32.4,72.0,2.4,Andheri,19.1136,72.8697,2,Waterlogging Vectors Risk,46.4,5,23.435708175362823
2022-05-25,32.199999999999996,73.0,2.6,Andheri,19.1136,72.8697,2,Waterlogging Vectors Risk,47.0,5,19.408198784747253
2022-05-26,32.599999999999994,67.0,2.0,Andheri,19.1136,72.8697,2,Waterlogging Vectors Risk,47.0,5,14.960136793416913
2022-05-27,33.0,64.0,2.0,Andheri,19.1136,72.8697,2,Waterlogging Vectors Risk,46.9,5,22.39972069445013
2022-05-28,32.8,64.0,2.0,Andheri,19.1136,72.8697,2,Waterlogging Vectors Risk,46.9,5,15.386841538238091
2022-05-29,32.9,64.0,2.1,Andheri,19.1136,72.8697,2,Waterlogging Vectors Risk,47.0,5,10.693578993358681
2022-05-30,32.4,67.0,2.1,Andheri,19.1136,72.8697,2,Waterlogging Vectors Risk,47.1,5,22.615620386348287
2022-05-31,32.599999999999994,69.0,2.0,Andheri,19.1136,72.8697,2,Waterlogging Vectors Risk,47.1,5,17.694550218423295
2022-06-01,32.0,70.0,2.0,Andheri,19.1136,72.8697,2,Waterlogging Vectors Risk,47.1,6,9.813769228367718
2022-06-02,32.0,72.0,2.0,Andheri,19.1136,72.8697,2,Waterlogging Vectors Risk,47.1,6,14.048306609581958
2022-06-03,31.6,74.0,2.0,Andheri,19.1136,72.8697,2,Waterlogging Vectors Risk,47.1,6,10.621908733076214
2022-06-04,32.199999999999996,74.0,2.0,Andheri,19.1136,72.8697,2,Waterlogging Vectors Risk,47.1,6,8.08600134517832
2022-06-05,32.099999999999994,75.0,2.0,Andheri,19.1136,72.8697,2,Waterlogging Vectors Risk,47.1,6,19.630887737658206
2022-06-06,31.900000000000002,74.0,2.0,Andheri,19.1136,72.8697,2,Waterlogging Vectors Risk,47.1,6,24.547083202350652
2022-06-07,32.5,76.0,3.0,Andheri,19.1136,72.8697,2,Waterlogging Vectors Risk,48.1,6,8.007162130904295
2022-06-08,31.6,81.0,4.5,Andheri,19.1136,72.8697,2,Waterlogging Vectors Risk,50.6,6,17.814846183452854
2022-06-09,30.8,81.0,9.3,Andheri,19.1136,72.8697,2,Waterlogging Vectors Risk,57.900000000000006,6,11.746787154390866
2022-06-10,30.6,84.0,15.8,Andheri,19.1136,72.8697,2,Waterlogging Vectors Risk,71.6,6,12.56437308117652
2022-06-11,29.6,87.0,27.2,Andheri,19.1136,72.8697,2,Waterlogging Vectors Risk,96.7,6,12.038030378805654
2022-06-12,28.2,88.0,17.9,Andheri,19.1136,72.8697,2,Waterlogging Vectors Risk,111.60000000000001,6,10.68004615160092
2022-06-13,29.400000000000002,86.0,10.0,Andheri,19.1136,72.8697,2,Waterlogging Vectors Risk,116.9,6,15.242608139724135
2022-06-14,30.3,83.0,4.5,Andheri,19.1136,72.8697,2,Waterlogging Vectors Risk,119.0,6,10.84524941794481
2022-06-15,29.8,83.0,8.1,Andheri,19.1136,72.8697,2,Waterlogging Vectors Risk,124.5,6,16.352284128899193
2022-06-16,29.900000000000002,85.0,7.1,Andheri,19.1136,72.8697,2,Waterlogging Vectors Risk,129.6,6,14.748809452754315
2022-06-17,29.6,86.0,5.0,Andheri,19.1136,72.8697,2,Waterlogging Vectors Risk,132.6,6,13.805259765667952
2022-06-18,29.6,84.0,8.6,Andheri,19.1136,72.8697,2,Waterlogging Vectors Risk,139.2,6,10.462181689792011
2022-06-19,28.2,89.0,38.7,Andheri,19.1136,72.8697,2,Waterlogging Vectors Risk,175.8,6,12.116143347158337
2022-06-20,26.5,94.0,56.8,Andheri,19.1136,72.8697,2,Waterlogging Vectors Risk,230.5,6,18.77695612912878
2022-06-21,27.7,92.0,25.0,Andheri,19.1136,72.8697,2,Waterlogging Vectors Risk,253.5,6,17.504585938121902
2022-06-22,29.0,91.0,28.9,Andheri,19.1136,72.8697,2,Waterlogging Vectors Risk,280.40000000000003,6,10.112223776007244
2022-06-23,28.400000000000002,92.0,48.8,Andheri,19.1136,72.8697,2,Waterlogging Vectors Risk,327.2,6,15.496661527146129
2022-06-24,29.7,91.0,19.5,Andheri,19.1136,72.8697,2,Waterlogging Vectors Risk,344.7,6,18.756935616858947
2022-06-25,29.1,90.0,17.6,Andheri,19.1136,72.8697,2,Waterlogging Vectors Risk,360.3,6,6.652973594393142
2022-06-26,27.8,92.0,17.7,Andheri,19.1136,72.8697,2,Waterlogging Vectors Risk,376.0,6,17.716800961899676
2022-06-27,28.1,91.0,33.7,Andheri,19.1136,72.8697,2,Waterlogging Vectors Risk,407.70000000000005,6,11.686881205270767
2022-06-28,27.900000000000002,91.0,12.0,Andheri,19.1136,72.8697,2,Waterlogging Vectors Risk,416.70000000000005,6,17.852993342965796
2022-06-29,28.2,91.0,18.0,Andheri,19.1136,72.8697,2,Waterlogging Vectors Risk,430.20000000000005,6,11.183704217287415
2022-06-30,27.6,93.0,43.6,Andheri,19.1136,72.8697,2,Waterlogging Vectors Risk,464.5,6,5.975589496677404
2022-07-01,26.2,95.0,45.4,Andheri,19.1136,72.8697,2,Waterlogging Vectors Risk,494.1,7,6.862287810584187
2022-07-02,27.3,92.0,25.9,Andheri,19.1136,72.8697,2,Waterlogging Vectors Risk,492.8,7,15.24042473330691
2022-07-03,27.0,92.0,22.5,Andheri,19.1136,72.8697,2,Waterlogging Vectors Risk,497.40000000000003,7,16.29861250860741
2022-07-04,26.8,92.0,30.2,Andheri,19.1136,72.8697,2,Waterlogging Vectors Risk,517.6,7,10.478416874477958
2022-07-05,26.3,94.0,57.5,Andheri,19.1136,72.8697,2,Waterlogging Vectors Risk,570.6,7,18.19296229388687
2022-07-06,26.5,93.0,37.6,Andheri,19.1136,72.8697,2,Waterlogging Vectors Risk,600.1,7,6.6923996886552
2022-07-07,26.8,92.0,39.2,Andheri,19.1136,72.8697,2,Waterlogging Vectors Risk,632.1999999999999,7,14.669601006763417
2022-07-08,28.400000000000002,89.0,27.0,Andheri,19.1136,72.8697,2,Waterlogging Vectors Risk,654.1999999999999,7,8.944919001187717
2022-07-09,26.7,93.0,39.8,Andheri,19.1136,72.8697,2,Waterlogging Vectors Risk,685.4,7,11.740819460989204
2022-07-10,26.0,94.0,54.5,Andheri,19.1136,72.8697,2,Waterlogging Vectors Risk,701.2,7,15.23699335658207
2022-07-11,25.3,95.0,81.9,Andheri,19.1136,72.8697,2,Waterlogging Vectors Risk,726.3,7,10.697933173580239
2022-07-12,25.7,95.0,67.0,Andheri,19.1136,72.8697,2,Waterlogging Vectors Risk,768.3,7,13.077222278850874
2022-07-13,25.7,93.0,70.3,Andheri,19.1136,72.8697,2,Waterlogging Vectors Risk,809.6999999999999,7,20.0314640460722
2022-07-14,25.8,93.0,62.2,Andheri,19.1136,72.8697,2,Waterlogging Vectors Risk,823.1,7,12.115540652384256
2022-07-15,27.8,89.0,27.3,Andheri,19.1136,72.8697,2,Waterlogging Vectors Risk,830.9,7,19.17846056032571
2022-07-16,27.8,89.0,26.8,Andheri,19.1136,72.8697,2,Waterlogging Vectors Risk,840.1,7,9.35146572671191
2022-07-17,28.6,88.0,12.3,Andheri,19.1136,72.8697,2,Waterlogging Vectors Risk,834.6999999999999,7,17.649020889576413
2022-07-18,25.900000000000002,94.0,32.3,Andheri,19.1136,72.8697,2,Waterlogging Vectors Risk,833.3000000000001,7,22.207843103289502
2022-07-19,26.3,93.0,36.3,Andheri,19.1136,72.8697,2,Waterlogging Vectors Risk,857.6,7,5.0
2022-07-20,27.400000000000002,89.0,15.4,Andheri,19.1136,72.8697,2,Waterlogging Vectors Risk,855.0,7,11.015523722647616
2022-07-21,27.7,87.0,8.0,Andheri,19.1136,72.8697,2,Waterlogging Vectors Risk,819.4,7,17.8853606359027
2022-07-22,28.7,86.0,6.8,Andheri,19.1136,72.8697,2,Waterlogging Vectors Risk,780.8000000000001,7,13.984773069785037
2022-07-23,26.7,91.0,30.2,Andheri,19.1136,72.8697,2,Waterlogging Vectors Risk,785.1,7,16.855729366856544
2022-07-24,26.2,92.0,27.8,Andheri,19.1136,72.8697,2,Waterlogging Vectors Risk,790.4000000000001,7,11.980074066420897
2022-07-25,27.8,89.0,12.2,Andheri,19.1136,72.8697,2,Waterlogging Vectors Risk,772.4,7,15.4329489373645
2022-07-26,27.2,90.0,6.1,Andheri,19.1136,72.8697,2,Waterlogging Vectors Risk,721.0,7,14.221613823039602
2022-07-27,28.1,90.0,8.5,Andheri,19.1136,72.8697,2,Waterlogging Vectors Risk,691.9,7,20.838910308299035
2022-07-28,28.6,89.0,4.5,Andheri,19.1136,72.8697,2,Waterlogging Vectors Risk,657.2,7,16.272104216506065
2022-07-29,29.1,89.0,3.1,Andheri,19.1136,72.8697,2,Waterlogging Vectors Risk,633.3000000000001,7,16.68801331037601
2022-07-30,29.0,87.0,2.2,Andheri,19.1136,72.8697,2,Waterlogging Vectors Risk,595.6999999999999,7,12.940615169387662
2022-07-31,28.8,87.0,4.0,Andheri,19.1136,72.8697,2,Waterlogging Vectors Risk,545.1999999999999,7,12.561968879637533
2022-08-01,28.8,86.0,4.1,Andheri,19.1136,72.8697,2,Waterlogging Vectors Risk,467.4,8,12.837209060901895
2022-08-02,28.900000000000002,86.0,4.8,Andheri,19.1136,72.8697,2,Waterlogging Vectors Risk,405.2,8,16.972260711891483
2022-08-03,28.7,88.0,12.3,Andheri,19.1136,72.8697,2,Waterlogging Vectors Risk,347.2,8,12.895077595898686
2022-08-04,28.3,90.0,15.6,Andheri,19.1136,72.8697,2,Waterlogging Vectors Risk,300.6,8,16.448874284482066
2022-08-05,26.900000000000002,93.0,29.2,Andheri,19.1136,72.8697,2,Waterlogging Vectors Risk,302.5,8,25.377003993227195
2022-08-06,27.3,92.0,35.7,Andheri,19.1136,72.8697,2,Waterlogging Vectors Risk,311.4,8,19.355623517158463
2022-08-07,27.400000000000002,93.0,58.5,Andheri,19.1136,72.8697,2,Waterlogging Vectors Risk,357.6,8,13.369882339160794
2022-08-08,27.0,92.0,34.6,Andheri,19.1136,72.8697,2,Waterlogging Vectors Risk,359.90000000000003,8,21.006069610819722
2022-08-09,26.5,92.0,73.3,Andheri,19.1136,72.8697,2,Waterlogging Vectors Risk,396.9,8,12.959623134892244
2022-08-10,27.1,91.0,39.6,Andheri,19.1136,72.8697,2,Waterlogging Vectors Risk,421.1,8,5.0
2022-08-11,27.8,88.0,25.1,Andheri,19.1136,72.8697,2,Waterlogging Vectors Risk,438.20000000000005,8,9.95956844541298
2022-08-12,27.8,87.0,18.1,Andheri,19.1136,72.8697,2,Waterlogging Vectors Risk,449.5,8,5.646040394870722
2022-08-13,28.3,86.0,15.1,Andheri,19.1136,72.8697,2,Waterlogging Vectors Risk,434.40000000000003,8,13.242432579793457
2022-08-14,27.900000000000002,84.0,13.0,Andheri,19.1136,72.8697,2,Waterlogging Vectors Risk,419.6,8,15.092091895947759
2022-08-15,26.6,91.0,31.0,Andheri,19.1136,72.8697,2,Waterlogging Vectors Risk,438.40000000000003,8,23.382186561376415
2022-08-16,25.900000000000002,92.0,66.1,Andheri,19.1136,72.8697,2,Waterlogging Vectors Risk,498.4,8,16.634636868820813
2022-08-17,27.2,89.0,21.3,Andheri,19.1136,72.8697,2,Waterlogging Vectors Risk,511.2,8,13.904497355955678
2022-08-18,27.5,87.0,12.5,Andheri,19.1136,72.8697,2,Waterlogging Vectors Risk,519.2,8,19.147027905917447
2022-08-19,27.7,88.0,13.9,Andheri,19.1136,72.8697,2,Waterlogging Vectors Risk,530.0,8,5.0
2022-08-20,27.7,89.0,8.2,Andheri,19.1136,72.8697,2,Waterlogging Vectors Risk,536.0,8,16.178072790542828
2022-08-21,27.5,88.0,7.8,Andheri,19.1136,72.8697,2,Waterlogging Vectors Risk,539.8000000000001,8,18.854325969434832
2022-08-22,26.900000000000002,89.0,11.1,Andheri,19.1136,72.8697,2,Waterlogging Vectors Risk,546.8000000000001,8,7.607068771100792
2022-08-23,27.8,89.0,9.9,Andheri,19.1136,72.8697,2,Waterlogging Vectors Risk,551.9,8,20.718770216034645
2022-08-24,27.7,89.0,9.8,Andheri,19.1136,72.8697,2,Waterlogging Vectors Risk,549.4,8,16.69248203747207
2022-08-25,27.3,90.0,8.1,Andheri,19.1136,72.8697,2,Waterlogging Vectors Risk,541.9,8,12.923560430495993
2022-08-26,27.7,88.0,4.2,Andheri,19.1136,72.8697,2,Waterlogging Vectors Risk,516.9000000000001,8,18.163909330531425
2022-08-27,27.8,86.0,3.8,Andheri,19.1136,72.8697,2,Waterlogging Vectors Risk,485.0,8,26.35346428902198
2022-08-28,27.8,88.0,4.0,Andheri,19.1136,72.8697,2,Waterlogging Vectors Risk,430.5,8,15.909331275292477
2022-08-29,28.400000000000002,88.0,3.2,Andheri,19.1136,72.8697,2,Waterlogging Vectors Risk,399.09999999999997,8,16.24110293150168
2022-08-30,29.2,89.0,2.6,Andheri,19.1136,72.8697,2,Waterlogging Vectors Risk,328.4,8,12.70319550229878
2022-08-31,29.3,91.0,20.7,Andheri,19.1136,72.8697,2,Waterlogging Vectors Risk,309.5,8,10.750778152676041
2022-09-01,28.7,91.0,3.7,Andheri,19.1136,72.8697,2,Waterlogging Vectors Risk,288.09999999999997,9,19.151679082721227
2022-09-02,30.2,90.0,12.0,Andheri,19.1136,72.8697,2,Waterlogging Vectors Risk,282.0,9,10.719580870455664
2022-09-03,29.7,90.0,2.9,Andheri,19.1136,72.8697,2,Waterlogging Vectors Risk,269.8,9,15.357831186096963
2022-09-04,28.3,91.0,11.9,Andheri,19.1136,72.8697,2,Waterlogging Vectors Risk,268.7,9,12.611712766174417
2022-09-05,28.8,86.0,3.8,Andheri,19.1136,72.8697,2,Waterlogging Vectors Risk,241.5,9,17.39489912873196
2022-09-06,28.8,87.0,6.9,Andheri,19.1136,72.8697,2,Waterlogging Vectors Risk,182.3,9,16.66831052643474
2022-09-07,29.900000000000002,91.0,22.1,Andheri,19.1136,72.8697,2,Waterlogging Vectors Risk,183.1,9,20.187699721289498
2022-09-08,28.3,93.0,41.7,Andheri,19.1136,72.8697,2,Waterlogging Vectors Risk,212.3,9,12.449918005726264
2022-09-09,29.400000000000002,91.0,29.0,Andheri,19.1136,72.8697,2,Waterlogging Vectors Risk,227.40000000000003,9,13.650625323533143
2022-09-10,29.3,92.0,15.2,Andheri,19.1136,72.8697,2,Waterlogging Vectors Risk,234.4,9,10.106181421088463
2022-09-11,29.0,91.0,27.5,Andheri,19.1136,72.8697,2,Waterlogging Vectors Risk,254.10000000000002,9,12.778533699619441
2022-09-12,28.3,92.0,23.8,Andheri,19.1136,72.8697,2,Waterlogging Vectors Risk,266.8,9,16.88650246522426
2022-09-13,26.400000000000002,93.0,53.7,Andheri,19.1136,72.8697,2,Waterlogging Vectors Risk,310.6,9,18.78494308322676
2022-09-14,27.3,92.0,83.9,Andheri,19.1136,72.8697,2,Waterlogging Vectors Risk,384.70000000000005,9,10.389173379111874
2022-09-15,27.6,91.0,70.7,Andheri,19.1136,72.8697,2,Waterlogging Vectors Risk,447.3,9,19.3480296005283
2022-09-16,25.900000000000002,94.0,98.6,Andheri,19.1136,72.8697,2,Waterlogging Vectors Risk,541.7,9,21.778189294024756
2022-09-17,27.2,93.0,38.6,Andheri,19.1136,72.8697,2,Waterlogging Vectors Risk,576.5,9,17.067174516118506
2022-09-18,26.3,93.0,63.8,Andheri,19.1136,72.8697,2,Waterlogging Vectors Risk,636.3000000000001,9,24.38397906279033
2022-09-19,27.6,86.0,4.9,Andheri,19.1136,72.8697,2,Waterlogging Vectors Risk,638.0,9,11.131054004482134
2022-09-20,26.0,91.0,17.0,Andheri,19.1136,72.8697,2,Waterlogging Vectors Risk,652.4,9,8.776726483442914
2022-09-21,26.8,91.0,14.3,Andheri,19.1136,72.8697,2,Waterlogging Vectors Risk,646.0,9,6.106398755478606
2022-09-22,25.5,93.0,20.0,Andheri,19.1136,72.8697,2,Waterlogging Vectors Risk,662.3,9,22.480221557445915
2022-09-23,27.8,86.0,6.0,Andheri,19.1136,72.8697,2,Waterlogging Vectors Risk,656.3,9,18.27182828177029
2022-09-24,27.0,90.0,7.2,Andheri,19.1136,72.8697,2,Waterlogging Vectors Risk,660.6,9,14.722076645447725
2022-09-25,27.2,89.0,6.7,Andheri,19.1136,72.8697,2,Waterlogging Vectors Risk,655.4000000000001,9,16.399843131599102
2022-09-26,27.6,88.0,5.0,Andheri,19.1136,72.8697,2,Waterlogging Vectors Risk,656.6,9,9.372554763508116
2022-09-27,27.8,89.0,2.9,Andheri,19.1136,72.8697,2,Waterlogging Vectors Risk,652.6,9,27.22875989808413
2022-09-28,27.8,90.0,4.3,Andheri,19.1136,72.8697,2,Waterlogging Vectors Risk,634.8,9,15.646105909876137
2022-09-29,27.8,92.0,4.0,Andheri,19.1136,72.8697,2,Waterlogging Vectors Risk,597.1,9,15.546973973024464
2022-09-30,28.8,92.0,4.2,Andheri,19.1136,72.8697,2,Waterlogging Vectors Risk,572.3000000000001,9,18.62883311949346
2022-10-01,27.7,92.0,12.3,Andheri,19.1136,72.8697,2,Waterlogging Vectors Risk,569.4,10,58.77171282535024
2022-10-02,28.3,90.0,2.7,Andheri,19.1136,72.8697,2,Waterlogging Vectors Risk,544.6,10,54.08608678806232
2022-10-03,28.400000000000002,90.0,2.6,Andheri,19.1136,72.8697,2,Waterlogging Vectors Risk,523.4000000000001,10,48.447627722773426
2022-10-04,29.2,89.0,2.0,Andheri,19.1136,72.8697,2,Waterlogging Vectors Risk,471.7,10,50.224008452346645
2022-10-05,29.8,91.0,4.4,Andheri,19.1136,72.8697,2,Waterlogging Vectors Risk,392.2,10,53.87678914904183
2022-10-06,29.3,89.0,5.5,Andheri,19.1136,72.8697,2,Waterlogging Vectors Risk,327.0,10,54.027100230774884
2022-10-07,26.8,90.0,29.7,Andheri,19.1136,72.8697,2,Waterlogging Vectors Risk,258.1,10,69.43259979986365
2022-10-08,27.1,90.0,33.9,Andheri,19.1136,72.8697,2,Waterlogging Vectors Risk,253.39999999999998,10,57.210588284510735
2022-10-09,28.7,88.0,3.1,Andheri,19.1136,72.8697,2,Waterlogging Vectors Risk,192.70000000000002,10,45.75197589870711
2022-10-10,29.6,89.0,2.2,Andheri,19.1136,72.8697,2,Waterlogging Vectors Risk,190.0,10,44.971065399501754
2022-10-11,29.7,91.0,13.1,Andheri,19.1136,72.8697,2,Waterlogging Vectors Risk,186.1,10,45.31195789477681
2022-10-12,28.0,92.0,15.8,Andheri,19.1136,72.8697,2,Waterlogging Vectors Risk,187.6,10,60.13762425902141
2022-10-13,29.400000000000002,93.0,4.1,Andheri,19.1136,72.8697,2,Waterlogging Vectors Risk,171.7,10,38.27101018475922
2022-10-14,30.3,90.0,16.5,Andheri,19.1136,72.8697,2,Waterlogging Vectors Risk,182.2,10,49.281084930636396
2022-10-15,31.7,79.0,2.9,Andheri,19.1136,72.8697,2,Waterlogging Vectors Risk,177.9,10,32.909960507105055
2022-10-16,31.8,70.0,2.0,Andheri,19.1136,72.8697,2,Waterlogging Vectors Risk,173.20000000000002,10,30.998927983596225
2022-10-17,29.7,85.0,8.4,Andheri,19.1136,72.8697,2,Waterlogging Vectors Risk,176.60000000000002,10,39.9728114570325
2022-10-18,27.3,92.0,9.4,Andheri,19.1136,72.8697,2,Waterlogging Vectors Risk,183.10000000000002,10,50.35904997400448
2022-10-19,29.3,91.0,6.4,Andheri,19.1136,72.8697,2,Waterlogging Vectors Risk,185.2,10,51.415852919809566
2022-10-20,29.3,91.0,2.7,Andheri,19.1136,72.8697,2,Waterlogging Vectors Risk,183.9,10,47.66658983594202
2022-10-21,30.6,88.0,5.8,Andheri,19.1136,72.8697,2,Waterlogging Vectors Risk,185.5,10,33.48352883462805
2022-10-22,30.2,84.0,3.3,Andheri,19.1136,72.8697,2,Waterlogging Vectors Risk,176.5,10,35.724606139681924
2022-10-23,31.2,70.0,2.0,Andheri,19.1136,72.8697,2,Waterlogging Vectors Risk,175.8,10,34.854409836882695
2022-10-24,30.400000000000002,74.0,2.0,Andheri,19.1136,72.8697,2,Waterlogging Vectors Risk,175.20000000000002,10,49.41177429311362
2022-10-25,29.8,80.0,2.0,Andheri,19.1136,72.8697,2,Waterlogging Vectors Risk,175.20000000000002,10,43.16870990984864
2022-10-26,30.3,77.0,2.0,Andheri,19.1136,72.8697,2,Waterlogging Vectors Risk,172.8,10,34.117618567742795
2022-10-27,30.400000000000002,75.0,2.0,Andheri,19.1136,72.8697,2,Waterlogging Vectors Risk,169.3,10,39.837951346236935
2022-10-28,30.900000000000002,71.0,2.0,Andheri,19.1136,72.8697,2,Waterlogging Vectors Risk,141.6,10,36.86971548459497
2022-10-29,31.6,64.0,2.0,Andheri,19.1136,72.8697,2,Waterlogging Vectors Risk,109.7,10,20.782233451958803
2022-10-30,31.6,62.0,2.0,Andheri,19.1136,72.8697,2,Waterlogging Vectors Risk,108.60000000000001,10,33.9951923340776
2022-10-31,31.6,64.0,2.0,Andheri,19.1136,72.8697,2,Waterlogging Vectors Risk,108.4,10,33.11199401562327
2022-11-01,31.3,61.0,2.0,Andheri,19.1136,72.8697,2,Waterlogging Vectors Risk,97.3,11,39.44769849073376
2022-11-02,31.3,67.0,2.0,Andheri,19.1136,72.8697,2,Waterlogging Vectors Risk,83.5,11,45.211447141393386
2022-11-03,33.0,60.0,2.0,Andheri,19.1136,72.8697,2,Waterlogging Vectors Risk,81.4,11,31.96615848107212
2022-11-04,33.199999999999996,59.0,2.0,Andheri,19.1136,72.8697,2,Waterlogging Vectors Risk,66.9,11,23.85555654722587
2022-11-05,33.099999999999994,58.0,2.0,Andheri,19.1136,72.8697,2,Waterlogging Vectors Risk,66.0,11,20.234037122958348
2022-11-06,32.8,62.0,2.0,Andheri,19.1136,72.8697,2,Waterlogging Vectors Risk,66.0,11,40.333465682915985
2022-11-07,31.6,68.0,2.0,Andheri,19.1136,72.8697,2,Waterlogging Vectors Risk,59.6,11,34.5627588367391
2022-11-08,32.0,66.0,2.0,Andheri,19.1136,72.8697,2,Waterlogging Vectors Risk,52.2,11,32.06964645956473
2022-11-09,31.5,64.0,2.0,Andheri,19.1136,72.8697,2,Waterlogging Vectors Risk,47.8,11,34.71270789778331
2022-11-10,32.199999999999996,64.0,2.0,Andheri,19.1136,72.8697,2,Waterlogging Vectors Risk,47.1,11,31.857090470505966
2022-11-11,32.8,58.0,2.0,Andheri,19.1136,72.8697,2,Waterlogging Vectors Risk,43.3,11,26.74486460704697
2022-11-12,32.8,60.0,2.0,Andheri,19.1136,72.8697,2,Waterlogging Vectors Risk,42.0,11,24.5983566322655
2022-11-13,32.599999999999994,60.0,2.0,Andheri,19.1136,72.8697,2,Waterlogging Vectors Risk,42.0,11,25.86570529379807
2022-11-14,32.3,69.0,2.0,Andheri,19.1136,72.8697,2,Waterlogging Vectors Risk,42.0,11,30.136233648920022
2022-11-15,31.3,72.0,2.0,Andheri,19.1136,72.8697,2,Waterlogging Vectors Risk,42.0,11,33.24954281099784
2022-11-16,32.0,66.0,2.0,Andheri,19.1136,72.8697,2,Waterlogging Vectors Risk,42.0,11,28.435771086614178
2022-11-17,32.099999999999994,60.0,2.0,Andheri,19.1136,72.8697,2,Waterlogging Vectors Risk,42.0,11,31.96548447179285
2022-11-18,31.5,51.0,2.0,Andheri,19.1136,72.8697,2,Waterlogging Vectors Risk,42.0,11,33.55844724622905
2022-11-19,31.2,50.0,2.0,Andheri,19.1136,72.8697,2,Waterlogging Vectors Risk,42.0,11,44.05329827624678
2022-11-20,30.0,52.0,2.0,Andheri,19.1136,72.8697,2,Waterlogging Vectors Risk,42.0,11,30.07848429136827
2022-11-21,29.6,54.0,2.0,Andheri,19.1136,72.8697,2,Waterlogging Vectors Risk,42.0,11,51.057534259612304
2022-11-22,30.6,59.0,2.0,Andheri,19.1136,72.8697,2,Waterlogging Vectors Risk,42.0,11,46.16375929582147
2022-11-23,31.2,57.0,2.0,Andheri,19.1136,72.8697,2,Waterlogging Vectors Risk,42.0,11,26.16638217129259
2022-11-24,31.1,62.0,2.0,Andheri,19.1136,72.8697,2,Waterlogging Vectors Risk,42.0,11,35.38656202959825
2022-11-25,31.7,66.0,2.0,Andheri,19.1136,72.8697,2,Waterlogging Vectors Risk,42.0,11,31.842795670021047
2022-11-26,31.900000000000002,70.0,2.0,Andheri,19.1136,72.8697,2,Waterlogging Vectors Risk,42.0,11,25.529108193077548
2022-11-27,30.400000000000002,72.0,2.0,Andheri,19.1136,72.8697,2,Waterlogging Vectors Risk,42.0,11,37.17758322871228
2022-11-28,30.0,71.0,2.0,Andheri,19.1136,72.8697,2,Waterlogging Vectors Risk,42.0,11,37.780454106004186
2022-11-29,29.6,74.0,2.0,Andheri,19.1136,72.8697,2,Waterlogging Vectors Risk,42.0,11,54.36135221711811
2022-11-30,31.900000000000002,69.0,2.0,Andheri,19.1136,72.8697,2,Waterlogging Vectors Risk,42.0,11,37.24505863240396
2022-12-01,32.3,64.0,2.0,Andheri,19.1136,72.8697,2,Waterlogging Vectors Risk,42.0,12,36.657775474970805
2022-12-02,31.8,64.0,2.0,Andheri,19.1136,72.8697,2,Waterlogging Vectors Risk,42.0,12,36.741693653549504
2022-12-03,30.8,65.0,2.0,Andheri,19.1136,72.8697,2,Waterlogging Vectors Risk,42.0,12,33.15474114391385
2022-12-04,32.099999999999994,68.0,2.0,Andheri,19.1136,72.8697,2,Waterlogging Vectors Risk,42.0,12,28.810732001934497
2022-12-05,31.5,72.0,2.0,Andheri,19.1136,72.8697,2,Waterlogging Vectors Risk,42.0,12,37.28020613947292
2022-12-06,32.0,72.0,2.0,Andheri,19.1136,72.8697,2,Waterlogging Vectors Risk,42.0,12,25.889360955540273
2022-12-07,31.8,71.0,2.0,Andheri,19.1136,72.8697,2,Waterlogging Vectors Risk,42.0,12,36.698325484195266
2022-12-08,31.0,67.0,2.0,Andheri,19.1136,72.8697,2,Waterlogging Vectors Risk,42.0,12,36.465039675876
2022-12-09,30.1,54.0,2.0,Andheri,19.1136,72.8697,2,Waterlogging Vectors Risk,42.0,12,40.89256262891867
2022-12-10,31.2,60.0,2.0,Andheri,19.1136,72.8697,2,Waterlogging Vectors Risk,42.0,12,40.088133174350794
2022-12-11,30.7,60.0,2.0,Andheri,19.1136,72.8697,2,Waterlogging Vectors Risk,42.0,12,41.587983224096874
2022-12-12,31.7,66.0,2.0,Andheri,19.1136,72.8697,2,Waterlogging Vectors Risk,42.0,12,31.8951691709046
2022-12-13,32.199999999999996,70.0,2.0,Andheri,19.1136,72.8697,2,Waterlogging Vectors Risk,42.0,12,36.66331568348793
2022-12-14,31.900000000000002,69.0,2.2,Andheri,19.1136,72.8697,2,Waterlogging Vectors Risk,42.2,12,27.16135002866717
2022-12-15,31.400000000000002,74.0,2.0,Andheri,19.1136,72.8697,2,Waterlogging Vectors Risk,42.2,12,38.47967803472131
2022-12-16,33.099999999999994,72.0,2.0,Andheri,19.1136,72.8697,2,Waterlogging Vectors Risk,42.2,12,28.73217295650862
2022-12-17,33.3,71.0,2.0,Andheri,19.1136,72.8697,2,Waterlogging Vectors Risk,42.2,12,23.085601136763394
2022-12-18,33.099999999999994,66.0,2.0,Andheri,19.1136,72.8697,2,Waterlogging Vectors Risk,42.2,12,27.39733177787729
2022-12-19,31.1,62.0,2.0,Andheri,19.1136,72.8697,2,Waterlogging Vectors Risk,42.2,12,30.844432118073478
2022-12-20,30.2,60.0,2.0,Andheri,19.1136,72.8697,2,Waterlogging Vectors Risk,42.2,12,46.820135096034505
2022-12-21,30.8,65.0,2.0,Andheri,19.1136,72.8697,2,Waterlogging Vectors Risk,42.2,12,37.87548931778505
2022-12-22,30.8,70.0,2.0,Andheri,19.1136,72.8697,2,Waterlogging Vectors Risk,42.2,12,36.1863848974048
2022-12-23,29.3,65.0,2.0,Andheri,19.1136,72.8697,2,Waterlogging Vectors Risk,42.2,12,52.54504612918444
2022-12-24,28.6,55.0,2.0,Andheri,19.1136,72.8697,2,Waterlogging Vectors Risk,42.2,12,47.74494821395286
2022-12-25,27.3,69.0,2.0,Andheri,19.1136,72.8697,2,Waterlogging Vectors Risk,42.2,12,51.59102685151553
2022-12-26,27.8,76.0,2.0,Andheri,19.1136,72.8697,2,Waterlogging Vectors Risk,42.2,12,48.01685413238047
2022-12-27,29.400000000000002,72.0,2.0,Andheri,19.1136,72.8697,2,Waterlogging Vectors Risk,42.2,12,49.76338309006152
2022-12-28,30.0,72.0,2.0,Andheri,19.1136,72.8697,2,Waterlogging Vectors Risk,42.2,12,36.931186570851914
2022-12-29,30.400000000000002,71.0,2.0,Andheri,19.1136,72.8697,2,Waterlogging Vectors Risk,42.2,12,49.84063757658848
2022-12-30,30.3,69.0,2.0,Andheri,19.1136,72.8697,2,Waterlogging Vectors Risk,42.2,12,31.223686293914717
2022-12-31,29.2,68.0,2.0,Andheri,19.1136,72.8697,2,Waterlogging Vectors Risk,42.2,12,56.34894850811686
2023-01-01,27.1,70.0,2.0,Andheri,19.1136,72.8697,2,Waterlogging Vectors Risk,42.2,1,60.821754002679754
2023-01-02,28.900000000000002,73.0,2.0,Andheri,19.1136,72.8697,2,Waterlogging Vectors Risk,42.2,1,49.08310110731469
2023-01-03,28.900000000000002,72.0,2.0,Andheri,19.1136,72.8697,2,Waterlogging Vectors Risk,42.2,1,46.8420712326219
2023-01-04,28.400000000000002,74.0,2.0,Andheri,19.1136,72.8697,2,Waterlogging Vectors Risk,42.0,1,54.39568057176034
2023-01-05,29.6,74.0,2.0,Andheri,19.1136,72.8697,2,Waterlogging Vectors Risk,42.0,1,45.41182648787575
2023-01-06,31.400000000000002,68.0,2.0,Andheri,19.1136,72.8697,2,Waterlogging Vectors Risk,42.0,1,40.9165094100826
2023-01-07,31.8,66.0,2.0,Andheri,19.1136,72.8697,2,Waterlogging Vectors Risk,42.0,1,33.70447157664353
2023-01-08,31.2,63.0,2.0,Andheri,19.1136,72.8697,2,Waterlogging Vectors Risk,42.0,1,37.28484214064272
2023-01-09,30.5,55.0,2.0,Andheri,19.1136,72.8697,2,Waterlogging Vectors Risk,42.0,1,38.68193893893072
2023-01-10,30.900000000000002,54.0,2.0,Andheri,19.1136,72.8697,2,Waterlogging Vectors Risk,42.0,1,37.94860521472798
2023-01-11,29.2,63.0,2.0,Andheri,19.1136,72.8697,2,Waterlogging Vectors Risk,42.0,1,49.405675511126965
2023-01-12,27.900000000000002,75.0,2.0,Andheri,19.1136,72.8697,2,Waterlogging Vectors Risk,42.0,1,46.682491370050194
2023-01-13,26.3,79.0,2.0,Andheri,19.1136,72.8697,2,Waterlogging Vectors Risk,42.0,1,57.559072889471416
2023-01-14,25.8,68.0,2.0,Andheri,19.1136,72.8697,2,Waterlogging Vectors Risk,42.0,1,70.8496538034469
2023-01-15,25.6,72.0,2.0,Andheri,19.1136,72.8697,2,Waterlogging Vectors Risk,42.0,1,69.12099385730636
2023-01-16,25.5,79.0,2.0,Andheri,19.1136,72.8697,2,Waterlogging Vectors Risk,42.0,1,67.91341665156995
2023-01-17,26.8,78.0,2.0,Andheri,19.1136,72.8697,2,Waterlogging Vectors Risk,42.0,1,61.558836331993625
2023-01-18,29.0,75.0,2.0,Andheri,19.1136,72.8697,2,Waterlogging Vectors Risk,42.0,1,50.737908526808354
2023-01-19,27.8,75.0,2.0,Andheri,19.1136,72.8697,2,Waterlogging Vectors Risk,42.0,1,53.10120159845318
2023-01-20,27.3,76.0,2.0,Andheri,19.1136,72.8697,2,Waterlogging Vectors Risk,42.0,1,54.74180970632176
2023-01-21,27.0,73.0,2.0,Andheri,19.1136,72.8697,2,Waterlogging Vectors Risk,42.0,1,61.31255960882174
2023-01-22,26.7,64.0,2.0,Andheri,19.1136,72.8697,2,Waterlogging Vectors Risk,42.0,1,57.14146944525818
2023-01-23,25.5,59.0,2.0,Andheri,19.1136,72.8697,2,Waterlogging Vectors Risk,42.0,1,70.8745971119057
2023-01-24,25.3,61.0,2.0,Andheri,19.1136,72.8697,2,Waterlogging Vectors Risk,42.0,1,61.45374864547747
2023-01-25,26.3,58.0,2.0,Andheri,19.1136,72.8697,2,Waterlogging Vectors Risk,42.0,1,69.4457781866282
2023-01-26,27.0,61.0,2.0,Andheri,19.1136,72.8697,2,Waterlogging Vectors Risk,42.0,1,62.69632074539855
2023-01-27,32.3,69.0,2.0,Andheri,19.1136,72.8697,2,Waterlogging Vectors Risk,42.0,1,31.580148671569393
2023-01-28,30.6,78.0,2.0,Andheri,19.1136,72.8697,2,Waterlogging Vectors Risk,42.0,1,44.84678825306089
2023-01-29,25.7,92.0,3.0,Andheri,19.1136,72.8697,2,Waterlogging Vectors Risk,43.0,1,76.0273722223129
2023-01-30,27.8,82.0,2.0,Andheri,19.1136,72.8697,2,Waterlogging Vectors Risk,43.0,1,60.87185032509064
2023-01-31,30.2,68.0,2.0,Andheri,19.1136,72.8697,2,Waterlogging Vectors Risk,43.0,1,32.99562884334178
2023-02-01,33.3,56.0,2.0,Andheri,19.1136,72.8697,2,Waterlogging Vectors Risk,43.0,2,18.23544849965484
2023-02-02,33.699999999999996,55.0,2.0,Andheri,19.1136,72.8697,2,Waterlogging Vectors Risk,43.0,2,19.242573778188298
2023-02-03,32.0,57.0,2.0,Andheri,19.1136,72.8697,2,Waterlogging Vectors Risk,43.0,2,32.130455251054165
2023-02-04,31.400000000000002,59.0,2.0,Andheri,19.1136,72.8697,2,Waterlogging Vectors Risk,43.0,2,37.9882951023456
2023-02-05,30.7,65.0,2.0,Andheri,19.1136,72.8697,2,Waterlogging Vectors Risk,43.0,2,35.737947600899346
2023-02-06,29.2,69.0,2.0,Andheri,19.1136,72.8697,2,Waterlogging Vectors Risk,43.0,2,48.800500489052055
2023-02-07,31.1,64.0,2.0,Andheri,19.1136,72.8697,2,Waterlogging Vectors Risk,43.0,2,33.32308533823338
2023-02-08,30.900000000000002,63.0,2.0,Andheri,19.1136,72.8697,2,Waterlogging Vectors Risk,43.0,2,35.17574431837358
2023-02-09,33.5,56.0,2.0,Andheri,19.1136,72.8697,2,Waterlogging Vectors Risk,43.0,2,16.46669451575889
2023-02-10,31.3,60.0,2.0,Andheri,19.1136,72.8697,2,Waterlogging Vectors Risk,43.0,2,31.350500436112142
2023-02-11,31.5,54.0,2.0,Andheri,19.1136,72.8697,2,Waterlogging Vectors Risk,43.0,2,28.07491030525166
2023-02-12,32.5,49.0,2.0,Andheri,19.1136,72.8697,2,Waterlogging Vectors Risk,43.0,2,24.28730040178
2023-02-13,33.599999999999994,42.0,2.0,Andheri,19.1136,72.8697,2,Waterlogging Vectors Risk,43.0,2,28.201542316372564
2023-02-14,32.8,45.0,2.0,Andheri,19.1136,72.8697,2,Waterlogging Vectors Risk,43.0,2,22.71967222250697
2023-02-15,32.9,48.0,2.0,Andheri,19.1136,72.8697,2,Waterlogging Vectors Risk,43.0,2,40.06191032418696
2023-02-16,34.699999999999996,40.0,2.0,Andheri,19.1136,72.8697,2,Waterlogging Vectors Risk,43.0,2,19.16658950440447
2023-02-17,34.0,40.0,2.0,Andheri,19.1136,72.8697,2,Waterlogging Vectors Risk,43.0,2,21.590847285141038
2023-02-18,34.699999999999996,39.0,2.0,Andheri,19.1136,72.8697,2,Waterlogging Vectors Risk,43.0,2,12.408211099093958
2023-02-19,35.4,46.0,2.0,Andheri,19.1136,72.8697,2,Waterlogging Vectors Risk,42.0,2,16.2348827303783
2023-02-20,30.7,66.0,2.0,Andheri,19.1136,72.8697,2,Waterlogging Vectors Risk,42.0,2,36.488477535477806
2023-02-21,31.8,67.0,2.0,Andheri,19.1136,72.8697,2,Waterlogging Vectors Risk,42.0,2,33.74338240656013
2023-02-22,29.8,71.0,2.0,Andheri,19.1136,72.8697,2,Waterlogging Vectors Risk,42.0,2,57.26708935801064
2023-02-23,32.599999999999994,54.0,2.0,Andheri,19.1136,72.8697,2,Waterlogging Vectors Risk,42.0,2,28.11970050137678
2023-02-24,34.0,47.0,2.0,Andheri,19.1136,72.8697,2,Waterlogging Vectors Risk,42.0,2,26.413033298095048
2023-02-25,33.599999999999994,43.0,2.0,Andheri,19.1136,72.8697,2,Waterlogging Vectors Risk,42.0,2,19.417451207703927
2023-02-26,34.599999999999994,44.0,2.0,Andheri,19.1136,72.8697,2,Waterlogging Vectors Risk,42.0,2,17.091724214181887
2023-02-27,34.599999999999994,45.0,2.0,Andheri,19.1136,72.8697,2,Waterlogging Vectors Risk,42.0,2,26.120669844844247
2023-02-28,33.0,53.0,2.0,Andheri,19.1136,72.8697,2,Waterlogging Vectors Risk,42.0,2,23.198498044394498
2023-03-01,32.5,56.0,2.0,Andheri,19.1136,72.8697,2,Waterlogging Vectors Risk,42.0,3,24.062242789984644
2023-03-02,34.9,50.0,2.0,Andheri,19.1136,72.8697,2,Waterlogging Vectors Risk,42.0,3,18.538759677277376
2023-03-03,33.5,59.0,2.0,Andheri,19.1136,72.8697,2,Waterlogging Vectors Risk,42.0,3,12.187666120528661
2023-03-04,34.0,65.0,2.0,Andheri,19.1136,72.8697,2,Waterlogging Vectors Risk,42.0,3,18.162038695277605
2023-03-05,36.0,59.0,2.0,Andheri,19.1136,72.8697,2,Waterlogging Vectors Risk,42.0,3,19.86277224813365
2023-03-06,36.099999999999994,46.0,2.1,Andheri,19.1136,72.8697,2,Waterlogging Vectors Risk,42.099999999999994,3,18.10904981108598
2023-03-07,35.8,49.0,2.0,Andheri,19.1136,72.8697,2,Waterlogging Vectors Risk,42.099999999999994,3,7.148876400547718
2023-03-08,35.0,52.0,2.0,Andheri,19.1136,72.8697,2,Waterlogging Vectors Risk,42.099999999999994,3,11.364314120875658
2023-03-09,36.3,37.0,2.0,Andheri,19.1136,72.8697,2,Waterlogging Vectors Risk,42.099999999999994,3,13.762406822242475
2023-03-10,35.0,35.0,2.0,Andheri,19.1136,72.8697,2,Waterlogging Vectors Risk,42.099999999999994,3,14.627832854499768
2023-03-11,36.599999999999994,42.0,2.0,Andheri,19.1136,72.8697,2,Waterlogging Vectors Risk,42.099999999999994,3,18.103360487753392
2023-03-12,37.5,43.0,2.0,Andheri,19.1136,72.8697,2,Waterlogging Vectors Risk,42.099999999999994,3,15.88850500466627
2023-03-13,37.099999999999994,53.0,2.0,Andheri,19.1136,72.8697,2,Waterlogging Vectors Risk,42.099999999999994,3,8.323278206449494
2023-03-14,36.3,66.0,2.0,Andheri,19.1136,72.8697,2,Waterlogging Vectors Risk,42.099999999999994,3,16.900989255029817
2023-03-15,34.5,63.0,2.0,Andheri,19.1136,72.8697,2,Waterlogging Vectors Risk,42.099999999999994,3,18.052928726419115
2023-03-16,32.099999999999994,70.0,15.3,Andheri,19.1136,72.8697,2,Waterlogging Vectors Risk,55.4,3,17.7989522396552
2023-03-17,30.400000000000002,79.0,2.7,Andheri,19.1136,72.8697,2,Waterlogging Vectors Risk,56.1,3,20.403903627773108
2023-03-18,30.6,82.0,2.0,Andheri,19.1136,72.8697,2,Waterlogging Vectors Risk,56.099999999999994,3,19.16961077274452
2023-03-19,29.6,77.0,2.0,Andheri,19.1136,72.8697,2,Waterlogging Vectors Risk,56.099999999999994,3,17.295900396142184
2023-03-20,29.3,70.0,2.0,Andheri,19.1136,72.8697,2,Waterlogging Vectors Risk,56.099999999999994,3,14.649171442706765
2023-03-21,28.8,75.0,2.7,Andheri,19.1136,72.8697,2,Waterlogging Vectors Risk,56.8,3,6.6951953324200435
2023-03-22,29.8,75.0,2.0,Andheri,19.1136,72.8697,2,Waterlogging Vectors Risk,56.8,3,17.148091095662927
2023-03-23,29.900000000000002,76.0,2.4,Andheri,19.1136,72.8697,2,Waterlogging Vectors Risk,57.199999999999996,3,16.038438435815557
2023-03-24,30.0,78.0,2.0,Andheri,19.1136,72.8697,2,Waterlogging Vectors Risk,57.2,3,16.357894185976868
2023-03-25,29.5,72.0,2.0,Andheri,19.1136,72.8697,2,Waterlogging Vectors Risk,57.2,3,8.616257120898453
2023-03-26,29.3,72.0,2.0,Andheri,19.1136,72.8697,2,Waterlogging Vectors Risk,57.2,3,9.594717297958688
2023-03-27,29.6,79.0,2.0,Andheri,19.1136,72.8697,2,Waterlogging Vectors Risk,57.1,3,20.26576426666452
2023-03-28,29.7,81.0,2.0,Andheri,19.1136,72.8697,2,Waterlogging Vectors Risk,57.1,3,14.802224230716725
2023-03-29,29.7,82.0,2.0,Andheri,19.1136,72.8697,2,Waterlogging Vectors Risk,57.1,3,18.40750348686312
2023-03-30,29.3,78.0,2.2,Andheri,19.1136,72.8697,2,Waterlogging Vectors Risk,57.300000000000004,3,15.141591880652307
2023-03-31,29.2,78.0,2.4,Andheri,19.1136,72.8697,2,Waterlogging Vectors Risk,57.7,3,15.148780697478726
2023-04-01,29.8,78.0,2.0,Andheri,19.1136,72.8697,2,Waterlogging Vectors Risk,57.7,4,19.691419029879988
2023-04-02,29.8,80.0,2.0,Andheri,19.1136,72.8697,2,Waterlogging Vectors Risk,57.7,4,12.419776358913131
2023-04-03,29.900000000000002,80.0,2.0,Andheri,19.1136,72.8697,2,Waterlogging Vectors Risk,57.7,4,15.480603884704918
2023-04-04,30.6,83.0,2.0,Andheri,19.1136,72.8697,2,Waterlogging Vectors Risk,57.7,4,12.688623556474788
2023-04-05,30.8,85.0,2.0,Andheri,19.1136,72.8697,2,Waterlogging Vectors Risk,57.7,4,12.827518862838422
2023-04-06,32.8,75.0,2.0,Andheri,19.1136,72.8697,2,Waterlogging Vectors Risk,44.4,4,13.454139382656804
2023-04-07,33.9,58.0,2.0,Andheri,19.1136,72.8697,2,Waterlogging Vectors Risk,43.7,4,16.110668858168566
2023-04-08,34.8,59.0,2.0,Andheri,19.1136,72.8697,2,Waterlogging Vectors Risk,43.7,4,12.606256891682612
2023-04-09,35.599999999999994,61.0,2.0,Andheri,19.1136,72.8697,2,Waterlogging Vectors Risk,43.7,4,21.278780627867604
2023-04-10,35.699999999999996,64.0,2.0,Andheri,19.1136,72.8697,2,Waterlogging Vectors Risk,43.7,4,10.526963488902481
2023-04-11,34.699999999999996,65.0,2.0,Andheri,19.1136,72.8697,2,Waterlogging Vectors Risk,43.0,4,14.065641779193205
2023-04-12,35.5,58.0,2.0,Andheri,19.1136,72.8697,2,Waterlogging Vectors Risk,43.0,4,12.801344708629125
2023-04-13,35.0,54.0,2.0,Andheri,19.1136,72.8697,2,Waterlogging Vectors Risk,42.6,4,22.234889421768663
2023-04-14,35.0,63.0,2.0,Andheri,19.1136,72.8697,2,Waterlogging Vectors Risk,42.6,4,15.982773882557874
2023-04-15,35.0,66.0,2.0,Andheri,19.1136,72.8697,2,Waterlogging Vectors Risk,42.6,4,20.159222697343175
2023-04-16,33.8,75.0,2.0,Andheri,19.1136,72.8697,2,Waterlogging Vectors Risk,42.6,4,7.572198134815141
2023-04-17,33.8,75.0,2.0,Andheri,19.1136,72.8697,2,Waterlogging Vectors Risk,42.6,4,16.335251329346296
2023-04-18,37.0,54.0,2.0,Andheri,19.1136,72.8697,2,Waterlogging Vectors Risk,42.6,4,19.448153978117183
2023-04-19,36.3,50.0,2.0,Andheri,19.1136,72.8697,2,Waterlogging Vectors Risk,42.6,4,15.411419946377121
2023-04-20,34.699999999999996,65.0,2.0,Andheri,19.1136,72.8697,2,Waterlogging Vectors Risk,42.4,4,20.327401875326757
2023-04-21,32.099999999999994,76.0,2.0,Andheri,19.1136,72.8697,2,Waterlogging Vectors Risk,42.0,4,12.413557749498139
2023-04-22,31.400000000000002,82.0,2.0,Andheri,19.1136,72.8697,2,Waterlogging Vectors Risk,42.0,4,22.0467372009279
2023-04-23,31.3,79.0,2.0,Andheri,19.1136,72.8697,2,Waterlogging Vectors Risk,42.0,4,26.49449061809625
2023-04-24,32.099999999999994,82.0,2.0,Andheri,19.1136,72.8697,2,Waterlogging Vectors Risk,42.0,4,13.185807197801704
2023-04-25,32.5,82.0,2.0,Andheri,19.1136,72.8697,2,Waterlogging Vectors Risk,42.0,4,12.77248739299614
2023-04-26,31.2,78.0,2.0,Andheri,19.1136,72.8697,2,Waterlogging Vectors Risk,42.0,4,22.266922385588504
2023-04-27,31.7,76.0,2.0,Andheri,19.1136,72.8697,2,Waterlogging Vectors Risk,42.0,4,22.897860728653562
2023-04-28,31.7,77.0,2.0,Andheri,19.1136,72.8697,2,Waterlogging Vectors Risk,42.0,4,12.385699864233658
2023-04-29,31.400000000000002,74.0,2.4,Andheri,19.1136,72.8697,2,Waterlogging Vectors Risk,42.4,4,12.899065914520714
2023-04-30,31.3,75.0,2.5,Andheri,19.1136,72.8697,2,Waterlogging Vectors Risk,42.9,4,13.591076955697464
2023-05-01,31.400000000000002,72.0,4.1,Andheri,19.1136,72.8697,2,Waterlogging Vectors Risk,45.0,5,8.277747444828615
2023-05-02,31.3,71.0,2.7,Andheri,19.1136,72.8697,2,Waterlogging Vectors Risk,45.7,5,10.406740267579009
2023-05-03,31.6,71.0,2.0,Andheri,19.1136,72.8697,2,Waterlogging Vectors Risk,45.7,5,9.97929616623966
2023-05-04,31.400000000000002,77.0,2.5,Andheri,19.1136,72.8697,2,Waterlogging Vectors Risk,46.2,5,11.161012174479357
2023-05-05,32.099999999999994,78.0,2.4,Andheri,19.1136,72.8697,2,Waterlogging Vectors Risk,46.6,5,14.826575563066093
2023-05-06,31.7,80.0,2.1,Andheri,19.1136,72.8697,2,Waterlogging Vectors Risk,46.7,5,16.171073662682602
2023-05-07,29.8,83.0,10.2,Andheri,19.1136,72.8697,2,Waterlogging Vectors Risk,54.9,5,22.752502464070385
2023-05-08,32.0,77.0,2.5,Andheri,19.1136,72.8697,2,Waterlogging Vectors Risk,55.4,5,10.008229796306045
2023-05-09,32.8,78.0,2.0,Andheri,19.1136,72.8697,2,Waterlogging Vectors Risk,55.4,5,19.921611992382918
2023-05-10,33.8,82.0,2.0,Andheri,19.1136,72.8697,2,Waterlogging Vectors Risk,55.4,5,13.930055778872456
2023-05-11,34.3,82.0,2.0,Andheri,19.1136,72.8697,2,Waterlogging Vectors Risk,55.4,5,14.752681451737836
2023-05-12,33.8,83.0,2.0,Andheri,19.1136,72.8697,2,Waterlogging Vectors Risk,55.4,5,18.37409746083302
2023-05-13,33.099999999999994,80.0,2.0,Andheri,19.1136,72.8697,2,Waterlogging Vectors Risk,55.4,5,9.386389892188507
2023-05-14,33.0,79.0,2.0,Andheri,19.1136,72.8697,2,Waterlogging Vectors Risk,55.4,5,16.912048730920255
2023-05-15,33.0,77.0,2.5,Andheri,19.1136,72.8697,2,Waterlogging Vectors Risk,55.9,5,15.83226104106528
2023-05-16,33.4,74.0,2.3,Andheri,19.1136,72.8697,2,Waterlogging Vectors Risk,56.199999999999996,5,17.462256320040744
2023-05-17,33.199999999999996,75.0,2.0,Andheri,19.1136,72.8697,2,Waterlogging Vectors Risk,56.199999999999996,5,16.44584321953909
2023-05-18,33.0,79.0,2.1,Andheri,19.1136,72.8697,2,Waterlogging Vectors Risk,56.3,5,27.27650069955447
2023-05-19,33.3,81.0,2.2,Andheri,19.1136,72.8697,2,Waterlogging Vectors Risk,56.5,5,11.81130007874342
2023-05-20,32.4,78.0,2.0,Andheri,19.1136,72.8697,2,Waterlogging Vectors Risk,56.1,5,12.345015224990911
2023-05-21,32.699999999999996,75.0,2.0,Andheri,19.1136,72.8697,2,Waterlogging Vectors Risk,55.6,5,11.884297367876178
2023-05-22,32.8,78.0,2.0,Andheri,19.1136,72.8697,2,Waterlogging Vectors Risk,53.5,5,12.222614404198726
2023-05-23,33.3,80.0,2.0,Andheri,19.1136,72.8697,2,Waterlogging Vectors Risk,52.8,5,11.813064363467412
2023-05-24,33.099999999999994,77.0,2.0,Andheri,19.1136,72.8697,2,Waterlogging Vectors Risk,52.8,5,20.94508265553776
2023-05-25,33.0,68.0,2.0,Andheri,19.1136,72.8697,2,Waterlogging Vectors Risk,52.3,5,22.102521239949276
2023-05-26,32.5,68.0,4.0,Andheri,19.1136,72.8697,2,Waterlogging Vectors Risk,53.9,5,12.14626853125262
2023-05-27,33.5,65.0,2.0,Andheri,19.1136,72.8697,2,Waterlogging Vectors Risk,53.8,5,10.838222134478857
2023-05-28,33.599999999999994,69.0,2.0,Andheri,19.1136,72.8697,2,Waterlogging Vectors Risk,45.6,5,17.35707778193202
2023-05-29,33.4,78.0,2.0,Andheri,19.1136,72.8697,2,Waterlogging Vectors Risk,45.1,5,12.238884778595143
2023-05-30,33.599999999999994,82.0,2.0,Andheri,19.1136,72.8697,2,Waterlogging Vectors Risk,45.1,5,18.164659088777555
2023-05-31,34.3,81.0,2.0,Andheri,19.1136,72.8697,2,Waterlogging Vectors Risk,45.1,5,16.0146151042565
2023-06-01,33.3,83.0,2.0,Andheri,19.1136,72.8697,2,Waterlogging Vectors Risk,45.1,6,7.42127942501384
2023-06-02,33.199999999999996,75.0,2.0,Andheri,19.1136,72.8697,2,Waterlogging Vectors Risk,45.1,6,22.737526006650306
2023-06-03,34.3,70.0,2.1,Andheri,19.1136,72.8697,2,Waterlogging Vectors Risk,45.2,6,23.97938836547761
2023-06-04,33.4,73.0,2.8,Andheri,19.1136,72.8697,2,Waterlogging Vectors Risk,46.0,6,11.936056547578069
2023-06-05,33.0,74.0,2.4,Andheri,19.1136,72.8697,2,Waterlogging Vectors Risk,45.9,6,13.06149220032008
2023-06-06,33.599999999999994,72.0,2.1,Andheri,19.1136,72.8697,2,Waterlogging Vectors Risk,45.7,6,16.429326953624525
2023-06-07,33.3,72.0,2.0,Andheri,19.1136,72.8697,2,Waterlogging Vectors Risk,45.7,6,16.672283949935125
2023-06-08,33.8,71.0,2.8,Andheri,19.1136,72.8697,2,Waterlogging Vectors Risk,46.4,6,18.29272136336415
2023-06-09,32.8,79.0,6.0,Andheri,19.1136,72.8697,2,Waterlogging Vectors Risk,50.199999999999996,6,25.051022693831747
2023-06-10,33.0,77.0,5.6,Andheri,19.1136,72.8697,2,Waterlogging Vectors Risk,53.8,6,14.115263862529753
2023-06-11,32.5,76.0,5.8,Andheri,19.1136,72.8697,2,Waterlogging Vectors Risk,57.599999999999994,6,11.008513777307732
2023-06-12,32.0,81.0,7.3,Andheri,19.1136,72.8697,2,Waterlogging Vectors Risk,62.9,6,8.103403859927365
2023-06-13,30.8,83.0,7.6,Andheri,19.1136,72.8697,2,Waterlogging Vectors Risk,68.5,6,11.345349800290405
2023-06-14,30.0,82.0,4.8,Andheri,19.1136,72.8697,2,Waterlogging Vectors Risk,71.3,6,14.834365135631014
2023-06-15,31.7,77.0,4.8,Andheri,19.1136,72.8697,2,Waterlogging Vectors Risk,74.1,6,23.97278931758894
2023-06-16,31.1,78.0,6.6,Andheri,19.1136,72.8697,2,Waterlogging Vectors Risk,76.7,6,12.411943504819142
2023-06-17,31.2,82.0,8.6,Andheri,19.1136,72.8697,2,Waterlogging Vectors Risk,83.3,6,16.118939758194493
2023-06-18,30.900000000000002,82.0,6.6,Andheri,19.1136,72.8697,2,Waterlogging Vectors Risk,87.89999999999999,6,14.91788551963624
2023-06-19,31.2,80.0,4.4,Andheri,19.1136,72.8697,2,Waterlogging Vectors Risk,90.3,6,20.94196636724042
2023-06-20,31.3,81.0,3.1,Andheri,19.1136,72.8697,2,Waterlogging Vectors Risk,91.39999999999999,6,27.63466212936811
2023-06-21,31.3,82.0,4.9,Andheri,19.1136,72.8697,2,Waterlogging Vectors Risk,94.3,6,12.345656135398396
2023-06-22,31.3,79.0,3.9,Andheri,19.1136,72.8697,2,Waterlogging Vectors Risk,96.2,6,12.55280278740889
2023-06-23,30.6,84.0,4.9,Andheri,19.1136,72.8697,2,Waterlogging Vectors Risk,99.1,6,20.22080438534536
2023-06-24,29.0,89.0,22.7,Andheri,19.1136,72.8697,2,Waterlogging Vectors Risk,119.7,6,18.40945744813156
2023-06-25,27.3,91.0,34.9,Andheri,19.1136,72.8697,2,Waterlogging Vectors Risk,151.8,6,24.23353662868017
2023-06-26,26.5,94.0,25.2,Andheri,19.1136,72.8697,2,Waterlogging Vectors Risk,174.6,6,17.919640926629818
2023-06-27,26.8,94.0,25.2,Andheri,19.1136,72.8697,2,Waterlogging Vectors Risk,197.7,6,13.203539546064702
2023-06-28,27.6,93.0,47.7,Andheri,19.1136,72.8697,2,Waterlogging Vectors Risk,243.4,6,17.953274153461546
2023-06-29,26.6,94.0,52.0,Andheri,19.1136,72.8697,2,Waterlogging Vectors Risk,292.6,6,20.543517902914537
2023-06-30,26.6,94.0,57.8,Andheri,19.1136,72.8697,2,Waterlogging Vectors Risk,344.4,6,19.102410905986822
2023-07-01,28.0,93.0,42.5,Andheri,19.1136,72.8697,2,Waterlogging Vectors Risk,381.29999999999995,7,17.53637015553649
2023-07-02,28.2,92.0,36.7,Andheri,19.1136,72.8697,2,Waterlogging Vectors Risk,412.20000000000005,7,20.333373447945768
2023-07-03,28.7,91.0,10.6,Andheri,19.1136,72.8697,2,Waterlogging Vectors Risk,415.5,7,20.846477952228362
2023-07-04,29.0,92.0,50.3,Andheri,19.1136,72.8697,2,Waterlogging Vectors Risk,458.2,7,21.910794955187637
2023-07-05,28.1,93.0,37.9,Andheri,19.1136,72.8697,2,Waterlogging Vectors Risk,491.29999999999995,7,18.243549437948214
2023-07-06,26.8,96.0,99.5,Andheri,19.1136,72.8697,2,Waterlogging Vectors Risk,586.0,7,14.164409598415729
2023-07-07,27.6,93.0,52.7,Andheri,19.1136,72.8697,2,Waterlogging Vectors Risk,632.1,7,15.733568432166614
2023-07-08,29.5,87.0,15.0,Andheri,19.1136,72.8697,2,Waterlogging Vectors Risk,638.5,7,21.032544832541785
2023-07-09,29.0,85.0,12.8,Andheri,19.1136,72.8697,2,Waterlogging Vectors Risk,644.6999999999999,7,10.91532164506382
2023-07-10,28.5,85.0,5.5,Andheri,19.1136,72.8697,2,Waterlogging Vectors Risk,645.8,7,16.843366544364507
2023-07-11,29.3,85.0,6.3,Andheri,19.1136,72.8697,2,Waterlogging Vectors Risk,649.0,7,13.033305938363197
2023-07-12,26.8,93.0,14.2,Andheri,19.1136,72.8697,2,Waterlogging Vectors Risk,658.3,7,15.143724114674088
2023-07-13,27.1,93.0,12.9,Andheri,19.1136,72.8697,2,Waterlogging Vectors Risk,667.3,7,21.392259313036494
2023-07-14,27.2,93.0,34.7,Andheri,19.1136,72.8697,2,Waterlogging Vectors Risk,697.1,7,15.955495340099517
2023-07-15,27.2,92.0,18.7,Andheri,19.1136,72.8697,2,Waterlogging Vectors Risk,693.1,7,15.232182740780743
2023-07-16,27.7,94.0,32.5,Andheri,19.1136,72.8697,2,Waterlogging Vectors Risk,690.7,7,8.200719295100404
2023-07-17,27.2,94.0,65.8,Andheri,19.1136,72.8697,2,Waterlogging Vectors Risk,731.3,7,18.731267830136105
2023-07-18,26.2,94.0,69.7,Andheri,19.1136,72.8697,2,Waterlogging Vectors Risk,775.8000000000001,7,18.227420905705376
2023-07-19,27.0,94.0,46.8,Andheri,19.1136,72.8697,2,Waterlogging Vectors Risk,774.9,7,25.8162736165273
2023-07-20,27.7,91.0,38.4,Andheri,19.1136,72.8697,2,Waterlogging Vectors Risk,761.3,7,13.461108825234996
2023-07-21,27.3,92.0,42.9,Andheri,19.1136,72.8697,2,Waterlogging Vectors Risk,746.4,7,16.095751638319694
2023-07-22,26.2,94.0,44.7,Andheri,19.1136,72.8697,2,Waterlogging Vectors Risk,748.6,7,16.246918418553776
2023-07-23,27.5,93.0,36.8,Andheri,19.1136,72.8697,2,Waterlogging Vectors Risk,748.6999999999999,7,22.887266398817374
2023-07-24,27.900000000000002,92.0,60.2,Andheri,19.1136,72.8697,2,Waterlogging Vectors Risk,798.3,7,14.52352233806524
2023-07-25,26.900000000000002,93.0,46.1,Andheri,19.1136,72.8697,2,Waterlogging Vectors Risk,794.1,7,16.395107628851697
2023-07-26,26.8,94.0,95.9,Andheri,19.1136,72.8697,2,Waterlogging Vectors Risk,852.1,7,18.039482548582697
2023-07-27,26.900000000000002,93.0,92.9,Andheri,19.1136,72.8697,2,Waterlogging Vectors Risk,845.5,7,15.93304561578179
2023-07-28,26.8,94.0,51.8,Andheri,19.1136,72.8697,2,Waterlogging Vectors Risk,844.6,7,12.767831927247359
2023-07-29,28.6,87.0,14.3,Andheri,19.1136,72.8697,2,Waterlogging Vectors Risk,843.9,7,15.970449964491538
2023-07-30,28.6,86.0,11.3,Andheri,19.1136,72.8697,2,Waterlogging Vectors Risk,842.4,7,20.36815874929886
2023-07-31,28.3,88.0,11.9,Andheri,19.1136,72.8697,2,Waterlogging Vectors Risk,848.8000000000001,7,9.8674235029447
2023-08-01,28.7,87.0,8.1,Andheri,19.1136,72.8697,2,Waterlogging Vectors Risk,850.5999999999999,8,15.66484837073438
2023-08-02,28.400000000000002,87.0,17.1,Andheri,19.1136,72.8697,2,Waterlogging Vectors Risk,853.5,8,11.499395925304134
2023-08-03,28.6,87.0,8.3,Andheri,19.1136,72.8697,2,Waterlogging Vectors Risk,848.9000000000001,8,20.975233144624212
2023-08-04,28.2,88.0,4.5,Andheri,19.1136,72.8697,2,Waterlogging Vectors Risk,818.7,8,7.384065476081126
2023-08-05,29.1,86.0,5.8,Andheri,19.1136,72.8697,2,Waterlogging Vectors Risk,805.8,8,12.205390763642058
2023-08-06,28.6,86.0,4.8,Andheri,19.1136,72.8697,2,Waterlogging Vectors Risk,778.0999999999999,8,16.886059375322603
2023-08-07,28.8,86.0,4.2,Andheri,19.1136,72.8697,2,Waterlogging Vectors Risk,716.5,8,22.827620146171704
2023-08-08,28.8,86.0,4.3,Andheri,19.1136,72.8697,2,Waterlogging Vectors Risk,651.0999999999999,8,14.67124869463506
2023-08-09,28.8,86.0,5.0,Andheri,19.1136,72.8697,2,Waterlogging Vectors Risk,609.3,8,12.224002366534009
2023-08-10,28.2,88.0,9.3,Andheri,19.1136,72.8697,2,Waterlogging Vectors Risk,580.2,8,24.40578534720295
2023-08-11,28.8,85.0,5.7,Andheri,19.1136,72.8697,2,Waterlogging Vectors Risk,543.0,8,7.75993049791878
2023-08-12,27.0,89.0,7.4,Andheri,19.1136,72.8697,2,Waterlogging Vectors Risk,505.7,8,5.0
2023-08-13,29.0,85.0,7.0,Andheri,19.1136,72.8697,2,Waterlogging Vectors Risk,475.9,8,17.20007225026666
2023-08-14,29.2,83.0,4.6,Andheri,19.1136,72.8697,2,Waterlogging Vectors Risk,420.3,8,12.489728878236944
2023-08-15,28.0,86.0,5.5,Andheri,19.1136,72.8697,2,Waterlogging Vectors Risk,379.7,8,9.893835914346434
2023-08-16,28.8,87.0,6.5,Andheri,19.1136,72.8697,2,Waterlogging Vectors Risk,290.3,8,18.541782236496765
2023-08-17,29.1,86.0,5.5,Andheri,19.1136,72.8697,2,Waterlogging Vectors Risk,202.9,8,16.219003568855996
2023-08-18,28.7,84.0,4.0,Andheri,19.1136,72.8697,2,Waterlogging Vectors Risk,155.10000000000002,8,12.179606846316357
2023-08-19,28.5,87.0,6.1,Andheri,19.1136,72.8697,2,Waterlogging Vectors Risk,146.9,8,8.598478006645529
2023-08-20,27.7,91.0,12.5,Andheri,19.1136,72.8697,2,Waterlogging Vectors Risk,148.1,8,19.362286641400722
2023-08-21,28.5,89.0,5.8,Andheri,19.1136,72.8697,2,Waterlogging Vectors Risk,142.0,8,18.251005889793305
2023-08-22,28.5,89.0,8.1,Andheri,19.1136,72.8697,2,Waterlogging Vectors Risk,142.0,8,14.504120681103085
2023-08-23,29.2,85.0,5.8,Andheri,19.1136,72.8697,2,Waterlogging Vectors Risk,130.7,8,24.233184980238327
2023-08-24,28.6,88.0,8.5,Andheri,19.1136,72.8697,2,Waterlogging Vectors Risk,130.9,8,9.649576168369236
2023-08-25,28.3,89.0,8.2,Andheri,19.1136,72.8697,2,Waterlogging Vectors Risk,134.6,8,7.372374145376305
2023-08-26,27.7,91.0,16.3,Andheri,19.1136,72.8697,2,Waterlogging Vectors Risk,145.1,8,11.540459650593778
2023-08-27,27.6,92.0,17.1,Andheri,19.1136,72.8697,2,Waterlogging Vectors Risk,157.4,8,14.772069918222511
2023-08-28,27.3,91.0,6.1,Andheri,19.1136,72.8697,2,Waterlogging Vectors Risk,159.29999999999998,8,16.21669724661346
2023-08-29,28.400000000000002,89.0,5.6,Andheri,19.1136,72.8697,2,Waterlogging Vectors Risk,160.60000000000002,8,13.793819710718351
2023-08-30,29.1,89.0,2.7,Andheri,19.1136,72.8697,2,Waterlogging Vectors Risk,158.3,8,16.760276982571483
2023-08-31,29.8,88.0,2.7,Andheri,19.1136,72.8697,2,Waterlogging Vectors Risk,151.7,8,8.74230287904778
2023-09-01,30.3,89.0,3.2,Andheri,19.1136,72.8697,2,Waterlogging Vectors Risk,149.20000000000002,9,22.218823020366298
2023-09-02,28.5,92.0,4.6,Andheri,19.1136,72.8697,2,Waterlogging Vectors Risk,146.4,9,14.589244108037157
2023-09-03,28.900000000000002,89.0,12.0,Andheri,19.1136,72.8697,2,Waterlogging Vectors Risk,151.4,9,20.586479157940637
2023-09-04,29.3,87.0,4.2,Andheri,19.1136,72.8697,2,Waterlogging Vectors Risk,151.0,9,16.71362673188852
2023-09-05,28.900000000000002,86.0,4.4,Andheri,19.1136,72.8697,2,Waterlogging Vectors Risk,149.9,9,17.283766095768918
2023-09-06,29.7,84.0,3.0,Andheri,19.1136,72.8697,2,Waterlogging Vectors Risk,146.4,9,17.84883640116102
2023-09-07,28.1,87.0,12.2,Andheri,19.1136,72.8697,2,Waterlogging Vectors Risk,153.10000000000002,9,17.238542800086574
2023-09-08,27.900000000000002,92.0,52.6,Andheri,19.1136,72.8697,2,Waterlogging Vectors Risk,201.70000000000002,9,18.21361379933772
2023-09-09,28.8,91.0,17.9,Andheri,19.1136,72.8697,2,Waterlogging Vectors Risk,213.5,9,21.645762650662157
2023-09-10,28.8,91.0,7.5,Andheri,19.1136,72.8697,2,Waterlogging Vectors Risk,208.5,9,15.982605848507351
2023-09-11,28.6,91.0,6.7,Andheri,19.1136,72.8697,2,Waterlogging Vectors Risk,209.4,9,18.54501878794256
2023-09-12,28.900000000000002,88.0,6.7,Andheri,19.1136,72.8697,2,Waterlogging Vectors Risk,208.0,9,14.551321528563866
2023-09-13,28.2,90.0,5.6,Andheri,19.1136,72.8697,2,Waterlogging Vectors Risk,207.8,9,22.200586077247365
2023-09-14,28.6,89.0,4.2,Andheri,19.1136,72.8697,2,Waterlogging Vectors Risk,203.5,9,11.61803848970365
2023-09-15,29.1,85.0,4.1,Andheri,19.1136,72.8697,2,Waterlogging Vectors Risk,199.4,9,24.00470216455408
2023-09-16,28.3,87.0,9.3,Andheri,19.1136,72.8697,2,Waterlogging Vectors Risk,192.4,9,14.799210246778284
2023-09-17,29.0,85.0,10.2,Andheri,19.1136,72.8697,2,Waterlogging Vectors Risk,185.5,9,7.8461244894097595
2023-09-18,27.0,93.0,32.9,Andheri,19.1136,72.8697,2,Waterlogging Vectors Risk,212.3,9,15.640522074553946
2023-09-19,28.2,91.0,14.3,Andheri,19.1136,72.8697,2,Waterlogging Vectors Risk,221.0,9,11.594741712625595
2023-09-20,27.900000000000002,92.0,13.1,Andheri,19.1136,72.8697,2,Waterlogging Vectors Risk,231.4,9,19.203217744943622
2023-09-21,27.900000000000002,93.0,22.7,Andheri,19.1136,72.8697,2,Waterlogging Vectors Risk,251.4,9,11.736880103488046
2023-09-22,27.900000000000002,94.0,16.9,Andheri,19.1136,72.8697,2,Waterlogging Vectors Risk,265.1,9,12.769082833926102
2023-09-23,28.3,94.0,37.3,Andheri,19.1136,72.8697,2,Waterlogging Vectors Risk,297.8,9,5.552296345272346
2023-09-24,27.900000000000002,93.0,17.3,Andheri,19.1136,72.8697,2,Waterlogging Vectors Risk,303.1,9,12.738468403754617
2023-09-25,28.2,92.0,19.7,Andheri,19.1136,72.8697,2,Waterlogging Vectors Risk,318.59999999999997,9,5.0
2023-09-26,28.8,92.0,6.4,Andheri,19.1136,72.8697,2,Waterlogging Vectors Risk,320.6,9,7.0804858825713834
2023-09-27,28.900000000000002,94.0,23.0,Andheri,19.1136,72.8697,2,Waterlogging Vectors Risk,340.6,9,18.802073280721487
2023-09-28,29.8,94.0,24.6,Andheri,19.1136,72.8697,2,Waterlogging Vectors Risk,353.0,9,18.92900079325416
2023-09-29,30.3,94.0,27.9,Andheri,19.1136,72.8697,2,Waterlogging Vectors Risk,328.3,9,17.127287808924823
2023-09-30,32.3,91.0,15.2,Andheri,19.1136,72.8697,2,Waterlogging Vectors Risk,325.6,9,10.165119284353935
2023-10-01,30.7,92.0,2.8,Andheri,19.1136,72.8697,2,Waterlogging Vectors Risk,320.90000000000003,10,39.128109885956775
2023-10-02,28.900000000000002,90.0,5.2,Andheri,19.1136,72.8697,2,Waterlogging Vectors Risk,319.40000000000003,10,49.54865397121381
2023-10-03,29.400000000000002,86.0,2.1,Andheri,19.1136,72.8697,2,Waterlogging Vectors Risk,314.79999999999995,10,40.94150988737061
2023-10-04,29.7,88.0,4.9,Andheri,19.1136,72.8697,2,Waterlogging Vectors Risk,314.1,10,52.55032484216909
2023-10-05,30.3,89.0,2.1,Andheri,19.1136,72.8697,2,Waterlogging Vectors Risk,312.0,10,46.02014478621168
2023-10-06,29.7,88.0,2.7,Andheri,19.1136,72.8697,2,Waterlogging Vectors Risk,310.6,10,43.92851246418502
2023-10-07,30.2,89.0,2.2,Andheri,19.1136,72.8697,2,Waterlogging Vectors Risk,303.5,10,42.33442919497266
2023-10-08,31.3,87.0,2.3,Andheri,19.1136,72.8697,2,Waterlogging Vectors Risk,295.6,10,37.00858070640442
2023-10-09,32.099999999999994,83.0,2.0,Andheri,19.1136,72.8697,2,Waterlogging Vectors Risk,264.70000000000005,10,21.22465899121191
2023-10-10,31.7,79.0,2.0,Andheri,19.1136,72.8697,2,Waterlogging Vectors Risk,252.39999999999998,10,32.46411308739702
2023-10-11,31.0,84.0,2.0,Andheri,19.1136,72.8697,2,Waterlogging Vectors Risk,241.29999999999998,10,34.25674542667768
2023-10-12,31.3,87.0,2.0,Andheri,19.1136,72.8697,2,Waterlogging Vectors Risk,220.6,10,30.958566617192083
2023-10-13,32.9,87.0,2.0,Andheri,19.1136,72.8697,2,Waterlogging Vectors Risk,205.7,10,25.49449853557023
2023-10-14,32.4,88.0,2.0,Andheri,19.1136,72.8697,2,Waterlogging Vectors Risk,170.39999999999998,10,38.72176596758095
2023-10-15,33.199999999999996,88.0,2.7,Andheri,19.1136,72.8697,2,Waterlogging Vectors Risk,155.8,10,28.404214306335074
2023-10-16,32.8,74.0,2.0,Andheri,19.1136,72.8697,2,Waterlogging Vectors Risk,138.10000000000002,10,24.610771717752698
2023-10-17,32.0,78.0,3.0,Andheri,19.1136,72.8697,2,Waterlogging Vectors Risk,134.70000000000002,10,34.86291390678079
2023-10-18,33.599999999999994,76.0,2.0,Andheri,19.1136,72.8697,2,Waterlogging Vectors Risk,113.7,10,29.930110516263376
2023-10-19,33.599999999999994,66.0,2.0,Andheri,19.1136,72.8697,2,Waterlogging Vectors Risk,91.1,10,27.556501747897208
2023-10-20,34.099999999999994,70.0,2.0,Andheri,19.1136,72.8697,2,Waterlogging Vectors Risk,65.2,10,20.398151849600904
2023-10-21,34.699999999999996,70.0,2.1,Andheri,19.1136,72.8697,2,Waterlogging Vectors Risk,52.099999999999994,10,13.465316111472156
2023-10-22,33.5,74.0,2.0,Andheri,19.1136,72.8697,2,Waterlogging Vectors Risk,51.3,10,26.991116568067948
2023-10-23,34.599999999999994,70.0,2.0,Andheri,19.1136,72.8697,2,Waterlogging Vectors Risk,48.099999999999994,10,19.234093593775444
2023-10-24,34.199999999999996,64.0,2.0,Andheri,19.1136,72.8697,2,Waterlogging Vectors Risk,48.0,10,24.009299433472023
2023-10-25,33.699999999999996,63.0,2.0,Andheri,19.1136,72.8697,2,Waterlogging Vectors Risk,45.099999999999994,10,25.54252567507654
2023-10-26,33.9,61.0,2.0,Andheri,19.1136,72.8697,2,Waterlogging Vectors Risk,45.0,10,26.481096909930017
2023-10-27,34.099999999999994,58.0,2.0,Andheri,19.1136,72.8697,2,Waterlogging Vectors Risk,44.3,10,17.423823942197195
2023-10-28,34.0,59.0,2.0,Andheri,19.1136,72.8697,2,Waterlogging Vectors Risk,44.099999999999994,10,27.253636994838295
2023-10-29,34.5,57.0,2.0,Andheri,19.1136,72.8697,2,Waterlogging Vectors Risk,43.8,10,18.82133135679533
2023-10-30,34.599999999999994,62.0,2.0,Andheri,19.1136,72.8697,2,Waterlogging Vectors Risk,43.8,10,27.642971029793024
2023-10-31,34.4,62.0,2.0,Andheri,19.1136,72.8697,2,Waterlogging Vectors Risk,43.8,10,14.954060909552169
2023-11-01,33.8,61.0,2.0,Andheri,19.1136,72.8697,2,Waterlogging Vectors Risk,43.8,11,30.479819015826262
2023-11-02,33.8,61.0,2.0,Andheri,19.1136,72.8697,2,Waterlogging Vectors Risk,43.8,11,22.789553917313253
2023-11-03,34.3,60.0,2.0,Andheri,19.1136,72.8697,2,Waterlogging Vectors Risk,43.8,11,15.70957664859444
2023-11-04,35.099999999999994,57.0,2.0,Andheri,19.1136,72.8697,2,Waterlogging Vectors Risk,43.8,11,12.013904163061758
2023-11-05,34.9,62.0,2.0,Andheri,19.1136,72.8697,2,Waterlogging Vectors Risk,43.099999999999994,11,13.964930125695075
2023-11-06,35.099999999999994,59.0,2.0,Andheri,19.1136,72.8697,2,Waterlogging Vectors Risk,43.099999999999994,11,16.554163065342948
2023-11-07,34.0,59.0,2.0,Andheri,19.1136,72.8697,2,Waterlogging Vectors Risk,42.099999999999994,11,23.280844106844167
2023-11-08,32.5,72.0,2.0,Andheri,19.1136,72.8697,2,Waterlogging Vectors Risk,42.099999999999994,11,26.29816664697377
2023-11-09,33.3,79.0,2.0,Andheri,19.1136,72.8697,2,Waterlogging Vectors Risk,42.099999999999994,11,24.511560372028434
2023-11-10,32.8,76.0,3.1,Andheri,19.1136,72.8697,2,Waterlogging Vectors Risk,43.199999999999996,11,38.178018459726005
2023-11-11,34.8,67.0,2.0,Andheri,19.1136,72.8697,2,Waterlogging Vectors Risk,43.1,11,24.771049183836908
2023-11-12,35.0,55.0,2.0,Andheri,19.1136,72.8697,2,Waterlogging Vectors Risk,43.1,11,17.18161834837016
2023-11-13,34.199999999999996,59.0,2.0,Andheri,19.1136,72.8697,2,Waterlogging Vectors Risk,43.1,11,19.72335072417436
2023-11-14,33.599999999999994,66.0,2.0,Andheri,19.1136,72.8697,2,Waterlogging Vectors Risk,43.1,11,23.533489966924673
2023-11-15,33.699999999999996,67.0,2.0,Andheri,19.1136,72.8697,2,Waterlogging Vectors Risk,43.1,11,25.434256530318777
2023-11-16,33.8,64.0,2.0,Andheri,19.1136,72.8697,2,Waterlogging Vectors Risk,43.1,11,16.686037174007986
2023-11-17,33.5,63.0,2.0,Andheri,19.1136,72.8697,2,Waterlogging Vectors Risk,43.1,11,22.213117312883274
2023-11-18,33.5,65.0,2.0,Andheri,19.1136,72.8697,2,Waterlogging Vectors Risk,43.1,11,15.157079630612053
2023-11-19,32.099999999999994,66.0,2.0,Andheri,19.1136,72.8697,2,Waterlogging Vectors Risk,43.1,11,33.42944894635976
2023-11-20,34.0,64.0,2.0,Andheri,19.1136,72.8697,2,Waterlogging Vectors Risk,43.1,11,23.902646365180374
2023-11-21,34.0,62.0,2.0,Andheri,19.1136,72.8697,2,Waterlogging Vectors Risk,43.1,11,18.250734355169797
2023-11-22,33.4,53.0,2.0,Andheri,19.1136,72.8697,2,Waterlogging Vectors Risk,43.1,11,31.936600483116838
2023-11-23,33.0,57.0,2.0,Andheri,19.1136,72.8697,2,Waterlogging Vectors Risk,43.1,11,20.20450501832163
2023-11-24,34.199999999999996,63.0,2.0,Andheri,19.1136,72.8697,2,Waterlogging Vectors Risk,43.1,11,12.211458932284259
2023-11-25,33.3,70.0,2.0,Andheri,19.1136,72.8697,2,Waterlogging Vectors Risk,43.1,11,25.75559242613321
2023-11-26,30.900000000000002,81.0,4.4,Andheri,19.1136,72.8697,2,Waterlogging Vectors Risk,45.5,11,43.46882484639409
2023-11-27,30.1,80.0,2.9,Andheri,19.1136,72.8697,2,Waterlogging Vectors Risk,46.400000000000006,11,51.186305123956004
2023-11-28,29.8,76.0,2.0,Andheri,19.1136,72.8697,2,Waterlogging Vectors Risk,46.400000000000006,11,42.17224535232196
2023-11-29,28.6,75.0,2.0,Andheri,19.1136,72.8697,2,Waterlogging Vectors Risk,46.400000000000006,11,56.660070833823134
2023-11-30,29.5,82.0,2.0,Andheri,19.1136,72.8697,2,Waterlogging Vectors Risk,46.400000000000006,11,45.97412431916314
2023-12-01,29.400000000000002,83.0,2.3,Andheri,19.1136,72.8697,2,Waterlogging Vectors Risk,45.6,12,45.87019683362922
2023-12-02,31.400000000000002,80.0,2.0,Andheri,19.1136,72.8697,2,Waterlogging Vectors Risk,45.6,12,39.81829968743335
2023-12-03,33.099999999999994,71.0,2.0,Andheri,19.1136,72.8697,2,Waterlogging Vectors Risk,45.6,12,29.0282810587338
2023-12-04,33.0,73.0,2.3,Andheri,19.1136,72.8697,2,Waterlogging Vectors Risk,45.9,12,18.45137254841209
2023-12-05,32.599999999999994,68.0,2.0,Andheri,19.1136,72.8697,2,Waterlogging Vectors Risk,45.9,12,35.98270174862951
2023-12-06,31.3,69.0,2.0,Andheri,19.1136,72.8697,2,Waterlogging Vectors Risk,45.9,12,42.86712343740392
2023-12-07,31.1,70.0,2.0,Andheri,19.1136,72.8697,2,Waterlogging Vectors Risk,45.9,12,33.972186492452344
2023-12-08,31.6,69.0,2.0,Andheri,19.1136,72.8697,2,Waterlogging Vectors Risk,45.9,12,36.2456843338537
2023-12-09,32.099999999999994,66.0,2.0,Andheri,19.1136,72.8697,2,Waterlogging Vectors Risk,45.9,12,33.90348426474706
2023-12-10,32.599999999999994,65.0,2.0,Andheri,19.1136,72.8697,2,Waterlogging Vectors Risk,45.9,12,29.903368829119565
2023-12-11,32.0,61.0,2.0,Andheri,19.1136,72.8697,2,Waterlogging Vectors Risk,45.9,12,29.2484742307729
2023-12-12,31.0,61.0,2.0,Andheri,19.1136,72.8697,2,Waterlogging Vectors Risk,45.9,12,34.30854982697642
2023-12-13,30.7,65.0,2.0,Andheri,19.1136,72.8697,2,Waterlogging Vectors Risk,45.9,12,39.238896311709446
2023-12-14,32.3,62.0,2.0,Andheri,19.1136,72.8697,2,Waterlogging Vectors Risk,45.9,12,36.16364509629684
2023-12-15,31.7,56.0,2.0,Andheri,19.1136,72.8697,2,Waterlogging Vectors Risk,45.9,12,36.418000772972164
2023-12-16,31.5,59.0,2.0,Andheri,19.1136,72.8697,2,Waterlogging Vectors Risk,45.9,12,32.9802616729028
2023-12-17,31.900000000000002,59.0,2.0,Andheri,19.1136,72.8697,2,Waterlogging Vectors Risk,43.5,12,36.42516021990838
2023-12-18,32.699999999999996,54.0,2.0,Andheri,19.1136,72.8697,2,Waterlogging Vectors Risk,42.599999999999994,12,13.790620230182983
2023-12-19,32.4,55.0,2.0,Andheri,19.1136,72.8697,2,Waterlogging Vectors Risk,42.599999999999994,12,35.47716183519386
2023-12-20,32.4,51.0,2.0,Andheri,19.1136,72.8697,2,Waterlogging Vectors Risk,42.599999999999994,12,21.034764439442846
2023-12-21,32.8,56.0,2.0,Andheri,19.1136,72.8697,2,Waterlogging Vectors Risk,42.599999999999994,12,25.654461959651023
2023-12-22,31.3,66.0,2.0,Andheri,19.1136,72.8697,2,Waterlogging Vectors Risk,42.3,12,30.368317193535944
2023-12-23,32.9,64.0,2.0,Andheri,19.1136,72.8697,2,Waterlogging Vectors Risk,42.3,12,20.42659262139548
2023-12-24,32.599999999999994,58.0,2.0,Andheri,19.1136,72.8697,2,Waterlogging Vectors Risk,42.3,12,34.40413393689263
2023-12-25,32.599999999999994,57.0,2.0,Andheri,19.1136,72.8697,2,Waterlogging Vectors Risk,42.0,12,26.261493993440574
2023-12-26,32.9,58.0,2.0,Andheri,19.1136,72.8697,2,Waterlogging Vectors Risk,42.0,12,28.632519408653586
2023-12-27,33.599999999999994,58.0,2.0,Andheri,19.1136,72.8697,2,Waterlogging Vectors Risk,42.0,12,22.698730438937446
2023-12-28,32.099999999999994,64.0,2.0,Andheri,19.1136,72.8697,2,Waterlogging Vectors Risk,42.0,12,33.81853746944897
2023-12-29,32.9,67.0,2.0,Andheri,19.1136,72.8697,2,Waterlogging Vectors Risk,42.0,12,27.284109455301284
2023-12-30,31.8,72.0,2.0,Andheri,19.1136,72.8697,2,Waterlogging Vectors Risk,42.0,12,26.718372212390477
2023-12-31,31.7,67.0,2.0,Andheri,19.1136,72.8697,2,Waterlogging Vectors Risk,42.0,12,38.681334097235705
2024-01-01,31.400000000000002,69.0,2.0,Andheri,19.1136,72.8697,2,Waterlogging Vectors Risk,42.0,1,32.93121708419343
2024-01-02,30.8,70.0,2.0,Andheri,19.1136,72.8697,2,Waterlogging Vectors Risk,42.0,1,31.017090506701244
2024-01-03,29.900000000000002,68.0,2.0,Andheri,19.1136,72.8697,2,Waterlogging Vectors Risk,42.0,1,41.75942419517043
2024-01-04,28.7,78.0,2.0,Andheri,19.1136,72.8697,2,Waterlogging Vectors Risk,42.0,1,58.203798953171564
2024-01-05,29.6,76.0,2.0,Andheri,19.1136,72.8697,2,Waterlogging Vectors Risk,42.0,1,49.85110871056746
2024-01-06,31.6,64.0,2.0,Andheri,19.1136,72.8697,2,Waterlogging Vectors Risk,42.0,1,32.52340599462736
2024-01-07,31.5,67.0,2.0,Andheri,19.1136,72.8697,2,Waterlogging Vectors Risk,42.0,1,33.08704481174119
2024-01-08,32.599999999999994,60.0,2.0,Andheri,19.1136,72.8697,2,Waterlogging Vectors Risk,42.0,1,26.991824743913117
2024-01-09,30.5,73.0,2.7,Andheri,19.1136,72.8697,2,Waterlogging Vectors Risk,42.7,1,50.883739917804206
2024-01-10,30.3,74.0,2.7,Andheri,19.1136,72.8697,2,Waterlogging Vectors Risk,43.400000000000006,1,43.54301059449109
2024-01-11,32.599999999999994,69.0,2.8,Andheri,19.1136,72.8697,2,Waterlogging Vectors Risk,44.2,1,30.750208235955377
2024-01-12,34.0,64.0,2.0,Andheri,19.1136,72.8697,2,Waterlogging Vectors Risk,44.2,1,25.81808393682588
2024-01-13,32.699999999999996,65.0,2.0,Andheri,19.1136,72.8697,2,Waterlogging Vectors Risk,44.2,1,29.227279128465927
2024-01-14,32.5,53.0,2.0,Andheri,19.1136,72.8697,2,Waterlogging Vectors Risk,44.2,1,27.871455937563148
2024-01-15,29.8,45.0,2.0,Andheri,19.1136,72.8697,2,Waterlogging Vectors Risk,44.2,1,43.48491742124177
2024-01-16,28.2,60.0,2.0,Andheri,19.1136,72.8697,2,Waterlogging Vectors Risk,44.2,1,53.17532703626302
2024-01-17,27.3,68.0,2.0,Andheri,19.1136,72.8697,2,Waterlogging Vectors Risk,44.2,1,58.44722215078412
2024-01-18,27.7,69.0,2.0,Andheri,19.1136,72.8697,2,Waterlogging Vectors Risk,44.2,1,60.00481438485157
2024-01-19,27.5,73.0,2.0,Andheri,19.1136,72.8697,2,Waterlogging Vectors Risk,44.2,1,57.7597294290365
2024-01-20,28.2,68.0,2.0,Andheri,19.1136,72.8697,2,Waterlogging Vectors Risk,44.2,1,57.196533719411235
2024-01-21,30.0,55.0,2.0,Andheri,19.1136,72.8697,2,Waterlogging Vectors Risk,44.2,1,42.929750432790414
2024-01-22,29.6,56.0,2.0,Andheri,19.1136,72.8697,2,Waterlogging Vectors Risk,44.2,1,45.99317595158045
2024-01-23,29.5,42.0,2.0,Andheri,19.1136,72.8697,2,Waterlogging Vectors Risk,44.2,1,36.17566324400613
2024-01-24,30.3,42.0,2.0,Andheri,19.1136,72.8697,2,Waterlogging Vectors Risk,44.2,1,46.21497170684573
2024-01-25,30.900000000000002,46.0,2.0,Andheri,19.1136,72.8697,2,Waterlogging Vectors Risk,44.2,1,39.96577571282328
2024-01-26,31.8,51.0,2.0,Andheri,19.1136,72.8697,2,Waterlogging Vectors Risk,44.2,1,38.123383882631586
2024-01-27,32.5,50.0,2.0,Andheri,19.1136,72.8697,2,Waterlogging Vectors Risk,44.2,1,14.685389775698217
2024-01-28,32.5,50.0,2.0,Andheri,19.1136,72.8697,2,Waterlogging Vectors Risk,44.2,1,39.6085401905703
2024-01-29,31.8,46.0,2.0,Andheri,19.1136,72.8697,2,Waterlogging Vectors Risk,44.2,1,32.435385192557455
2024-01-30,31.2,52.0,2.0,Andheri,19.1136,72.8697,2,Waterlogging Vectors Risk,43.5,1,42.07424741702092
2024-01-31,29.3,67.0,2.0,Andheri,19.1136,72.8697,2,Waterlogging Vectors Risk,42.8,1,42.10047036437234
2024-02-01,28.0,73.0,2.0,Andheri,19.1136,72.8697,2,Waterlogging Vectors Risk,42.0,2,57.73053619197951
2024-02-02,29.900000000000002,71.0,2.0,Andheri,19.1136,72.8697,2,Waterlogging Vectors Risk,42.0,2,38.63292218413171
2024-02-03,34.0,52.0,2.0,Andheri,19.1136,72.8697,2,Waterlogging Vectors Risk,42.0,2,17.547821863187643
2024-02-04,33.3,58.0,2.0,Andheri,19.1136,72.8697,2,Waterlogging Vectors Risk,42.0,2,34.203490102667274
2024-02-05,32.0,57.0,2.0,Andheri,19.1136,72.8697,2,Waterlogging Vectors Risk,42.0,2,31.046587996183266
2024-02-06,31.8,60.0,2.0,Andheri,19.1136,72.8697,2,Waterlogging Vectors Risk,42.0,2,34.22049769923194
2024-02-07,32.199999999999996,61.0,2.0,Andheri,19.1136,72.8697,2,Waterlogging Vectors Risk,42.0,2,35.21700532011046
2024-02-08,32.0,56.0,2.0,Andheri,19.1136,72.8697,2,Waterlogging Vectors Risk,42.0,2,34.47840943986302
2024-02-09,30.8,55.0,2.0,Andheri,19.1136,72.8697,2,Waterlogging Vectors Risk,42.0,2,39.55209452571788
2024-02-10,30.7,44.0,2.0,Andheri,19.1136,72.8697,2,Waterlogging Vectors Risk,42.0,2,41.1914716789978
2024-02-11,30.8,48.0,2.0,Andheri,19.1136,72.8697,2,Waterlogging Vectors Risk,42.0,2,50.817077926191374
2024-02-12,31.3,56.0,2.0,Andheri,19.1136,72.8697,2,Waterlogging Vectors Risk,42.0,2,35.678572681498736
2024-02-13,31.6,45.0,2.0,Andheri,19.1136,72.8697,2,Waterlogging Vectors Risk,42.0,2,35.2721619002415
2024-02-14,32.8,42.0,2.0,Andheri,19.1136,72.8697,2,Waterlogging Vectors Risk,42.0,2,32.71993864670474
2024-02-15,32.5,47.0,2.0,Andheri,19.1136,72.8697,2,Waterlogging Vectors Risk,42.0,2,34.694296331456584
2024-02-16,34.3,59.0,2.0,Andheri,19.1136,72.8697,2,Waterlogging Vectors Risk,42.0,2,24.901818194468582
2024-02-17,33.3,61.0,2.0,Andheri,19.1136,72.8697,2,Waterlogging Vectors Risk,42.0,2,27.82698444347927
2024-02-18,34.599999999999994,58.0,2.0,Andheri,19.1136,72.8697,2,Waterlogging Vectors Risk,42.0,2,11.55164210301428
2024-02-19,32.099999999999994,53.0,2.0,Andheri,19.1136,72.8697,2,Waterlogging Vectors Risk,42.0,2,39.60049099483884
2024-02-20,31.3,65.0,2.0,Andheri,19.1136,72.8697,2,Waterlogging Vectors Risk,42.0,2,30.23493970157322
2024-02-21,28.6,79.0,2.1,Andheri,19.1136,72.8697,2,Waterlogging Vectors Risk,42.1,2,52.77984399286183
2024-02-22,28.400000000000002,81.0,2.2,Andheri,19.1136,72.8697,2,Waterlogging Vectors Risk,42.3,2,48.62862074990319
2024-02-23,29.900000000000002,66.0,2.0,Andheri,19.1136,72.8697,2,Waterlogging Vectors Risk,42.3,2,43.57930826703503
2024-02-24,31.6,38.0,2.0,Andheri,19.1136,72.8697,2,Waterlogging Vectors Risk,42.3,2,35.91047871818406
2024-02-25,34.099999999999994,32.0,2.0,Andheri,19.1136,72.8697,2,Waterlogging Vectors Risk,42.3,2,21.706786077251397
2024-02-26,34.599999999999994,50.0,2.0,Andheri,19.1136,72.8697,2,Waterlogging Vectors Risk,42.3,2,19.37627043784312
2024-02-27,33.8,54.0,2.0,Andheri,19.1136,72.8697,2,Waterlogging Vectors Risk,42.3,2,29.86855634529325
2024-02-28,35.0,44.0,2.0,Andheri,19.1136,72.8697,2,Waterlogging Vectors Risk,42.3,2,17.2676715075699
2024-02-29,34.199999999999996,56.0,2.0,Andheri,19.1136,72.8697,2,Waterlogging Vectors Risk,42.3,2,18.312550156880118
2024-03-01,33.599999999999994,63.0,2.0,Andheri,19.1136,72.8697,2,Waterlogging Vectors Risk,42.3,3,19.820435841441785
2024-03-02,29.900000000000002,80.0,2.0,Andheri,19.1136,72.8697,2,Waterlogging Vectors Risk,42.3,3,20.947352444623203
2024-03-03,27.8,76.0,2.2,Andheri,19.1136,72.8697,2,Waterlogging Vectors Risk,42.5,3,8.861960924315039
2024-03-04,28.2,65.0,2.0,Andheri,19.1136,72.8697,2,Waterlogging Vectors Risk,42.5,3,17.98700034924929
2024-03-05,30.3,49.0,2.0,Andheri,19.1136,72.8697,2,Waterlogging Vectors Risk,42.5,3,18.50586371155449
2024-03-06,30.8,38.0,2.0,Andheri,19.1136,72.8697,2,Waterlogging Vectors Risk,42.5,3,13.512182483200041
2024-03-07,32.5,42.0,2.0,Andheri,19.1136,72.8697,2,Waterlogging Vectors Risk,42.5,3,21.878534066558096
2024-03-08,34.8,33.0,2.0,Andheri,19.1136,72.8697,2,Waterlogging Vectors Risk,42.5,3,14.249722064837366
2024-03-09,34.8,34.0,2.0,Andheri,19.1136,72.8697,2,Waterlogging Vectors Risk,42.5,3,15.62788226735771
2024-03-10,32.599999999999994,39.0,2.0,Andheri,19.1136,72.8697,2,Waterlogging Vectors Risk,42.5,3,14.134640878580653
2024-03-11,34.3,50.0,2.0,Andheri,19.1136,72.8697,2,Waterlogging Vectors Risk,42.5,3,15.077895237907338
2024-03-12,34.599999999999994,48.0,2.0,Andheri,19.1136,72.8697,2,Waterlogging Vectors Risk,42.5,3,9.518624565523991
2024-03-13,31.3,67.0,2.0,Andheri,19.1136,72.8697,2,Waterlogging Vectors Risk,42.4,3,7.799745587028529
2024-03-14,30.8,74.0,2.0,Andheri,19.1136,72.8697,2,Waterlogging Vectors Risk,42.2,3,22.97252531612486
2024-03-15,29.8,77.0,2.0,Andheri,19.1136,72.8697,2,Waterlogging Vectors Risk,42.2,3,10.765193258408361
2024-03-16,30.2,78.0,2.0,Andheri,19.1136,72.8697,2,Waterlogging Vectors Risk,42.2,3,10.043038252718464
2024-03-17,31.400000000000002,78.0,2.0,Andheri,19.1136,72.8697,2,Waterlogging Vectors Risk,42.2,3,5.0
2024-03-18,31.3,82.0,2.0,Andheri,19.1136,72.8697,2,Waterlogging Vectors Risk,42.2,3,11.805191261552489
2024-03-19,32.8,71.0,2.0,Andheri,19.1136,72.8697,2,Waterlogging Vectors Risk,42.2,3,8.38455103296251
2024-03-20,37.8,34.0,2.0,Andheri,19.1136,72.8697,2,Waterlogging Vectors Risk,42.2,3,23.210075800681846
2024-03-21,37.599999999999994,30.0,2.0,Andheri,19.1136,72.8697,2,Waterlogging Vectors Risk,42.2,3,20.04908544671317
2024-03-22,33.599999999999994,71.0,2.0,Andheri,19.1136,72.8697,2,Waterlogging Vectors Risk,42.2,3,11.559248274111381
2024-03-23,33.0,71.0,2.0,Andheri,19.1136,72.8697,2,Waterlogging Vectors Risk,42.2,3,26.262179026721544
2024-03-24,31.6,78.0,2.0,Andheri,19.1136,72.8697,2,Waterlogging Vectors Risk,42.0,3,19.90882743495797
2024-03-25,32.3,76.0,2.0,Andheri,19.1136,72.8697,2,Waterlogging Vectors Risk,42.0,3,13.375843082456887
2024-03-26,34.0,74.0,2.0,Andheri,19.1136,72.8697,2,Waterlogging Vectors Risk,42.0,3,5.0
2024-03-27,32.9,82.0,2.0,Andheri,19.1136,72.8697,2,Waterlogging Vectors Risk,42.0,3,26.45471286295371
2024-03-28,32.8,81.0,2.0,Andheri,19.1136,72.8697,2,Waterlogging Vectors Risk,42.0,3,8.05213766618202
2024-03-29,34.5,72.0,2.0,Andheri,19.1136,72.8697,2,Waterlogging Vectors Risk,42.0,3,6.773006265215541
2024-03-30,34.0,69.0,2.0,Andheri,19.1136,72.8697,2,Waterlogging Vectors Risk,42.0,3,20.112852160048202
2024-03-31,33.8,58.0,2.0,Andheri,19.1136,72.8697,2,Waterlogging Vectors Risk,42.0,3,27.198762031696365
2024-04-01,33.599999999999994,71.0,2.0,Andheri,19.1136,72.8697,2,Waterlogging Vectors Risk,42.0,4,21.92136409255259
2024-04-02,33.0,75.0,2.0,Andheri,19.1136,72.8697,2,Waterlogging Vectors Risk,42.0,4,17.819545600261797
2024-04-03,33.199999999999996,73.0,2.0,Andheri,19.1136,72.8697,2,Waterlogging Vectors Risk,42.0,4,17.97377170832643
2024-04-04,32.699999999999996,74.0,2.0,Andheri,19.1136,72.8697,2,Waterlogging Vectors Risk,42.0,4,19.26707779390154
2024-04-05,35.199999999999996,65.0,2.0,Andheri,19.1136,72.8697,2,Waterlogging Vectors Risk,42.0,4,18.794642948933827
2024-04-06,36.599999999999994,47.0,2.0,Andheri,19.1136,72.8697,2,Waterlogging Vectors Risk,42.0,4,16.405957119846878
2024-04-07,36.3,50.0,2.0,Andheri,19.1136,72.8697,2,Waterlogging Vectors Risk,42.0,4,15.521005519759381
2024-04-08,33.099999999999994,70.0,2.0,Andheri,19.1136,72.8697,2,Waterlogging Vectors Risk,42.0,4,14.687034360502388
2024-04-09,34.0,77.0,2.0,Andheri,19.1136,72.8697,2,Waterlogging Vectors Risk,42.0,4,11.23017705566662
2024-04-10,33.099999999999994,80.0,2.0,Andheri,19.1136,72.8697,2,Waterlogging Vectors Risk,42.0,4,13.59662461566613
2024-04-11,33.3,76.0,2.0,Andheri,19.1136,72.8697,2,Waterlogging Vectors Risk,42.0,4,6.535215929023073
2024-04-12,33.599999999999994,70.0,2.0,Andheri,19.1136,72.8697,2,Waterlogging Vectors Risk,42.0,4,14.508301866026251
2024-04-13,31.3,76.0,2.0,Andheri,19.1136,72.8697,2,Waterlogging Vectors Risk,42.0,4,10.057044464245413
2024-04-14,32.4,82.0,2.0,Andheri,19.1136,72.8697,2,Waterlogging Vectors Risk,42.0,4,9.482053413921145
2024-04-15,36.099999999999994,68.0,2.0,Andheri,19.1136,72.8697,2,Waterlogging Vectors Risk,42.0,4,15.899470755767393
2024-04-16,41.099999999999994,50.0,2.0,Andheri,19.1136,72.8697,2,Waterlogging Vectors Risk,42.0,4,21.960011431722997
2024-04-17,33.599999999999994,69.0,2.0,Andheri,19.1136,72.8697,2,Waterlogging Vectors Risk,42.0,4,19.591583030011563
2024-04-18,34.099999999999994,76.0,2.0,Andheri,19.1136,72.8697,2,Waterlogging Vectors Risk,42.0,4,7.147496981884115
2024-04-19,35.5,67.0,2.0,Andheri,19.1136,72.8697,2,Waterlogging Vectors Risk,42.0,4,10.051859317148313
2024-04-20,35.5,62.0,2.0,Andheri,19.1136,72.8697,2,Waterlogging Vectors Risk,42.0,4,19.70385593994108
2024-04-21,33.8,64.0,2.0,Andheri,19.1136,72.8697,2,Waterlogging Vectors Risk,42.0,4,10.087563032308452
2024-04-22,34.0,69.0,2.0,Andheri,19.1136,72.8697,2,Waterlogging Vectors Risk,42.0,4,13.876834250014877
2024-04-23,34.099999999999994,71.0,2.0,Andheri,19.1136,72.8697,2,Waterlogging Vectors Risk,42.0,4,17.75026049512276
2024-04-24,33.599999999999994,75.0,2.0,Andheri,19.1136,72.8697,2,Waterlogging Vectors Risk,42.0,4,10.158277725681824
2024-04-25,34.099999999999994,71.0,2.0,Andheri,19.1136,72.8697,2,Waterlogging Vectors Risk,42.0,4,15.526877530729799
2024-04-26,35.0,68.0,2.0,Andheri,19.1136,72.8697,2,Waterlogging Vectors Risk,42.0,4,8.329872525408977
2024-04-27,35.9,63.0,2.0,Andheri,19.1136,72.8697,2,Waterlogging Vectors Risk,42.0,4,11.99316178024393
2024-04-28,39.099999999999994,50.0,2.0,Andheri,19.1136,72.8697,2,Waterlogging Vectors Risk,42.0,4,16.598909670712686
2024-04-29,38.0,47.0,2.0,Andheri,19.1136,72.8697,2,Waterlogging Vectors Risk,42.0,4,7.035031332341654
2024-04-30,37.4,56.0,2.0,Andheri,19.1136,72.8697,2,Waterlogging Vectors Risk,42.0,4,17.202373689801995
2024-05-01,34.3,67.0,2.0,Andheri,19.1136,72.8697,2,Waterlogging Vectors Risk,42.0,5,14.901811005366595
2024-05-02,33.199999999999996,72.0,2.0,Andheri,19.1136,72.8697,2,Waterlogging Vectors Risk,42.0,5,17.762449772085738
2024-05-03,33.0,80.0,2.0,Andheri,19.1136,72.8697,2,Waterlogging Vectors Risk,42.0,5,16.119570670323306
2024-05-04,33.0,83.0,2.0,Andheri,19.1136,72.8697,2,Waterlogging Vectors Risk,42.0,5,21.82070214986922
2024-05-05,34.5,77.0,2.0,Andheri,19.1136,72.8697,2,Waterlogging Vectors Risk,42.0,5,15.626122513239537
2024-05-06,33.0,81.0,2.0,Andheri,19.1136,72.8697,2,Waterlogging Vectors Risk,42.0,5,12.852972294373735
2024-05-07,33.099999999999994,80.0,2.0,Andheri,19.1136,72.8697,2,Waterlogging Vectors Risk,42.0,5,15.61148751516142
2024-05-08,32.8,77.0,2.0,Andheri,19.1136,72.8697,2,Waterlogging Vectors Risk,42.0,5,17.71649014518194
2024-05-09,32.599999999999994,80.0,2.0,Andheri,19.1136,72.8697,2,Waterlogging Vectors Risk,42.0,5,15.244300351628521
2024-05-10,33.0,79.0,2.0,Andheri,19.1136,72.8697,2,Waterlogging Vectors Risk,42.0,5,15.202958456019411
2024-05-11,33.3,81.0,2.0,Andheri,19.1136,72.8697,2,Waterlogging Vectors Risk,42.0,5,11.490041560966223
2024-05-12,33.599999999999994,78.0,2.0,Andheri,19.1136,72.8697,2,Waterlogging Vectors Risk,42.0,5,11.68549541224526
2024-05-13,34.599999999999994,76.0,3.8,Andheri,19.1136,72.8697,2,Waterlogging Vectors Risk,43.8,5,7.986973641001533
2024-05-14,37.3,67.0,2.0,Andheri,19.1136,72.8697,2,Waterlogging Vectors Risk,43.8,5,23.747883715934698
2024-05-15,35.8,72.0,2.0,Andheri,19.1136,72.8697,2,Waterlogging Vectors Risk,43.8,5,8.780683823043574
2024-05-16,38.699999999999996,69.0,2.1,Andheri,19.1136,72.8697,2,Waterlogging Vectors Risk,43.9,5,11.535474011020463
2024-05-17,36.0,70.0,2.0,Andheri,19.1136,72.8697,2,Waterlogging Vectors Risk,43.9,5,11.407963672154013
2024-05-18,34.5,82.0,2.0,Andheri,19.1136,72.8697,2,Waterlogging Vectors Risk,43.9,5,19.474621884722207
2024-05-19,33.9,80.0,7.6,Andheri,19.1136,72.8697,2,Waterlogging Vectors Risk,49.5,5,13.525251608539861
2024-05-20,34.9,77.0,2.0,Andheri,19.1136,72.8697,2,Waterlogging Vectors Risk,49.5,5,21.238710363368668
2024-05-21,35.099999999999994,78.0,2.1,Andheri,19.1136,72.8697,2,Waterlogging Vectors Risk,49.6,5,11.632546878780659
2024-05-22,34.3,80.0,2.3,Andheri,19.1136,72.8697,2,Waterlogging Vectors Risk,49.9,5,16.39497081111901
2024-05-23,34.0,81.0,2.0,Andheri,19.1136,72.8697,2,Waterlogging Vectors Risk,49.9,5,10.823264733701214
2024-05-24,34.5,79.0,2.2,Andheri,19.1136,72.8697,2,Waterlogging Vectors Risk,50.1,5,25.72574563886694
2024-05-25,33.5,76.0,2.7,Andheri,19.1136,72.8697,2,Waterlogging Vectors Risk,50.8,5,9.062007904852436
2024-05-26,33.199999999999996,72.0,2.5,Andheri,19.1136,72.8697,2,Waterlogging Vectors Risk,51.3,5,16.549103551135136
2024-05-27,33.3,75.0,2.5,Andheri,19.1136,72.8697,2,Waterlogging Vectors Risk,51.8,5,18.168884404660492
2024-05-28,33.5,73.0,2.6,Andheri,19.1136,72.8697,2,Waterlogging Vectors Risk,52.4,5,17.068995487257492
2024-05-29,33.8,67.0,2.4,Andheri,19.1136,72.8697,2,Waterlogging Vectors Risk,52.8,5,14.073561705611459
2024-05-30,34.3,68.0,2.2,Andheri,19.1136,72.8697,2,Waterlogging Vectors Risk,53.0,5,14.350896501332869
2024-05-31,34.099999999999994,82.0,2.6,Andheri,19.1136,72.8697,2,Waterlogging Vectors Risk,53.6,5,15.219057359895547
2024-06-01,33.8,77.0,2.8,Andheri,19.1136,72.8697,2,Waterlogging Vectors Risk,54.4,6,14.264989991857558
2024-06-02,34.3,72.0,2.3,Andheri,19.1136,72.8697,2,Waterlogging Vectors Risk,54.7,6,19.819395583974547
2024-06-03,34.0,73.0,2.7,Andheri,19.1136,72.8697,2,Waterlogging Vectors Risk,53.6,6,26.052615007956756
2024-06-04,33.3,80.0,6.8,Andheri,19.1136,72.8697,2,Waterlogging Vectors Risk,58.4,6,12.212541074960832
2024-06-05,33.599999999999994,81.0,8.7,Andheri,19.1136,72.8697,2,Waterlogging Vectors Risk,65.1,6,8.150985102104611
2024-06-06,33.9,81.0,3.2,Andheri,19.1136,72.8697,2,Waterlogging Vectors Risk,66.2,6,14.558589758243725
2024-06-07,33.3,77.0,3.1,Andheri,19.1136,72.8697,2,Waterlogging Vectors Risk,67.3,6,27.898546688271594
2024-06-08,34.099999999999994,77.0,8.3,Andheri,19.1136,72.8697,2,Waterlogging Vectors Risk,73.6,6,10.981627160151346
2024-06-09,31.400000000000002,84.0,25.0,Andheri,19.1136,72.8697,2,Waterlogging Vectors Risk,91.0,6,23.195584027220338
2024-06-10,29.6,90.0,35.2,Andheri,19.1136,72.8697,2,Waterlogging Vectors Risk,124.20000000000002,6,23.388504070382204
2024-06-11,30.0,90.0,12.8,Andheri,19.1136,72.8697,2,Waterlogging Vectors Risk,134.9,6,12.232058791460027
2024-06-12,29.8,89.0,16.3,Andheri,19.1136,72.8697,2,Waterlogging Vectors Risk,148.89999999999998,6,17.844915395926378
2024-06-13,29.8,89.0,15.6,Andheri,19.1136,72.8697,2,Waterlogging Vectors Risk,162.5,6,23.141983115642688
2024-06-14,29.0,89.0,10.6,Andheri,19.1136,72.8697,2,Waterlogging Vectors Risk,170.9,6,13.104361295062564
2024-06-15,29.6,86.0,4.2,Andheri,19.1136,72.8697,2,Waterlogging Vectors Risk,172.4,6,13.982098199488192
2024-06-16,30.8,84.0,3.4,Andheri,19.1136,72.8697,2,Waterlogging Vectors Risk,173.3,6,12.091595430256781
2024-06-17,31.3,86.0,9.4,Andheri,19.1136,72.8697,2,Waterlogging Vectors Risk,180.20000000000002,6,9.926216346535666
2024-06-18,29.6,90.0,32.3,Andheri,19.1136,72.8697,2,Waterlogging Vectors Risk,209.89999999999998,6,11.753612274669965
2024-06-19,29.0,88.0,25.3,Andheri,19.1136,72.8697,2,Waterlogging Vectors Risk,232.8,6,8.880298666188718
2024-06-20,28.3,91.0,50.6,Andheri,19.1136,72.8697,2,Waterlogging Vectors Risk,281.2,6,15.17041734129613
2024-06-21,30.900000000000002,89.0,24.9,Andheri,19.1136,72.8697,2,Waterlogging Vectors Risk,303.50000000000006,6,11.15013384470679
2024-06-22,30.0,88.0,7.3,Andheri,19.1136,72.8697,2,Waterlogging Vectors Risk,308.0,6,16.16892955895374
2024-06-23,29.6,89.0,6.2,Andheri,19.1136,72.8697,2,Waterlogging Vectors Risk,311.90000000000003,6,7.220521768981864
2024-06-24,29.400000000000002,89.0,13.3,Andheri,19.1136,72.8697,2,Waterlogging Vectors Risk,322.5,6,16.654401161072286
2024-06-25,30.400000000000002,88.0,8.8,Andheri,19.1136,72.8697,2,Waterlogging Vectors Risk,324.5,6,19.167644808044624
2024-06-26,30.3,90.0,25.0,Andheri,19.1136,72.8697,2,Waterlogging Vectors Risk,340.8,6,5.031321787142723
2024-06-27,28.6,93.0,100.7,Andheri,19.1136,72.8697,2,Waterlogging Vectors Risk,438.30000000000007,6,16.87028284923786
2024-06-28,28.0,92.0,47.3,Andheri,19.1136,72.8697,2,Waterlogging Vectors Risk,482.5,6,21.13834496236646
2024-06-29,29.8,90.0,23.3,Andheri,19.1136,72.8697,2,Waterlogging Vectors Risk,497.5,6,8.951794906543974
2024-06-30,29.2,90.0,23.3,Andheri,19.1136,72.8697,2,Waterlogging Vectors Risk,495.8,6,23.362861934188516
2024-07-01,30.400000000000002,85.0,18.3,Andheri,19.1136,72.8697,2,Waterlogging Vectors Risk,478.90000000000003,7,17.095095046830227
2024-07-02,30.2,85.0,10.1,Andheri,19.1136,72.8697,2,Waterlogging Vectors Risk,476.2,7,11.474940721207956
2024-07-03,29.8,87.0,10.9,Andheri,19.1136,72.8697,2,Waterlogging Vectors Risk,470.8,7,14.72115461171147
2024-07-04,28.8,88.0,10.7,Andheri,19.1136,72.8697,2,Waterlogging Vectors Risk,465.90000000000003,7,17.79163456260861
2024-07-05,28.900000000000002,90.0,14.2,Andheri,19.1136,72.8697,2,Waterlogging Vectors Risk,469.5,7,15.380026957062057
2024-07-06,29.3,88.0,19.6,Andheri,19.1136,72.8697,2,Waterlogging Vectors Risk,484.90000000000003,7,17.693779962231847
2024-07-07,29.0,91.0,13.8,Andheri,19.1136,72.8697,2,Waterlogging Vectors Risk,495.29999999999995,7,10.396632034603169
2024-07-08,28.3,92.0,22.7,Andheri,19.1136,72.8697,2,Waterlogging Vectors Risk,508.6,7,15.84680412018039
2024-07-09,26.8,95.0,82.2,Andheri,19.1136,72.8697,2,Waterlogging Vectors Risk,558.5,7,7.931427515475099
2024-07-10,28.6,91.0,38.0,Andheri,19.1136,72.8697,2,Waterlogging Vectors Risk,571.2,7,14.443869693256499
2024-07-11,28.6,93.0,41.1,Andheri,19.1136,72.8697,2,Waterlogging Vectors Risk,561.7,7,10.480461792676051
2024-07-12,26.7,95.0,85.3,Andheri,19.1136,72.8697,2,Waterlogging Vectors Risk,622.1,7,11.322350287051167
2024-07-13,26.3,95.0,78.7,Andheri,19.1136,72.8697,2,Waterlogging Vectors Risk,693.5,7,21.18046587605219
2024-07-14,26.3,96.0,52.5,Andheri,19.1136,72.8697,2,Waterlogging Vectors Risk,739.8000000000001,7,20.456550602971344
2024-07-15,27.8,92.0,12.2,Andheri,19.1136,72.8697,2,Waterlogging Vectors Risk,738.6999999999999,7,18.045690604535885
2024-07-16,28.8,93.0,19.6,Andheri,19.1136,72.8697,2,Waterlogging Vectors Risk,749.5,7,9.538436176637106
2024-07-17,27.400000000000002,93.0,47.3,Andheri,19.1136,72.8697,2,Waterlogging Vectors Risk,771.8000000000001,7,13.417957751525991
2024-07-18,27.900000000000002,94.0,59.6,Andheri,19.1136,72.8697,2,Waterlogging Vectors Risk,730.6999999999999,7,21.065488499895917
2024-07-19,27.1,94.0,50.3,Andheri,19.1136,72.8697,2,Waterlogging Vectors Risk,733.7,7,15.708584568199523
2024-07-20,27.5,93.0,89.0,Andheri,19.1136,72.8697,2,Waterlogging Vectors Risk,799.4,7,26.596647699908473
2024-07-21,26.900000000000002,93.0,50.9,Andheri,19.1136,72.8697,2,Waterlogging Vectors Risk,827.0,7,16.96658919697186
2024-07-22,26.7,93.0,56.7,Andheri,19.1136,72.8697,2,Waterlogging Vectors Risk,865.4000000000001,7,15.960245582450158
2024-07-23,26.3,93.0,44.1,Andheri,19.1136,72.8697,2,Waterlogging Vectors Risk,899.4,7,13.454417678987493
2024-07-24,26.8,93.0,56.4,Andheri,19.1136,72.8697,2,Waterlogging Vectors Risk,944.9000000000001,7,15.66770452391141
2024-07-25,27.2,92.0,76.2,Andheri,19.1136,72.8697,2,Waterlogging Vectors Risk,1010.4,7,14.237650818097281
2024-07-26,28.3,90.0,24.9,Andheri,19.1136,72.8697,2,Waterlogging Vectors Risk,1021.0999999999999,7,18.54054338344295
2024-07-27,28.6,86.0,10.2,Andheri,19.1136,72.8697,2,Waterlogging Vectors Risk,1011.7,7,19.78351158397292
2024-07-28,29.0,90.0,21.0,Andheri,19.1136,72.8697,2,Waterlogging Vectors Risk,1018.9,7,11.070052697460252
2024-07-29,27.5,92.0,36.2,Andheri,19.1136,72.8697,2,Waterlogging Vectors Risk,1032.4,7,8.34383523221111
2024-07-30,27.900000000000002,92.0,19.4,Andheri,19.1136,72.8697,2,Waterlogging Vectors Risk,969.6,7,5.818973134483517
2024-07-31,28.400000000000002,91.0,24.1,Andheri,19.1136,72.8697,2,Waterlogging Vectors Risk,955.7,7,17.539956634562717
2024-08-01,29.2,89.0,17.8,Andheri,19.1136,72.8697,2,Waterlogging Vectors Risk,932.4,8,9.483166969130632
2024-08-02,28.1,89.0,30.2,Andheri,19.1136,72.8697,2,Waterlogging Vectors Risk,877.3000000000001,8,5.0
2024-08-03,27.3,90.0,26.5,Andheri,19.1136,72.8697,2,Waterlogging Vectors Risk,825.1,8,16.942893022654822
2024-08-04,26.8,91.0,41.4,Andheri,19.1136,72.8697,2,Waterlogging Vectors Risk,814.0,8,27.464997587163953
2024-08-05,28.7,87.0,7.8,Andheri,19.1136,72.8697,2,Waterlogging Vectors Risk,809.6,8,14.969645442300534
2024-08-06,28.400000000000002,87.0,7.2,Andheri,19.1136,72.8697,2,Waterlogging Vectors Risk,797.2,8,19.19245387225821
2024-08-07,28.6,88.0,7.6,Andheri,19.1136,72.8697,2,Waterlogging Vectors Risk,757.5,8,15.409146792737825
2024-08-08,28.400000000000002,86.0,6.2,Andheri,19.1136,72.8697,2,Waterlogging Vectors Risk,704.1,8,14.505551734044287
2024-08-09,27.6,91.0,17.5,Andheri,19.1136,72.8697,2,Waterlogging Vectors Risk,671.3,8,19.595382414938843
2024-08-10,27.900000000000002,88.0,6.7,Andheri,19.1136,72.8697,2,Waterlogging Vectors Risk,589.0,8,13.548627279056744
2024-08-11,29.0,85.0,4.4,Andheri,19.1136,72.8697,2,Waterlogging Vectors Risk,542.5,8,16.336961570359513
2024-08-12,28.7,87.0,4.9,Andheri,19.1136,72.8697,2,Waterlogging Vectors Risk,490.7,8,16.608489030980067
2024-08-13,28.6,88.0,5.6,Andheri,19.1136,72.8697,2,Waterlogging Vectors Risk,452.2,8,11.659547731784755
2024-08-14,28.900000000000002,88.0,3.9,Andheri,19.1136,72.8697,2,Waterlogging Vectors Risk,399.7,8,19.960211747682614
2024-08-15,29.2,87.0,3.2,Andheri,19.1136,72.8697,2,Waterlogging Vectors Risk,326.70000000000005,8,14.125201216522957
2024-08-16,29.3,87.0,2.9,Andheri,19.1136,72.8697,2,Waterlogging Vectors Risk,304.7,8,11.221274202535776
2024-08-17,29.400000000000002,88.0,2.5,Andheri,19.1136,72.8697,2,Waterlogging Vectors Risk,297.0,8,17.682549217852017
2024-08-18,29.7,89.0,4.9,Andheri,19.1136,72.8697,2,Waterlogging Vectors Risk,280.9,8,10.507660091044814
2024-08-19,28.8,92.0,18.7,Andheri,19.1136,72.8697,2,Waterlogging Vectors Risk,263.40000000000003,8,15.140905786845641
2024-08-20,28.400000000000002,94.0,30.8,Andheri,19.1136,72.8697,2,Waterlogging Vectors Risk,274.8,8,14.954405016778983
2024-08-21,30.1,90.0,2.2,Andheri,19.1136,72.8697,2,Waterlogging Vectors Risk,252.89999999999998,8,20.42947782915789
2024-08-22,29.8,89.0,6.7,Andheri,19.1136,72.8697,2,Waterlogging Vectors Risk,241.8,8,17.373491164399763
2024-08-23,28.3,93.0,18.0,Andheri,19.1136,72.8697,2,Waterlogging Vectors Risk,229.60000000000002,8,14.874865206274281
2024-08-24,26.3,95.0,63.7,Andheri,19.1136,72.8697,2,Waterlogging Vectors Risk,266.8,8,19.088831496001436
2024-08-25,27.400000000000002,91.0,30.0,Andheri,19.1136,72.8697,2,Waterlogging Vectors Risk,255.4,8,21.951037745086566
2024-08-26,26.8,90.0,24.6,Andheri,19.1136,72.8697,2,Waterlogging Vectors Risk,272.2,8,17.789051531759313
2024-08-27,27.3,90.0,19.9,Andheri,19.1136,72.8697,2,Waterlogging Vectors Risk,284.90000000000003,8,15.051763099216902
2024-08-28,28.7,88.0,16.4,Andheri,19.1136,72.8697,2,Waterlogging Vectors Risk,293.7,8,8.440818838249202
2024-08-29,28.8,87.0,7.1,Andheri,19.1136,72.8697,2,Waterlogging Vectors Risk,294.6,8,9.674431684623137
2024-08-30,28.8,88.0,8.5,Andheri,19.1136,72.8697,2,Waterlogging Vectors Risk,285.6,8,13.473876478226662
2024-08-31,28.7,88.0,4.1,Andheri,19.1136,72.8697,2,Waterlogging Vectors Risk,283.0,8,11.952438989203584
2024-09-01,27.6,88.0,4.3,Andheri,19.1136,72.8697,2,Waterlogging Vectors Risk,282.9,9,14.06514348507277
2024-09-02,27.0,93.0,31.6,Andheri,19.1136,72.8697,2,Waterlogging Vectors Risk,309.6,9,15.283249624485535
2024-09-03,27.0,92.0,15.0,Andheri,19.1136,72.8697,2,Waterlogging Vectors Risk,319.0,9,17.648463771783653
2024-09-04,28.1,91.0,19.1,Andheri,19.1136,72.8697,2,Waterlogging Vectors Risk,334.2,9,14.647506109704544
2024-09-05,28.0,91.0,29.9,Andheri,19.1136,72.8697,2,Waterlogging Vectors Risk,360.90000000000003,9,17.43250821913101
2024-09-06,28.2,89.0,16.7,Andheri,19.1136,72.8697,2,Waterlogging Vectors Risk,374.7,9,15.322372074050602
2024-09-07,28.1,90.0,12.0,Andheri,19.1136,72.8697,2,Waterlogging Vectors Risk,384.2,9,5.1226671682306435
2024-09-08,28.5,89.0,6.2,Andheri,19.1136,72.8697,2,Waterlogging Vectors Risk,385.5,9,10.303323030906228
2024-09-09,28.6,88.0,4.0,Andheri,19.1136,72.8697,2,Waterlogging Vectors Risk,370.8,9,14.279562221391922
2024-09-10,28.3,89.0,5.9,Andheri,19.1136,72.8697,2,Waterlogging Vectors Risk,345.9,9,8.951526285794461
2024-09-11,27.900000000000002,89.0,6.6,Andheri,19.1136,72.8697,2,Waterlogging Vectors Risk,350.3,9,17.999643649981024
2024-09-12,28.2,89.0,10.2,Andheri,19.1136,72.8697,2,Waterlogging Vectors Risk,353.8,9,22.65375416171849
2024-09-13,28.400000000000002,86.0,6.5,Andheri,19.1136,72.8697,2,Waterlogging Vectors Risk,342.3,9,21.093809258486584
2024-09-14,27.7,90.0,11.1,Andheri,19.1136,72.8697,2,Waterlogging Vectors Risk,289.7,9,13.932785645348961
2024-09-15,27.2,90.0,5.9,Andheri,19.1136,72.8697,2,Waterlogging Vectors Risk,265.59999999999997,9,22.45363068424976
2024-09-16,28.5,90.0,4.4,Andheri,19.1136,72.8697,2,Waterlogging Vectors Risk,245.4,9,15.743337286010558
2024-09-17,28.7,87.0,2.2,Andheri,19.1136,72.8697,2,Waterlogging Vectors Risk,227.70000000000002,9,13.314570144409803
2024-09-18,29.0,86.0,2.8,Andheri,19.1136,72.8697,2,Waterlogging Vectors Risk,214.1,9,11.9329866822953
2024-09-19,29.3,84.0,3.0,Andheri,19.1136,72.8697,2,Waterlogging Vectors Risk,210.0,9,13.487651567559357
2024-09-20,28.2,90.0,7.2,Andheri,19.1136,72.8697,2,Waterlogging Vectors Risk,208.70000000000002,9,13.059115907293856
2024-09-21,29.5,86.0,3.9,Andheri,19.1136,72.8697,2,Waterlogging Vectors Risk,208.5,9,15.852081111877439
2024-09-22,29.400000000000002,86.0,4.2,Andheri,19.1136,72.8697,2,Waterlogging Vectors Risk,208.4,9,15.802869905249324
2024-09-23,28.7,90.0,7.7,Andheri,19.1136,72.8697,2,Waterlogging Vectors Risk,184.5,9,15.015230100767072
2024-09-24,28.8,94.0,25.1,Andheri,19.1136,72.8697,2,Waterlogging Vectors Risk,194.60000000000002,9,17.184690848731748
2024-09-25,27.8,95.0,38.4,Andheri,19.1136,72.8697,2,Waterlogging Vectors Risk,213.89999999999998,9,20.953231373931708
2024-09-26,26.3,97.0,50.0,Andheri,19.1136,72.8697,2,Waterlogging Vectors Risk,234.0,9,19.747770677206617
2024-09-27,26.6,93.0,63.7,Andheri,19.1136,72.8697,2,Waterlogging Vectors Risk,281.0,9,7.575510157750482
2024-09-28,27.8,89.0,7.8,Andheri,19.1136,72.8697,2,Waterlogging Vectors Risk,276.8,9,5.0
2024-09-29,28.400000000000002,91.0,6.6,Andheri,19.1136,72.8697,2,Waterlogging Vectors Risk,277.2,9,19.67159955619637
2024-09-30,29.5,91.0,3.6,Andheri,19.1136,72.8697,2,Waterlogging Vectors Risk,276.8,9,8.165606507922895
2024-10-01,31.3,92.0,2.6,Andheri,19.1136,72.8697,2,Waterlogging Vectors Risk,273.5,10,34.84283965720324
2024-10-02,30.5,94.0,3.3,Andheri,19.1136,72.8697,2,Waterlogging Vectors Risk,270.2,10,34.6494348697032
2024-10-03,29.8,90.0,3.4,Andheri,19.1136,72.8697,2,Waterlogging Vectors Risk,263.40000000000003,10,35.45676447876656
2024-10-04,29.3,89.0,3.4,Andheri,19.1136,72.8697,2,Waterlogging Vectors Risk,260.3,10,50.007313641023934
2024-10-05,29.3,89.0,3.1,Andheri,19.1136,72.8697,2,Waterlogging Vectors Risk,252.29999999999998,10,51.095775801513234
2024-10-06,31.0,89.0,23.4,Andheri,19.1136,72.8697,2,Waterlogging Vectors Risk,269.8,10,34.78411466303307
2024-10-07,31.400000000000002,87.0,2.6,Andheri,19.1136,72.8697,2,Waterlogging Vectors Risk,268.0,10,22.444788539275443
2024-10-08,32.0,88.0,2.0,Andheri,19.1136,72.8697,2,Waterlogging Vectors Risk,267.8,10,29.268777758737585
2024-10-09,28.900000000000002,91.0,8.4,Andheri,19.1136,72.8697,2,Waterlogging Vectors Risk,273.4,10,51.52568669367938
2024-10-10,29.400000000000002,89.0,8.4,Andheri,19.1136,72.8697,2,Waterlogging Vectors Risk,278.79999999999995,10,39.33877548946268
2024-10-11,31.3,86.0,24.0,Andheri,19.1136,72.8697,2,Waterlogging Vectors Risk,295.6,10,36.88346626556244
2024-10-12,31.2,89.0,2.7,Andheri,19.1136,72.8697,2,Waterlogging Vectors Risk,294.40000000000003,10,36.456784087468364
2024-10-13,30.400000000000002,89.0,4.0,Andheri,19.1136,72.8697,2,Waterlogging Vectors Risk,294.20000000000005,10,43.963124164672095
2024-10-14,31.3,90.0,7.2,Andheri,19.1136,72.8697,2,Waterlogging Vectors Risk,293.7,10,36.56456850873743
2024-10-15,29.400000000000002,90.0,2.0,Andheri,19.1136,72.8697,2,Waterlogging Vectors Risk,270.6,10,41.867988628925545
2024-10-16,30.5,91.0,10.6,Andheri,19.1136,72.8697,2,Waterlogging Vectors Risk,242.8,10,46.482857508322454
2024-10-17,28.8,94.0,4.9,Andheri,19.1136,72.8697,2,Waterlogging Vectors Risk,197.70000000000002,10,49.34068546819847
2024-10-18,31.7,88.0,14.4,Andheri,19.1136,72.8697,2,Waterlogging Vectors Risk,148.4,10,33.563477302450345
2024-10-19,29.8,91.0,9.9,Andheri,19.1136,72.8697,2,Waterlogging Vectors Risk,150.5,10,39.80032687130068
2024-10-20,29.6,90.0,8.8,Andheri,19.1136,72.8697,2,Waterlogging Vectors Risk,152.7,10,43.38358874404244
2024-10-21,30.2,88.0,15.3,Andheri,19.1136,72.8697,2,Waterlogging Vectors Risk,164.4,10,37.7759864298655
2024-10-22,30.1,90.0,9.3,Andheri,19.1136,72.8697,2,Waterlogging Vectors Risk,171.1,10,41.901936367049544
2024-10-23,31.2,88.0,2.0,Andheri,19.1136,72.8697,2,Waterlogging Vectors Risk,169.79999999999998,10,45.091875734045054
2024-10-24,32.3,78.0,2.0,Andheri,19.1136,72.8697,2,Waterlogging Vectors Risk,168.4,10,23.440494285343235
2024-10-25,30.900000000000002,77.0,2.0,Andheri,19.1136,72.8697,2,Waterlogging Vectors Risk,167.0,10,30.165526343949615
2024-10-26,32.3,71.0,2.0,Andheri,19.1136,72.8697,2,Waterlogging Vectors Risk,165.9,10,37.65585163746806
2024-10-27,31.400000000000002,81.0,2.0,Andheri,19.1136,72.8697,2,Waterlogging Vectors Risk,144.5,10,34.35338161424066
2024-10-28,31.6,86.0,2.0,Andheri,19.1136,72.8697,2,Waterlogging Vectors Risk,143.9,10,30.921302973367077
2024-10-29,31.0,90.0,2.0,Andheri,19.1136,72.8697,2,Waterlogging Vectors Risk,143.9,10,42.86619010364706
2024-10-30,32.5,86.0,2.0,Andheri,19.1136,72.8697,2,Waterlogging Vectors Risk,137.5,10,26.138588967982344
2024-10-31,32.199999999999996,78.0,2.0,Andheri,19.1136,72.8697,2,Waterlogging Vectors Risk,131.1,10,39.99671523440137
2024-11-01,31.0,85.0,2.3,Andheri,19.1136,72.8697,2,Waterlogging Vectors Risk,109.4,11,41.05629602336302
2024-11-02,32.8,79.0,2.0,Andheri,19.1136,72.8697,2,Waterlogging Vectors Risk,108.7,11,25.02710962593817
2024-11-03,34.0,68.0,2.0,Andheri,19.1136,72.8697,2,Waterlogging Vectors Risk,106.7,11,31.453207732994187
2024-11-04,33.8,63.0,2.0,Andheri,19.1136,72.8697,2,Waterlogging Vectors Risk,101.5,11,18.771425384983324
2024-11-05,34.099999999999994,63.0,2.0,Andheri,19.1136,72.8697,2,Waterlogging Vectors Risk,101.5,11,23.810476860046567
2024-11-06,33.5,64.0,2.0,Andheri,19.1136,72.8697,2,Waterlogging Vectors Risk,92.9,11,24.99646290203246
2024-11-07,33.3,60.0,2.0,Andheri,19.1136,72.8697,2,Waterlogging Vectors Risk,90.0,11,31.142039780327337
2024-11-08,33.599999999999994,61.0,2.0,Andheri,19.1136,72.8697,2,Waterlogging Vectors Risk,77.60000000000001,11,30.74088931696763
2024-11-09,33.9,61.0,2.0,Andheri,19.1136,72.8697,2,Waterlogging Vectors Risk,69.7,11,21.393354078662174
2024-11-10,33.5,59.0,2.0,Andheri,19.1136,72.8697,2,Waterlogging Vectors Risk,62.900000000000006,11,19.732910648269083
2024-11-11,33.099999999999994,50.0,2.0,Andheri,19.1136,72.8697,2,Waterlogging Vectors Risk,49.6,11,28.066527381362285
2024-11-12,33.3,56.0,2.0,Andheri,19.1136,72.8697,2,Waterlogging Vectors Risk,42.300000000000004,11,21.244756484572818
2024-11-13,34.599999999999994,52.0,2.0,Andheri,19.1136,72.8697,2,Waterlogging Vectors Risk,42.300000000000004,11,27.333602904299813
2024-11-14,35.199999999999996,49.0,2.0,Andheri,19.1136,72.8697,2,Waterlogging Vectors Risk,42.300000000000004,11,14.549343322080377
2024-11-15,33.699999999999996,61.0,2.3,Andheri,19.1136,72.8697,2,Waterlogging Vectors Risk,42.6,11,20.540058910106147
2024-11-16,34.099999999999994,68.0,2.0,Andheri,19.1136,72.8697,2,Waterlogging Vectors Risk,42.6,11,21.023401529324577
2024-11-17,35.599999999999994,61.0,2.0,Andheri,19.1136,72.8697,2,Waterlogging Vectors Risk,42.6,11,5.0
2024-11-18,34.599999999999994,55.0,2.0,Andheri,19.1136,72.8697,2,Waterlogging Vectors Risk,42.6,11,12.408596474113441
2024-11-19,33.599999999999994,48.0,2.0,Andheri,19.1136,72.8697,2,Waterlogging Vectors Risk,42.6,11,28.935402873055494
2024-11-20,32.8,50.0,2.0,Andheri,19.1136,72.8697,2,Waterlogging Vectors Risk,42.6,11,24.182195271809704
2024-11-21,32.8,52.0,2.0,Andheri,19.1136,72.8697,2,Waterlogging Vectors Risk,42.6,11,22.232111753256984
2024-11-22,32.5,57.0,2.0,Andheri,19.1136,72.8697,2,Waterlogging Vectors Risk,42.3,11,31.849930429303093
2024-11-23,31.8,59.0,2.0,Andheri,19.1136,72.8697,2,Waterlogging Vectors Risk,42.3,11,39.06185410664831
2024-11-24,32.8,59.0,2.0,Andheri,19.1136,72.8697,2,Waterlogging Vectors Risk,42.3,11,31.06143321999202
2024-11-25,32.599999999999994,57.0,2.0,Andheri,19.1136,72.8697,2,Waterlogging Vectors Risk,42.3,11,33.58023842902911
2024-11-26,32.099999999999994,48.0,2.0,Andheri,19.1136,72.8697,2,Waterlogging Vectors Risk,42.3,11,27.649357890486062
2024-11-27,32.4,45.0,2.0,Andheri,19.1136,72.8697,2,Waterlogging Vectors Risk,42.3,11,22.62427999962412
2024-11-28,31.900000000000002,38.0,2.0,Andheri,19.1136,72.8697,2,Waterlogging Vectors Risk,42.3,11,40.07333492644409
2024-11-29,31.2,45.0,2.0,Andheri,19.1136,72.8697,2,Waterlogging Vectors Risk,42.3,11,34.91993413912266
2024-11-30,31.2,46.0,2.0,Andheri,19.1136,72.8697,2,Waterlogging Vectors Risk,42.3,11,35.2791682510581
2024-12-01,32.3,55.0,2.0,Andheri,19.1136,72.8697,2,Waterlogging Vectors Risk,42.3,12,36.940970709245306
2024-12-02,33.599999999999994,60.0,2.0,Andheri,19.1136,72.8697,2,Waterlogging Vectors Risk,42.3,12,25.714483380336667
2024-12-03,33.3,62.0,2.2,Andheri,19.1136,72.8697,2,Waterlogging Vectors Risk,42.5,12,26.912772193741386
2024-12-04,34.0,69.0,2.2,Andheri,19.1136,72.8697,2,Waterlogging Vectors Risk,42.699999999999996,12,31.491678391172087
2024-12-05,34.0,72.0,2.0,Andheri,19.1136,72.8697,2,Waterlogging Vectors Risk,42.699999999999996,12,17.44907551476595
2024-12-06,32.5,68.0,2.0,Andheri,19.1136,72.8697,2,Waterlogging Vectors Risk,42.4,12,33.80586730707285
2024-12-07,32.599999999999994,54.0,2.0,Andheri,19.1136,72.8697,2,Waterlogging Vectors Risk,42.4,12,28.885065624485453
2024-12-08,30.900000000000002,47.0,2.0,Andheri,19.1136,72.8697,2,Waterlogging Vectors Risk,42.4,12,39.5762947276496
2024-12-09,30.7,39.0,2.0,Andheri,19.1136,72.8697,2,Waterlogging Vectors Risk,42.4,12,47.00900879872933
2024-12-10,31.2,51.0,2.0,Andheri,19.1136,72.8697,2,Waterlogging Vectors Risk,42.4,12,39.07251211478146
2024-12-11,33.3,60.0,2.0,Andheri,19.1136,72.8697,2,Waterlogging Vectors Risk,42.4,12,27.32481372858151
2024-12-12,30.900000000000002,63.0,2.0,Andheri,19.1136,72.8697,2,Waterlogging Vectors Risk,42.4,12,43.595870019882334
2024-12-13,32.0,54.0,2.0,Andheri,19.1136,72.8697,2,Waterlogging Vectors Risk,42.4,12,30.175236352285573
2024-12-14,32.599999999999994,46.0,2.0,Andheri,19.1136,72.8697,2,Waterlogging Vectors Risk,42.4,12,24.403951663304998
2024-12-15,33.0,47.0,2.0,Andheri,19.1136,72.8697,2,Waterlogging Vectors Risk,42.4,12,21.10928736322817
2024-12-16,32.099999999999994,47.0,2.0,Andheri,19.1136,72.8697,2,Waterlogging Vectors Risk,42.4,12,21.601550386453354
2024-12-17,30.6,52.0,2.0,Andheri,19.1136,72.8697,2,Waterlogging Vectors Risk,42.4,12,50.21436898303493
2024-12-18,32.0,59.0,2.0,Andheri,19.1136,72.8697,2,Waterlogging Vectors Risk,42.4,12,26.483958171391585
2024-12-19,29.400000000000002,72.0,2.0,Andheri,19.1136,72.8697,2,Waterlogging Vectors Risk,42.4,12,45.62706521540446
2024-12-20,27.900000000000002,75.0,2.0,Andheri,19.1136,72.8697,2,Waterlogging Vectors Risk,42.4,12,53.84926683388872
2024-12-21,27.7,78.0,2.0,Andheri,19.1136,72.8697,2,Waterlogging Vectors Risk,42.4,12,57.90370015571218
2024-12-22,27.6,80.0,2.0,Andheri,19.1136,72.8697,2,Waterlogging Vectors Risk,42.4,12,61.01201939602981
2024-12-23,27.1,74.0,2.0,Andheri,19.1136,72.8697,2,Waterlogging Vectors Risk,42.4,12,64.06903410846539
2024-12-24,28.3,63.0,2.0,Andheri,19.1136,72.8697,2,Waterlogging Vectors Risk,42.199999999999996,12,50.05127947382197
2024-12-25,28.5,64.0,2.0,Andheri,19.1136,72.8697,2,Waterlogging Vectors Risk,42.0,12,50.997724764401276
2024-12-26,29.3,71.0,2.0,Andheri,19.1136,72.8697,2,Waterlogging Vectors Risk,42.0,12,48.712899752441494
2024-12-27,28.0,73.0,2.0,Andheri,19.1136,72.8697,2,Waterlogging Vectors Risk,42.0,12,53.42321103574893
2024-12-28,29.7,71.0,2.3,Andheri,19.1136,72.8697,2,Waterlogging Vectors Risk,42.300000000000004,12,53.070061213433306
2024-12-29,30.2,72.0,2.0,Andheri,19.1136,72.8697,2,Waterlogging Vectors Risk,42.300000000000004,12,44.65487475819126
2024-12-30,32.3,66.0,2.0,Andheri,19.1136,72.8697,2,Waterlogging Vectors Risk,42.300000000000004,12,33.974388930249106
2024-12-31,33.0,62.0,2.0,Andheri,19.1136,72.8697,2,Waterlogging Vectors Risk,42.300000000000004,12,29.647739676670398
2025-01-01,32.199999999999996,64.0,2.0,Andheri,19.1136,72.8697,2,Waterlogging Vectors Risk,42.300000000000004,1,36.734035954093315
2025-01-02,32.599999999999994,61.0,2.0,Andheri,19.1136,72.8697,2,Waterlogging Vectors Risk,42.300000000000004,1,29.505107793518565
2025-01-03,33.099999999999994,55.0,2.0,Andheri,19.1136,72.8697,2,Waterlogging Vectors Risk,42.300000000000004,1,19.282506926887468
2025-01-04,32.699999999999996,51.0,2.0,Andheri,19.1136,72.8697,2,Waterlogging Vectors Risk,42.300000000000004,1,30.031773092096568
2025-01-05,29.0,65.0,2.0,Andheri,19.1136,72.8697,2,Waterlogging Vectors Risk,42.300000000000004,1,45.74321553104085
2025-01-06,29.7,62.0,2.0,Andheri,19.1136,72.8697,2,Waterlogging Vectors Risk,42.300000000000004,1,42.39024992458455
2025-01-07,31.2,56.0,2.0,Andheri,19.1136,72.8697,2,Waterlogging Vectors Risk,42.300000000000004,1,39.4651534271088
2025-01-08,30.400000000000002,57.0,2.0,Andheri,19.1136,72.8697,2,Waterlogging Vectors Risk,42.300000000000004,1,47.25808202383483
2025-01-09,31.8,49.0,2.0,Andheri,19.1136,72.8697,2,Waterlogging Vectors Risk,42.300000000000004,1,33.239691217013636
2025-01-10,31.1,54.0,2.0,Andheri,19.1136,72.8697,2,Waterlogging Vectors Risk,42.300000000000004,1,38.644165062994816
2025-01-11,28.3,66.0,2.0,Andheri,19.1136,72.8697,2,Waterlogging Vectors Risk,42.300000000000004,1,61.47774138984285
2025-01-12,29.8,63.0,2.0,Andheri,19.1136,72.8697,2,Waterlogging Vectors Risk,42.300000000000004,1,45.670432564109504
2025-01-13,32.5,58.0,2.0,Andheri,19.1136,72.8697,2,Waterlogging Vectors Risk,42.300000000000004,1,42.17508223756864
2025-01-14,32.699999999999996,60.0,2.0,Andheri,19.1136,72.8697,2,Waterlogging Vectors Risk,42.300000000000004,1,30.86088156149108
2025-01-15,29.900000000000002,70.0,2.0,Andheri,19.1136,72.8697,2,Waterlogging Vectors Risk,42.300000000000004,1,35.0961862042209
2025-01-16,29.5,69.0,2.0,Andheri,19.1136,72.8697,2,Waterlogging Vectors Risk,42.300000000000004,1,49.93337477218933
2025-01-17,33.099999999999994,63.0,2.0,Andheri,19.1136,72.8697,2,Waterlogging Vectors Risk,42.300000000000004,1,27.67245859108059
2025-01-18,33.8,49.0,2.0,Andheri,19.1136,72.8697,2,Waterlogging Vectors Risk,42.0,1,28.248763770413742
2025-01-19,33.0,49.0,2.0,Andheri,19.1136,72.8697,2,Waterlogging Vectors Risk,42.0,1,29.699240089683126
2025-01-20,33.0,49.0,2.0,Andheri,19.1136,72.8697,2,Waterlogging Vectors Risk,42.0,1,25.64105341341447
2025-01-21,31.2,54.0,2.0,Andheri,19.1136,72.8697,2,Waterlogging Vectors Risk,42.0,1,30.41184215188651
2025-01-22,31.2,56.0,2.0,Andheri,19.1136,72.8697,2,Waterlogging Vectors Risk,42.0,1,35.48821704690321
2025-01-23,30.3,53.0,2.0,Andheri,19.1136,72.8697,2,Waterlogging Vectors Risk,42.0,1,37.38073106228683
2025-01-24,31.5,52.0,2.0,Andheri,19.1136,72.8697,2,Waterlogging Vectors Risk,42.0,1,31.930716084309715
2025-01-25,33.0,60.0,2.0,Andheri,19.1136,72.8697,2,Waterlogging Vectors Risk,42.0,1,29.276225355436384
2025-01-26,33.3,62.0,2.0,Andheri,19.1136,72.8697,2,Waterlogging Vectors Risk,42.0,1,32.98285585509038
2025-01-27,32.3,59.0,2.0,Andheri,19.1136,72.8697,2,Waterlogging Vectors Risk,42.0,1,32.27335764911492
2025-01-28,30.3,60.0,2.0,Andheri,19.1136,72.8697,2,Waterlogging Vectors Risk,42.0,1,35.6539180231574
2025-01-29,30.6,61.0,2.0,Andheri,19.1136,72.8697,2,Waterlogging Vectors Risk,42.0,1,42.156346674434026
2025-01-30,31.2,55.0,2.0,Andheri,19.1136,72.8697,2,Waterlogging Vectors Risk,42.0,1,42.516490766561596
2025-01-31,29.3,62.0,2.0,Andheri,19.1136,72.8697,2,Waterlogging Vectors Risk,42.0,1,44.251085478403084
2025-02-01,28.900000000000002,61.0,2.0,Andheri,19.1136,72.8697,2,Waterlogging Vectors Risk,42.0,2,48.89658083330206
2025-02-02,30.7,48.0,2.0,Andheri,19.1136,72.8697,2,Waterlogging Vectors Risk,42.0,2,39.44010764031266
2025-02-03,28.7,55.0,2.0,Andheri,19.1136,72.8697,2,Waterlogging Vectors Risk,42.0,2,46.77550843458881
2025-02-04,29.5,56.0,2.0,Andheri,19.1136,72.8697,2,Waterlogging Vectors Risk,42.0,2,49.40806883588597
2025-02-05,31.3,41.0,2.0,Andheri,19.1136,72.8697,2,Waterlogging Vectors Risk,42.0,2,35.36192592362775
2025-02-06,31.6,46.0,2.0,Andheri,19.1136,72.8697,2,Waterlogging Vectors Risk,42.0,2,36.3643288862018
2025-02-07,34.099999999999994,56.0,2.0,Andheri,19.1136,72.8697,2,Waterlogging Vectors Risk,42.0,2,15.662539110989533
2025-02-08,33.0,58.0,2.0,Andheri,19.1136,72.8697,2,Waterlogging Vectors Risk,42.0,2,24.146041831716282
2025-02-09,32.8,51.0,2.0,Andheri,19.1136,72.8697,2,Waterlogging Vectors Risk,42.0,2,31.07857345580554
2025-02-10,33.3,49.0,2.0,Andheri,19.1136,72.8697,2,Waterlogging Vectors Risk,42.0,2,22.76916757287451
2025-02-11,32.099999999999994,50.0,2.0,Andheri,19.1136,72.8697,2,Waterlogging Vectors Risk,42.0,2,40.06815258950039
2025-02-12,33.0,52.0,2.0,Andheri,19.1136,72.8697,2,Waterlogging Vectors Risk,42.0,2,24.335152405260324
2025-02-13,34.599999999999994,43.0,2.0,Andheri,19.1136,72.8697,2,Waterlogging Vectors Risk,42.0,2,18.390090295426127
2025-02-14,34.5,38.0,2.0,Andheri,19.1136,72.8697,2,Waterlogging Vectors Risk,42.0,2,22.496287492698784
2025-02-15,35.0,34.0,2.0,Andheri,19.1136,72.8697,2,Waterlogging Vectors Risk,42.0,2,7.908171335334842
2025-02-16,34.9,38.0,2.0,Andheri,19.1136,72.8697,2,Waterlogging Vectors Risk,42.0,2,6.762622606762795
2025-02-17,34.0,47.0,2.0,Andheri,19.1136,72.8697,2,Waterlogging Vectors Risk,42.0,2,13.038385093816194
2025-02-18,34.599999999999994,42.0,2.0,Andheri,19.1136,72.8697,2,Waterlogging Vectors Risk,42.0,2,23.57958718380261
2025-02-19,33.199999999999996,41.0,2.0,Andheri,19.1136,72.8697,2,Waterlogging Vectors Risk,42.0,2,22.44070927053779
2025-02-20,34.5,42.0,2.0,Andheri,19.1136,72.8697,2,Waterlogging Vectors Risk,42.0,2,30.624329761674595
2025-02-21,36.5,34.0,2.0,Andheri,19.1136,72.8697,2,Waterlogging Vectors Risk,42.0,2,5.0
2025-02-22,34.699999999999996,37.0,2.0,Andheri,19.1136,72.8697,2,Waterlogging Vectors Risk,42.0,2,17.62275651598521
2025-02-23,35.5,37.0,2.0,Andheri,19.1136,72.8697,2,Waterlogging Vectors Risk,42.0,2,19.877216429506042
2025-02-24,36.599999999999994,36.0,2.0,Andheri,19.1136,72.8697,2,Waterlogging Vectors Risk,42.0,2,15.963797774128981
2025-02-25,37.3,37.0,2.0,Andheri,19.1136,72.8697,2,Waterlogging Vectors Risk,42.0,2,12.27418454984867
2025-02-26,37.0,49.0,2.0,Andheri,19.1136,72.8697,2,Waterlogging Vectors Risk,42.0,2,9.708497819632377
2025-02-27,35.599999999999994,47.0,2.0,Andheri,19.1136,72.8697,2,Waterlogging Vectors Risk,42.0,2,16.720312629057343
2025-02-28,33.199999999999996,54.0,2.0,Andheri,19.1136,72.8697,2,Waterlogging Vectors Risk,42.0,2,28.16263474600594
2025-03-01,33.5,45.0,2.0,Andheri,19.1136,72.8697,2,Waterlogging Vectors Risk,42.0,3,18.89180538083319
2025-03-02,36.0,39.0,2.0,Andheri,19.1136,72.8697,2,Waterlogging Vectors Risk,42.0,3,12.244071418357333
2025-03-03,36.0,42.0,2.0,Andheri,19.1136,72.8697,2,Waterlogging Vectors Risk,42.0,3,10.909005582888465
2025-03-04,35.599999999999994,42.0,2.0,Andheri,19.1136,72.8697,2,Waterlogging Vectors Risk,42.0,3,14.98312771294524
2025-03-05,36.599999999999994,34.0,2.0,Andheri,19.1136,72.8697,2,Waterlogging Vectors Risk,42.0,3,14.149076887375358
2025-03-06,34.8,30.0,2.0,Andheri,19.1136,72.8697,2,Waterlogging Vectors Risk,42.0,3,12.733859753363625
2025-03-07,36.699999999999996,30.0,2.0,Andheri,19.1136,72.8697,2,Waterlogging Vectors Risk,42.0,3,18.481937237283578
2025-03-08,35.8,38.0,2.0,Andheri,19.1136,72.8697,2,Waterlogging Vectors Risk,42.0,3,19.776526042852552
2025-03-09,35.4,51.0,2.0,Andheri,19.1136,72.8697,2,Waterlogging Vectors Risk,42.0,3,15.442034431459236
2025-03-10,38.8,38.0,2.0,Andheri,19.1136,72.8697,2,Waterlogging Vectors Risk,42.0,3,22.38765040527631
2025-03-11,37.199999999999996,47.0,2.0,Andheri,19.1136,72.8697,2,Waterlogging Vectors Risk,42.0,3,9.291554429332475
2025-03-12,36.8,53.0,2.0,Andheri,19.1136,72.8697,2,Waterlogging Vectors Risk,42.0,3,14.03170270360141
2025-03-13,34.0,65.0,2.0,Andheri,19.1136,72.8697,2,Waterlogging Vectors Risk,42.0,3,11.415888396985975
2025-03-14,34.5,60.0,2.0,Andheri,19.1136,72.8697,2,Waterlogging Vectors Risk,42.0,3,5.6673169146347
2025-03-15,35.3,57.0,2.0,Andheri,19.1136,72.8697,2,Waterlogging Vectors Risk,42.0,3,14.586596570786504
2025-03-16,33.0,56.0,2.0,Andheri,19.1136,72.8697,2,Waterlogging Vectors Risk,42.0,3,14.391262458083583
2025-03-17,33.3,61.0,2.0,Andheri,19.1136,72.8697,2,Waterlogging Vectors Risk,42.0,3,22.567248716210656
2025-03-18,33.0,68.0,2.0,Andheri,19.1136,72.8697,2,Waterlogging Vectors Risk,42.0,3,18.154058422773886
2025-03-19,32.099999999999994,67.0,2.0,Andheri,19.1136,72.8697,2,Waterlogging Vectors Risk,42.0,3,9.879065878353975
2025-03-20,34.9,48.0,2.0,Andheri,19.1136,72.8697,2,Waterlogging Vectors Risk,42.0,3,24.27046283167094
2025-03-21,32.199999999999996,61.0,2.0,Andheri,19.1136,72.8697,2,Waterlogging Vectors Risk,42.0,3,21.105168477626766
2025-03-22,32.5,68.0,2.0,Andheri,19.1136,72.8697,2,Waterlogging Vectors Risk,42.0,3,17.91048851734308
2025-03-23,33.599999999999994,71.0,2.0,Andheri,19.1136,72.8697,2,Waterlogging Vectors Risk,42.0,3,13.86757950575084
2025-03-24,32.699999999999996,78.0,2.0,Andheri,19.1136,72.8697,2,Waterlogging Vectors Risk,42.0,3,10.202803816382602
2025-03-25,33.0,70.0,2.0,Andheri,19.1136,72.8697,2,Waterlogging Vectors Risk,42.0,3,13.138966119644735
2025-03-26,31.3,76.0,2.0,Andheri,19.1136,72.8697,2,Waterlogging Vectors Risk,42.0,3,20.44374309852093
2025-03-27,30.6,79.0,2.0,Andheri,19.1136,72.8697,2,Waterlogging Vectors Risk,42.0,3,24.422931529673043
2025-03-28,32.3,64.0,2.0,Andheri,19.1136,72.8697,2,Waterlogging Vectors Risk,42.0,3,22.716217641360945
2025-03-29,36.0,34.0,2.0,Andheri,19.1136,72.8697,2,Waterlogging Vectors Risk,42.0,3,12.555752891068629
2025-03-30,37.5,42.0,2.0,Andheri,19.1136,72.8697,2,Waterlogging Vectors Risk,42.0,3,9.401912833554944
2025-03-31,36.8,47.0,2.0,Andheri,19.1136,72.8697,2,Waterlogging Vectors Risk,42.0,3,15.70443123455602
2025-04-01,38.599999999999994,47.0,2.0,Andheri,19.1136,72.8697,2,Waterlogging Vectors Risk,42.0,4,6.1578031721857425
2025-04-02,37.199999999999996,44.0,2.0,Andheri,19.1136,72.8697,2,Waterlogging Vectors Risk,42.0,4,16.615838570923906
2025-04-03,32.3,76.0,2.6,Andheri,19.1136,72.8697,2,Waterlogging Vectors Risk,42.599999999999994,4,14.261987068506656
2025-04-04,33.0,79.0,3.0,Andheri,19.1136,72.8697,2,Waterlogging Vectors Risk,43.599999999999994,4,12.669817490658788
2025-04-05,35.199999999999996,66.0,2.0,Andheri,19.1136,72.8697,2,Waterlogging Vectors Risk,43.599999999999994,4,7.0264846636660225
2025-04-06,35.5,62.0,2.0,Andheri,19.1136,72.8697,2,Waterlogging Vectors Risk,43.599999999999994,4,17.568000532848583
2025-04-07,36.199999999999996,60.0,2.0,Andheri,19.1136,72.8697,2,Waterlogging Vectors Risk,43.599999999999994,4,12.336495801690443
2025-04-08,36.3,52.0,2.0,Andheri,19.1136,72.8697,2,Waterlogging Vectors Risk,43.599999999999994,4,9.15041582144856
2025-04-09,34.4,61.0,2.0,Andheri,19.1136,72.8697,2,Waterlogging Vectors Risk,43.599999999999994,4,5.0
2025-04-10,33.0,77.0,2.0,Andheri,19.1136,72.8697,2,Waterlogging Vectors Risk,43.599999999999994,4,14.862425474746818
2025-04-11,32.8,76.0,2.0,Andheri,19.1136,72.8697,2,Waterlogging Vectors Risk,43.599999999999994,4,23.86125798334872
2025-04-12,32.0,78.0,2.1,Andheri,19.1136,72.8697,2,Waterlogging Vectors Risk,43.699999999999996,4,23.30629607273935
2025-04-13,32.5,78.0,2.0,Andheri,19.1136,72.8697,2,Waterlogging Vectors Risk,43.699999999999996,4,12.714518717068641
2025-04-14,36.199999999999996,65.0,2.0,Andheri,19.1136,72.8697,2,Waterlogging Vectors Risk,43.699999999999996,4,11.988939698191096
2025-04-15,34.9,65.0,2.0,Andheri,19.1136,72.8697,2,Waterlogging Vectors Risk,43.699999999999996,4,17.34387128037512
2025-04-16,32.8,77.0,2.0,Andheri,19.1136,72.8697,2,Waterlogging Vectors Risk,43.699999999999996,4,10.008072804058543
2025-04-17,32.199999999999996,81.0,2.0,Andheri,19.1136,72.8697,2,Waterlogging Vectors Risk,43.699999999999996,4,16.50895949909733
2025-04-18,32.099999999999994,79.0,2.0,Andheri,19.1136,72.8697,2,Waterlogging Vectors Risk,43.699999999999996,4,18.830401391923452
2025-04-19,32.5,78.0,2.0,Andheri,19.1136,72.8697,2,Waterlogging Vectors Risk,43.699999999999996,4,21.13466611942154
2025-04-20,32.8,75.0,2.0,Andheri,19.1136,72.8697,2,Waterlogging Vectors Risk,43.699999999999996,4,14.499229617600236
2025-04-21,32.5,77.0,2.0,Andheri,19.1136,72.8697,2,Waterlogging Vectors Risk,43.699999999999996,4,13.981631249115171
2025-04-22,34.099999999999994,73.0,2.0,Andheri,19.1136,72.8697,2,Waterlogging Vectors Risk,43.699999999999996,4,10.610087066217194
2025-04-23,34.599999999999994,75.0,2.0,Andheri,19.1136,72.8697,2,Waterlogging Vectors Risk,43.699999999999996,4,10.8655982298007
2025-04-24,33.099999999999994,77.0,2.0,Andheri,19.1136,72.8697,2,Waterlogging Vectors Risk,43.1,4,13.867605540492367
2025-04-25,33.5,74.0,2.0,Andheri,19.1136,72.8697,2,Waterlogging Vectors Risk,42.1,4,16.83682753408089
2025-04-26,33.0,74.0,2.0,Andheri,19.1136,72.8697,2,Waterlogging Vectors Risk,42.1,4,19.567923131166246
2025-04-27,33.099999999999994,77.0,2.0,Andheri,19.1136,72.8697,2,Waterlogging Vectors Risk,42.1,4,10.984105246598276
2025-04-28,32.599999999999994,78.0,2.0,Andheri,19.1136,72.8697,2,Waterlogging Vectors Risk,42.1,4,22.46344284479761
2025-04-29,32.599999999999994,79.0,2.0,Andheri,19.1136,72.8697,2,Waterlogging Vectors Risk,42.1,4,13.644381994787157
2025-04-30,32.8,78.0,2.0,Andheri,19.1136,72.8697,2,Waterlogging Vectors Risk,42.1,4,14.89316352825782
2025-05-01,33.099999999999994,78.0,2.0,Andheri,19.1136,72.8697,2,Waterlogging Vectors Risk,42.1,5,11.263941604260882
2025-05-02,34.3,71.0,2.0,Andheri,19.1136,72.8697,2,Waterlogging Vectors Risk,42.1,5,5.0
2025-05-03,33.0,71.0,2.0,Andheri,19.1136,72.8697,2,Waterlogging Vectors Risk,42.0,5,19.42022698180525
2025-05-04,32.699999999999996,71.0,2.0,Andheri,19.1136,72.8697,2,Waterlogging Vectors Risk,42.0,5,18.684219485462165
2025-05-05,33.3,73.0,2.0,Andheri,19.1136,72.8697,2,Waterlogging Vectors Risk,42.0,5,13.593362214408932
2025-05-06,32.599999999999994,76.0,8.3,Andheri,19.1136,72.8697,2,Waterlogging Vectors Risk,48.300000000000004,5,15.33495358612436
2025-05-07,32.099999999999994,76.0,5.0,Andheri,19.1136,72.8697,2,Waterlogging Vectors Risk,51.300000000000004,5,17.579696088520496
2025-05-08,29.2,84.0,11.3,Andheri,19.1136,72.8697,2,Waterlogging Vectors Risk,60.6,5,7.187270715567287
2025-05-09,28.3,85.0,4.0,Andheri,19.1136,72.8697,2,Waterlogging Vectors Risk,62.6,5,12.354736613268527
2025-05-10,30.7,84.0,2.5,Andheri,19.1136,72.8697,2,Waterlogging Vectors Risk,63.1,5,18.971323398109135
2025-05-11,32.3,79.0,2.4,Andheri,19.1136,72.8697,2,Waterlogging Vectors Risk,63.5,5,8.728552884153753
2025-05-12,33.4,73.0,3.6,Andheri,19.1136,72.8697,2,Waterlogging Vectors Risk,65.10000000000001,5,16.467789660833148
2025-05-13,33.599999999999994,73.0,3.7,Andheri,19.1136,72.8697,2,Waterlogging Vectors Risk,66.8,5,8.217090976882975
2025-05-14,33.0,75.0,2.6,Andheri,19.1136,72.8697,2,Waterlogging Vectors Risk,67.4,5,17.332149912167633
2025-05-15,33.0,73.0,3.8,Andheri,19.1136,72.8697,2,Waterlogging Vectors Risk,69.2,5,14.821792588512583
2025-05-16,33.599999999999994,68.0,3.0,Andheri,19.1136,72.8697,2,Waterlogging Vectors Risk,70.2,5,6.924340920472453
2025-05-17,32.3,69.0,2.9,Andheri,19.1136,72.8697,2,Waterlogging Vectors Risk,71.10000000000001,5,20.823696772285857
2025-05-18,34.199999999999996,64.0,2.0,Andheri,19.1136,72.8697,2,Waterlogging Vectors Risk,71.10000000000001,5,11.327042116009753
2025-05-19,32.099999999999994,72.0,2.2,Andheri,19.1136,72.8697,2,Waterlogging Vectors Risk,71.3,5,10.948737814928094
2025-05-20,34.099999999999994,78.0,10.7,Andheri,19.1136,72.8697,2,Waterlogging Vectors Risk,80.0,5,16.002845986154714
2025-05-21,31.3,86.0,3.1,Andheri,19.1136,72.8697,2,Waterlogging Vectors Risk,81.10000000000001,5,20.743186747143575
2025-05-22,31.6,85.0,23.2,Andheri,19.1136,72.8697,2,Waterlogging Vectors Risk,102.30000000000001,5,9.920890905108015
2025-05-23,32.3,89.0,4.2,Andheri,19.1136,72.8697,2,Waterlogging Vectors Risk,104.5,5,15.308399249239859
2025-05-24,31.900000000000002,87.0,10.9,Andheri,19.1136,72.8697,2,Waterlogging Vectors Risk,113.4,5,17.144082501652864
2025-05-25,28.3,94.0,29.3,Andheri,19.1136,72.8697,2,Waterlogging Vectors Risk,140.70000000000002,5,18.46552803631572
2025-05-26,27.6,96.0,56.0,Andheri,19.1136,72.8697,2,Waterlogging Vectors Risk,194.7,5,15.882207776386126
2025-05-27,29.6,92.0,11.1,Andheri,19.1136,72.8697,2,Waterlogging Vectors Risk,197.5,5,13.164860804583387
2025-05-28,27.6,93.0,13.5,Andheri,19.1136,72.8697,2,Waterlogging Vectors Risk,206.0,5,10.862048896756402
2025-05-29,31.2,89.0,7.6,Andheri,19.1136,72.8697,2,Waterlogging Vectors Risk,202.3,5,15.430719415231874
2025-05-30,31.3,81.0,3.8,Andheri,19.1136,72.8697,2,Waterlogging Vectors Risk,202.1,5,9.639304940071966
2025-05-31,30.8,83.0,5.5,Andheri,19.1136,72.8697,2,Waterlogging Vectors Risk,205.1,5,5.0
2025-06-01,29.0,88.0,13.1,Andheri,19.1136,72.8697,2,Waterlogging Vectors Risk,215.8,6,17.182799020788337
2025-06-02,30.400000000000002,86.0,10.8,Andheri,19.1136,72.8697,2,Waterlogging Vectors Risk,223.0,6,19.519674205430977
2025-06-03,29.900000000000002,87.0,14.8,Andheri,19.1136,72.8697,2,Waterlogging Vectors Risk,234.1,6,5.0
2025-06-04,29.0,88.0,6.5,Andheri,19.1136,72.8697,2,Waterlogging Vectors Risk,238.0,6,9.951346476450311
2025-06-05,30.0,86.0,3.6,Andheri,19.1136,72.8697,2,Waterlogging Vectors Risk,237.79999999999998,6,18.095771305025988
2025-06-06,30.0,86.0,6.7,Andheri,19.1136,72.8697,2,Waterlogging Vectors Risk,241.5,6,25.287477348558493
2025-06-07,29.400000000000002,89.0,10.1,Andheri,19.1136,72.8697,2,Waterlogging Vectors Risk,248.70000000000002,6,15.103968538377039
2025-06-08,30.0,85.0,6.4,Andheri,19.1136,72.8697,2,Waterlogging Vectors Risk,253.10000000000002,6,11.359985293854328
2025-06-09,30.6,80.0,4.0,Andheri,19.1136,72.8697,2,Waterlogging Vectors Risk,254.89999999999998,6,14.085517794475798
2025-06-10,30.3,83.0,2.8,Andheri,19.1136,72.8697,2,Waterlogging Vectors Risk,247.0,6,21.874382095740923
2025-06-11,31.6,80.0,2.8,Andheri,19.1136,72.8697,2,Waterlogging Vectors Risk,246.70000000000002,6,11.770179104377323
2025-06-12,31.3,81.0,4.8,Andheri,19.1136,72.8697,2,Waterlogging Vectors Risk,228.29999999999998,6,11.004039966748731
2025-06-13,30.3,89.0,31.6,Andheri,19.1136,72.8697,2,Waterlogging Vectors Risk,255.7,6,12.586282389089838
2025-06-14,30.3,93.0,60.0,Andheri,19.1136,72.8697,2,Waterlogging Vectors Risk,304.8,6,10.233356958706437
2025-06-15,29.400000000000002,96.0,57.5,Andheri,19.1136,72.8697,2,Waterlogging Vectors Risk,333.0,6,15.613351579973978
2025-06-16,26.900000000000002,95.0,102.9,Andheri,19.1136,72.8697,2,Waterlogging Vectors Risk,379.9,6,23.123392292347802
2025-06-17,29.3,88.0,19.5,Andheri,19.1136,72.8697,2,Waterlogging Vectors Risk,388.3,6,16.615396365580146
2025-06-18,28.2,92.0,88.1,Andheri,19.1136,72.8697,2,Waterlogging Vectors Risk,462.90000000000003,6,13.738232489368562
2025-06-19,28.2,94.0,67.8,Andheri,19.1136,72.8697,2,Waterlogging Vectors Risk,523.1,6,13.540943655422279
2025-06-20,29.3,87.0,13.3,Andheri,19.1136,72.8697,2,Waterlogging Vectors Risk,532.6,6,7.184045956516715
2025-06-21,29.8,88.0,12.0,Andheri,19.1136,72.8697,2,Waterlogging Vectors Risk,539.1,6,19.415548885735795
2025-06-22,28.900000000000002,87.0,17.8,Andheri,19.1136,72.8697,2,Waterlogging Vectors Risk,543.8000000000001,6,14.61081401493599
2025-06-23,28.1,90.0,53.2,Andheri,19.1136,72.8697,2,Waterlogging Vectors Risk,586.1999999999999,6,14.097600432046871
2025-06-24,28.900000000000002,90.0,28.7,Andheri,19.1136,72.8697,2,Waterlogging Vectors Risk,600.1,6,30.965537839224304
2025-06-25,29.8,85.0,12.0,Andheri,19.1136,72.8697,2,Waterlogging Vectors Risk,605.6,6,16.49376454182843
2025-06-26,28.400000000000002,92.0,27.0,Andheri,19.1136,72.8697,2,Waterlogging Vectors Risk,629.0,6,11.241044749524079
2025-06-27,28.6,86.0,15.9,Andheri,19.1136,72.8697,2,Waterlogging Vectors Risk,638.2,6,12.868212018972283
2025-06-28,29.2,84.0,23.5,Andheri,19.1136,72.8697,2,Waterlogging Vectors Risk,651.6,6,20.742228545983775
2025-06-29,28.7,87.0,20.1,Andheri,19.1136,72.8697,2,Waterlogging Vectors Risk,665.3000000000001,6,15.566352052688822
2025-06-30,28.900000000000002,87.0,24.2,Andheri,19.1136,72.8697,2,Waterlogging Vectors Risk,685.5,6,7.808610108413166
2025-07-01,28.6,89.0,36.3,Andheri,19.1136,72.8697,2,Waterlogging Vectors Risk,719.0,7,19.59614467287602
2025-07-02,28.5,91.0,42.8,Andheri,19.1136,72.8697,2,Waterlogging Vectors Risk,759.0,7,11.65927957230503
2025-07-03,28.0,90.0,28.3,Andheri,19.1136,72.8697,2,Waterlogging Vectors Risk,782.5,7,24.366488881087726
2025-07-04,27.8,88.0,22.2,Andheri,19.1136,72.8697,2,Waterlogging Vectors Risk,773.1,7,20.400240328573243
2025-07-05,27.3,89.0,39.9,Andheri,19.1136,72.8697,2,Waterlogging Vectors Risk,753.0,7,12.763390521706244
2025-07-06,27.3,90.0,33.3,Andheri,19.1136,72.8697,2,Waterlogging Vectors Risk,728.8000000000001,7,21.405081808675565
2025-07-07,28.3,88.0,9.6,Andheri,19.1136,72.8697,2,Waterlogging Vectors Risk,635.4999999999999,7,15.339277552637016
2025-07-08,28.400000000000002,86.0,5.7,Andheri,19.1136,72.8697,2,Waterlogging Vectors Risk,621.6999999999999,7,19.263868375611096
2025-07-09,27.3,90.0,17.4,Andheri,19.1136,72.8697,2,Waterlogging Vectors Risk,551.0,7,17.423664086472375
2025-07-10,28.8,88.0,8.5,Andheri,19.1136,72.8697,2,Waterlogging Vectors Risk,491.7,7,10.768216725045633
2025-07-11,27.8,89.0,8.1,Andheri,19.1136,72.8697,2,Waterlogging Vectors Risk,486.5,7,11.78225083841269
2025-07-12,29.1,88.0,6.9,Andheri,19.1136,72.8697,2,Waterlogging Vectors Risk,481.40000000000003,7,20.149804087905807
2025-07-13,28.3,89.0,16.7,Andheri,19.1136,72.8697,2,Waterlogging Vectors Risk,480.3,7,13.326123339467296
2025-07-14,27.3,93.0,53.0,Andheri,19.1136,72.8697,2,Waterlogging Vectors Risk,480.1,7,12.981757683790017
2025-07-15,27.400000000000002,90.0,17.8,Andheri,19.1136,72.8697,2,Waterlogging Vectors Risk,469.2,7,10.224387103253235
2025-07-16,28.900000000000002,88.0,9.9,Andheri,19.1136,72.8697,2,Waterlogging Vectors Risk,467.09999999999997,7,17.117995327967307
2025-07-17,29.1,88.0,6.1,Andheri,19.1136,72.8697,2,Waterlogging Vectors Risk,446.2,7,25.312624596215727
2025-07-18,29.3,86.0,4.7,Andheri,19.1136,72.8697,2,Waterlogging Vectors Risk,435.0,7,9.662335428728635
2025-07-19,28.1,88.0,8.3,Andheri,19.1136,72.8697,2,Waterlogging Vectors Risk,419.8,7,15.12109728336379
2025-07-20,27.8,91.0,14.3,Andheri,19.1136,72.8697,2,Waterlogging Vectors Risk,413.99999999999994,7,22.061102777077146
2025-07-21,27.8,92.0,19.7,Andheri,19.1136,72.8697,2,Waterlogging Vectors Risk,409.5,7,14.601793043771425
2025-07-22,27.8,91.0,20.4,Andheri,19.1136,72.8697,2,Waterlogging Vectors Risk,393.6,7,17.26185898124867
2025-07-23,27.8,90.0,20.6,Andheri,19.1136,72.8697,2,Waterlogging Vectors Risk,371.40000000000003,7,9.688032359265602
2025-07-24,27.2,90.0,16.9,Andheri,19.1136,72.8697,2,Waterlogging Vectors Risk,360.0,7,17.141535486038244
2025-07-25,26.900000000000002,92.0,42.3,Andheri,19.1136,72.8697,2,Waterlogging Vectors Risk,380.1,7,14.064278674977256
2025-07-26,27.8,89.0,19.4,Andheri,19.1136,72.8697,2,Waterlogging Vectors Risk,359.59999999999997,7,19.928649978399314
2025-07-27,27.900000000000002,86.0,12.5,Andheri,19.1136,72.8697,2,Waterlogging Vectors Risk,338.8,7,20.936930257823754
2025-07-28,28.1,85.0,10.8,Andheri,19.1136,72.8697,2,Waterlogging Vectors Risk,340.0,7,27.947818210093068
2025-07-29,27.3,87.0,10.6,Andheri,19.1136,72.8697,2,Waterlogging Vectors Risk,344.90000000000003,7,17.898165866067878
2025-07-30,27.0,90.0,9.8,Andheri,19.1136,72.8697,2,Waterlogging Vectors Risk,337.29999999999995,7,16.628981582910832
2025-07-31,27.400000000000002,88.0,5.9,Andheri,19.1136,72.8697,2,Waterlogging Vectors Risk,334.7,7,15.97192150788668
2025-08-01,28.2,86.0,6.1,Andheri,19.1136,72.8697,2,Waterlogging Vectors Risk,332.7,8,13.234168535946559
2025-08-02,28.1,89.0,10.7,Andheri,19.1136,72.8697,2,Waterlogging Vectors Risk,336.5,8,16.692419217308455
2025-08-03,27.900000000000002,89.0,6.0,Andheri,19.1136,72.8697,2,Waterlogging Vectors Risk,325.8,8,13.522992949304854
2025-08-04,28.400000000000002,88.0,5.5,Andheri,19.1136,72.8697,2,Waterlogging Vectors Risk,278.3,8,15.842304881348072
2025-08-05,28.7,87.0,6.3,Andheri,19.1136,72.8697,2,Waterlogging Vectors Risk,266.79999999999995,8,21.5879876780398
2025-08-06,29.0,87.0,3.2,Andheri,19.1136,72.8697,2,Waterlogging Vectors Risk,260.1,8,9.967287173601793
2025-08-07,27.7,90.0,5.2,Andheri,19.1136,72.8697,2,Waterlogging Vectors Risk,259.2,8,20.699392805645225
2025-08-08,27.900000000000002,89.0,4.9,Andheri,19.1136,72.8697,2,Waterlogging Vectors Risk,259.4,8,21.58557533669933
2025-08-09,28.3,89.0,3.6,Andheri,19.1136,72.8697,2,Waterlogging Vectors Risk,254.7,8,14.409657365044605
2025-08-10,27.900000000000002,89.0,5.2,Andheri,19.1136,72.8697,2,Waterlogging Vectors Risk,245.6,8,5.0
2025-08-11,28.0,87.0,6.3,Andheri,19.1136,72.8697,2,Waterlogging Vectors Risk,232.2,8,11.960890064527838
2025-08-12,28.400000000000002,86.0,7.0,Andheri,19.1136,72.8697,2,Waterlogging Vectors Risk,218.79999999999998,8,21.484972732805545
2025-08-13,28.0,90.0,17.4,Andheri,19.1136,72.8697,2,Waterlogging Vectors Risk,215.6,8,14.885659688505589
2025-08-14,27.0,92.0,40.9,Andheri,19.1136,72.8697,2,Waterlogging Vectors Risk,239.6,8,10.003488838525445
2025-08-15,27.0,92.0,37.8,Andheri,19.1136,72.8697,2,Waterlogging Vectors Risk,235.10000000000002,8,12.476125393858913
2025-08-16,26.3,95.0,36.2,Andheri,19.1136,72.8697,2,Waterlogging Vectors Risk,251.9,8,19.203100132522763
2025-08-17,27.8,91.0,18.3,Andheri,19.1136,72.8697,2,Waterlogging Vectors Risk,257.7,8,17.7336678410069
2025-08-18,25.8,95.0,129.0,Andheri,19.1136,72.8697,2,Waterlogging Vectors Risk,375.9,8,13.805339504151528
2025-08-19,26.0,94.0,138.5,Andheri,19.1136,72.8697,2,Waterlogging Vectors Risk,503.79999999999995,8,13.165877940926562
2025-08-20,26.3,92.0,63.5,Andheri,19.1136,72.8697,2,Waterlogging Vectors Risk,557.5,8,13.04120925478089
2025-08-21,27.8,88.0,28.0,Andheri,19.1136,72.8697,2,Waterlogging Vectors Risk,579.6,8,10.387949077507487
2025-08-22,28.0,84.0,6.5,Andheri,19.1136,72.8697,2,Waterlogging Vectors Risk,580.0,8,23.07687844734721
2025-08-23,28.1,84.0,12.4,Andheri,19.1136,72.8697,2,Waterlogging Vectors Risk,581.6999999999999,8,13.3883976539433
2025-08-24,28.3,85.0,8.7,Andheri,19.1136,72.8697,2,Waterlogging Vectors Risk,584.4,8,21.085792604127484
2025-08-25,26.6,90.0,25.2,Andheri,19.1136,72.8697,2,Waterlogging Vectors Risk,604.1,8,22.606580259612258
2025-08-26,27.6,88.0,16.9,Andheri,19.1136,72.8697,2,Waterlogging Vectors Risk,614.7,8,19.9915544907398
2025-08-27,28.2,88.0,9.6,Andheri,19.1136,72.8697,2,Waterlogging Vectors Risk,621.1,8,12.841898436409759
2025-08-28,28.1,91.0,18.3,Andheri,19.1136,72.8697,2,Waterlogging Vectors Risk,634.2,8,17.018650451683047
2025-08-29,27.8,91.0,9.5,Andheri,19.1136,72.8697,2,Waterlogging Vectors Risk,638.8,8,14.87902196804542
2025-08-30,28.2,89.0,4.8,Andheri,19.1136,72.8697,2,Waterlogging Vectors Risk,640.0,8,10.48149069634936
2025-08-31,27.400000000000002,89.0,12.0,Andheri,19.1136,72.8697,2,Waterlogging Vectors Risk,646.8,8,16.621796408608017
2025-09-01,27.6,88.0,8.7,Andheri,19.1136,72.8697,2,Waterlogging Vectors Risk,649.2,9,9.104801044200988
2025-09-02,28.0,89.0,7.7,Andheri,19.1136,72.8697,2,Waterlogging Vectors Risk,649.9000000000001,9,20.93839694230782
2025-09-03,28.5,86.0,6.8,Andheri,19.1136,72.8697,2,Waterlogging Vectors Risk,639.3,9,12.676913513508035
2025-09-04,25.900000000000002,91.0,19.2,Andheri,19.1136,72.8697,2,Waterlogging Vectors Risk,617.6,9,16.005798279364196
2025-09-05,27.2,92.0,20.2,Andheri,19.1136,72.8697,2,Waterlogging Vectors Risk,600.0,9,16.41643935773071
2025-09-06,26.3,90.0,26.9,Andheri,19.1136,72.8697,2,Waterlogging Vectors Risk,590.6999999999999,9,13.705475131479613
2025-09-07,27.900000000000002,87.0,11.2,Andheri,19.1136,72.8697,2,Waterlogging Vectors Risk,583.6,9,17.933469007376374
2025-09-08,27.6,89.0,7.5,Andheri,19.1136,72.8697,2,Waterlogging Vectors Risk,462.1,9,12.625481716887379
2025-09-09,28.7,90.0,2.7,Andheri,19.1136,72.8697,2,Waterlogging Vectors Risk,326.3,9,19.35648648728622
2025-09-10,29.3,87.0,2.3,Andheri,19.1136,72.8697,2,Waterlogging Vectors Risk,265.09999999999997,9,8.270101598766257
2025-09-11,28.7,85.0,3.5,Andheri,19.1136,72.8697,2,Waterlogging Vectors Risk,240.6,9,15.63189789773206
2025-09-12,29.1,85.0,3.2,Andheri,19.1136,72.8697,2,Waterlogging Vectors Risk,237.29999999999998,9,24.694644995291423
2025-09-13,28.400000000000002,91.0,14.7,Andheri,19.1136,72.8697,2,Waterlogging Vectors Risk,239.6,9,9.998343376972127
2025-09-14,28.8,90.0,14.2,Andheri,19.1136,72.8697,2,Waterlogging Vectors Risk,245.1,9,11.611275147375743
2025-09-15,26.900000000000002,93.0,67.5,Andheri,19.1136,72.8697,2,Waterlogging Vectors Risk,287.4,9,17.569539248294575
2025-09-16,27.6,93.0,7.2,Andheri,19.1136,72.8697,2,Waterlogging Vectors Risk,277.7,9,15.897908909697989
2025-09-17,28.0,93.0,27.7,Andheri,19.1136,72.8697,2,Waterlogging Vectors Risk,295.79999999999995,9,16.753150496367795
2025-09-18,27.6,93.0,12.4,Andheri,19.1136,72.8697,2,Waterlogging Vectors Risk,289.90000000000003,9,17.445935650738317
2025-09-19,28.0,93.0,10.2,Andheri,19.1136,72.8697,2,Waterlogging Vectors Risk,290.59999999999997,9,18.17360734280885
2025-09-20,28.8,91.0,14.3,Andheri,19.1136,72.8697,2,Waterlogging Vectors Risk,300.1,9,20.548499209781117
2025-09-21,28.400000000000002,93.0,17.7,Andheri,19.1136,72.8697,2,Waterlogging Vectors Risk,305.8,9,17.049093284642563
2025-09-22,28.1,93.0,19.0,Andheri,19.1136,72.8697,2,Waterlogging Vectors Risk,316.1,9,13.793711726907288
2025-09-23,28.5,89.0,12.7,Andheri,19.1136,72.8697,2,Waterlogging Vectors Risk,321.09999999999997,9,18.362868506013655
2025-09-24,28.400000000000002,85.0,4.5,Andheri,19.1136,72.8697,2,Waterlogging Vectors Risk,318.79999999999995,9,24.499409674476077
2025-09-25,27.900000000000002,88.0,5.1,Andheri,19.1136,72.8697,2,Waterlogging Vectors Risk,304.7,9,14.336831268087133
2025-09-26,28.900000000000002,89.0,5.0,Andheri,19.1136,72.8697,2,Waterlogging Vectors Risk,289.5,9,10.127353476646793
2025-09-27,28.0,89.0,16.1,Andheri,19.1136,72.8697,2,Waterlogging Vectors Risk,278.7,9,20.53540334643486
2025-09-28,26.3,93.0,127.7,Andheri,19.1136,72.8697,2,Waterlogging Vectors Risk,395.20000000000005,9,14.39809418023201
2025-09-29,28.1,82.0,17.8,Andheri,19.1136,72.8697,2,Waterlogging Vectors Risk,405.5,9,5.0
2025-09-30,27.3,88.0,13.2,Andheri,19.1136,72.8697,2,Waterlogging Vectors Risk,416.0,9,19.23710838575211
2025-10-01,28.3,90.0,14.0,Andheri,19.1136,72.8697,2,Waterlogging Vectors Risk,427.70000000000005,10,50.29002573689705
2025-10-02,27.7,91.0,6.1,Andheri,19.1136,72.8697,2,Waterlogging Vectors Risk,430.3,10,55.91400025514587
2025-10-03,28.400000000000002,89.0,4.4,Andheri,19.1136,72.8697,2,Waterlogging Vectors Risk,431.5,10,54.059901652845056
2025-10-04,28.6,89.0,5.1,Andheri,19.1136,72.8697,2,Waterlogging Vectors Risk,421.9,10,52.21916506556199
2025-10-05,27.900000000000002,88.0,2.7,Andheri,19.1136,72.8697,2,Waterlogging Vectors Risk,410.4,10,58.780592419028515
2025-10-06,28.2,87.0,3.1,Andheri,19.1136,72.8697,2,Waterlogging Vectors Risk,346.0,10,51.35590148048412
2025-10-07,28.7,89.0,4.1,Andheri,19.1136,72.8697,2,Waterlogging Vectors Risk,342.9,10,53.265528990880426
2025-10-08,29.2,88.0,2.3,Andheri,19.1136,72.8697,2,Waterlogging Vectors Risk,317.5,10,46.56893327874708
2025-10-09,31.400000000000002,80.0,2.0,Andheri,19.1136,72.8697,2,Waterlogging Vectors Risk,307.09999999999997,10,39.094052404437505
2025-10-10,32.8,69.0,2.1,Andheri,19.1136,72.8697,2,Waterlogging Vectors Risk,299.0,10,30.54350408673195
2025-10-11,33.599999999999994,66.0,2.1,Andheri,19.1136,72.8697,2,Waterlogging Vectors Risk,286.79999999999995,10,18.256139823110388
2025-10-12,34.599999999999994,62.0,2.1,Andheri,19.1136,72.8697,2,Waterlogging Vectors Risk,271.2,10,22.69657724754186
2025-10-13,34.3,59.0,2.0,Andheri,19.1136,72.8697,2,Waterlogging Vectors Risk,254.2,10,16.286849441096443
2025-10-14,35.0,58.0,2.0,Andheri,19.1136,72.8697,2,Waterlogging Vectors Risk,243.5,10,19.040288991405724
2025-10-15,34.699999999999996,60.0,3.5,Andheri,19.1136,72.8697,2,Waterlogging Vectors Risk,242.5,10,18.536436567006728
2025-10-16,34.8,72.0,8.2,Andheri,19.1136,72.8697,2,Waterlogging Vectors Risk,245.6,10,25.32425171730896
2025-10-17,35.8,66.0,2.1,Andheri,19.1136,72.8697,2,Waterlogging Vectors Risk,242.7,10,9.349336754807421
2025-10-18,35.5,62.0,3.1,Andheri,19.1136,72.8697,2,Waterlogging Vectors Risk,229.7,10,10.420082686075679
2025-10-19,35.0,64.0,2.5,Andheri,19.1136,72.8697,2,Waterlogging Vectors Risk,104.5,10,14.902901970561336
2025-10-20,34.8,63.0,2.2,Andheri,19.1136,72.8697,2,Waterlogging Vectors Risk,88.9,10,14.617434419161974
2025-10-21,34.099999999999994,65.0,7.9,Andheri,19.1136,72.8697,2,Waterlogging Vectors Risk,83.6,10,24.099709509710284
2025-10-22,33.699999999999996,77.0,6.8,Andheri,19.1136,72.8697,2,Waterlogging Vectors Risk,76.4,10,14.285113624483753
2025-10-23,34.3,74.0,8.1,Andheri,19.1136,72.8697,2,Waterlogging Vectors Risk,78.4,10,13.698254570934912
2025-10-24,32.8,75.0,10.7,Andheri,19.1136,72.8697,2,Waterlogging Vectors Risk,84.7,10,22.127652058770718
2025-10-25,29.900000000000002,87.0,15.8,Andheri,19.1136,72.8697,2,Waterlogging Vectors Risk,95.4,10,48.651537959867866
2025-10-26,26.6,95.0,36.3,Andheri,19.1136,72.8697,2,Waterlogging Vectors Risk,129.0,10,71.15306686290963
2025-10-27,30.2,91.0,15.3,Andheri,19.1136,72.8697,2,Waterlogging Vectors Risk,141.2,10,41.67775390731264
2025-10-28,31.5,80.0,2.4,Andheri,19.1136,72.8697,2,Waterlogging Vectors Risk,139.5,10,33.98922471738327
2025-10-29,30.7,82.0,2.1,Andheri,19.1136,72.8697,2,Waterlogging Vectors Risk,139.29999999999998,10,39.716927482232585
2025-10-30,28.400000000000002,86.0,13.5,Andheri,19.1136,72.8697,2,Waterlogging Vectors Risk,150.79999999999998,10,58.209391513040934
2025-10-31,28.900000000000002,86.0,10.6,Andheri,19.1136,72.8697,2,Waterlogging Vectors Risk,159.29999999999998,10,44.92990099571378
2025-11-01,28.2,91.0,5.1,Andheri,19.1136,72.8697,2,Waterlogging Vectors Risk,162.3,11,54.725178247007264
2025-11-02,27.400000000000002,92.0,6.2,Andheri,19.1136,72.8697,2,Waterlogging Vectors Risk,166.4,11,62.9426548155788
2025-11-03,28.400000000000002,91.0,4.5,Andheri,19.1136,72.8697,2,Waterlogging Vectors Risk,168.9,11,54.90547084969921
2025-11-04,27.900000000000002,90.0,3.6,Andheri,19.1136,72.8697,2,Waterlogging Vectors Risk,170.5,11,56.18124141632704
2025-11-05,28.3,85.0,2.1,Andheri,19.1136,72.8697,2,Waterlogging Vectors Risk,169.1,11,57.971897129502366
2025-11-06,28.900000000000002,85.0,2.6,Andheri,19.1136,72.8697,2,Waterlogging Vectors Risk,163.5,11,36.05050520167046
2025-11-07,31.2,77.0,2.0,Andheri,19.1136,72.8697,2,Waterlogging Vectors Risk,163.4,11,39.92270993098788
2025-11-08,33.099999999999994,61.0,2.0,Andheri,19.1136,72.8697,2,Waterlogging Vectors Risk,162.3,11,22.496288251029583
2025-11-09,31.2,60.0,2.0,Andheri,19.1136,72.8697,2,Waterlogging Vectors Risk,161.8,11,27.380168849051053
2025-11-10,32.0,61.0,2.0,Andheri,19.1136,72.8697,2,Waterlogging Vectors Risk,161.60000000000002,11,34.556012997624904
2025-11-11,31.8,62.0,2.0,Andheri,19.1136,72.8697,2,Waterlogging Vectors Risk,155.70000000000002,11,40.001626059148116
2025-11-12,32.599999999999994,49.0,2.0,Andheri,19.1136,72.8697,2,Waterlogging Vectors Risk,150.9,11,27.91275742686157
2025-11-13,33.099999999999994,49.0,2.0,Andheri,19.1136,72.8697,2,Waterlogging Vectors Risk,144.8,11,30.531039402681394
2025-11-14,32.9,52.0,2.0,Andheri,19.1136,72.8697,2,Waterlogging Vectors Risk,136.10000000000002,11,34.961391289943236
2025-11-15,33.0,50.0,2.0,Andheri,19.1136,72.8697,2,Waterlogging Vectors Risk,122.3,11,32.907905601253574
2025-11-16,32.9,46.0,2.0,Andheri,19.1136,72.8697,2,Waterlogging Vectors Risk,88.0,11,35.09982264685697
2025-11-17,32.199999999999996,47.0,2.0,Andheri,19.1136,72.8697,2,Waterlogging Vectors Risk,74.7,11,34.577304122026156
2025-11-18,32.0,48.0,2.0,Andheri,19.1136,72.8697,2,Waterlogging Vectors Risk,74.3,11,32.377168194507966
2025-11-19,32.599999999999994,48.0,2.0,Andheri,19.1136,72.8697,2,Waterlogging Vectors Risk,74.2,11,20.590170940514188
2025-11-20,32.699999999999996,52.0,2.0,Andheri,19.1136,72.8697,2,Waterlogging Vectors Risk,62.7,11,26.803020892683616
2025-11-21,33.599999999999994,54.0,2.0,Andheri,19.1136,72.8697,2,Waterlogging Vectors Risk,54.1,11,18.717100356752407
2025-11-22,33.0,58.0,2.0,Andheri,19.1136,72.8697,2,Waterlogging Vectors Risk,51.0,11,37.1880469208224
2025-11-23,32.5,64.0,2.0,Andheri,19.1136,72.8697,2,Waterlogging Vectors Risk,46.8,11,28.28723760450498
2025-11-24,32.599999999999994,67.0,2.0,Andheri,19.1136,72.8697,2,Waterlogging Vectors Risk,44.3,11,29.21602403392246
2025-11-25,32.8,69.0,2.0,Andheri,19.1136,72.8697,2,Waterlogging Vectors Risk,42.7,11,30.22409354686902
2025-11-26,32.4,70.0,2.0,Andheri,19.1136,72.8697,2,Waterlogging Vectors Risk,42.6,11,29.95134556519561
2025-11-27,33.5,65.0,2.0,Andheri,19.1136,72.8697,2,Waterlogging Vectors Risk,42.0,11,31.975255202153765
2025-11-28,33.0,62.0,2.0,Andheri,19.1136,72.8697,2,Waterlogging Vectors Risk,42.0,11,23.220086524661077
2025-11-29,32.699999999999996,52.0,2.0,Andheri,19.1136,72.8697,2,Waterlogging Vectors Risk,42.0,11,29.006370609519575
2025-11-30,31.8,52.0,2.0,Andheri,19.1136,72.8697,2,Waterlogging Vectors Risk,42.0,11,29.420980404843085
2025-12-01,32.3,52.0,2.0,Andheri,19.1136,72.8697,2,Waterlogging Vectors Risk,42.0,12,23.699887443896486
2025-12-02,32.0,57.0,2.0,Andheri,19.1136,72.8697,2,Waterlogging Vectors Risk,42.0,12,28.941154545473573
2025-12-03,33.099999999999994,52.0,2.0,Andheri,19.1136,72.8697,2,Waterlogging Vectors Risk,42.0,12,25.581482681424642
2025-12-04,33.5,50.0,2.0,Andheri,19.1136,72.8697,2,Waterlogging Vectors Risk,42.0,12,21.3534888774137
2025-12-05,33.9,51.0,2.0,Andheri,19.1136,72.8697,2,Waterlogging Vectors Risk,42.0,12,17.771228433964062
2025-12-06,32.8,52.0,2.0,Andheri,19.1136,72.8697,2,Waterlogging Vectors Risk,42.0,12,20.435079348307514
2025-12-07,33.3,49.0,2.0,Andheri,19.1136,72.8697,2,Waterlogging Vectors Risk,42.0,12,24.217805470189873
2025-12-08,33.5,53.0,2.0,Andheri,19.1136,72.8697,2,Waterlogging Vectors Risk,42.0,12,15.976398129844988
2025-12-09,32.9,37.0,2.0,Andheri,19.1136,72.8697,2,Waterlogging Vectors Risk,42.0,12,30.700279818448017
2025-12-10,33.0,37.0,2.0,Andheri,19.1136,72.8697,2,Waterlogging Vectors Risk,42.0,12,26.745532098005853
2025-12-11,32.8,39.0,2.0,Andheri,19.1136,72.8697,2,Waterlogging Vectors Risk,42.0,12,20.17890916934203
2025-12-12,32.099999999999994,45.0,2.0,Andheri,19.1136,72.8697,2,Waterlogging Vectors Risk,42.0,12,29.887287948084047
2025-12-13,32.8,49.0,2.0,Andheri,19.1136,72.8697,2,Waterlogging Vectors Risk,42.0,12,23.705884638713766
2025-12-14,32.199999999999996,46.0,2.0,Andheri,19.1136,72.8697,2,Waterlogging Vectors Risk,42.0,12,32.46253921876259
2025-12-15,32.3,45.0,2.0,Andheri,19.1136,72.8697,2,Waterlogging Vectors Risk,42.0,12,37.00225223011574
2025-12-16,32.599999999999994,45.0,2.0,Andheri,19.1136,72.8697,2,Waterlogging Vectors Risk,42.0,12,19.224137651771308
2025-12-17,32.9,50.0,2.0,Andheri,19.1136,72.8697,2,Waterlogging Vectors Risk,42.0,12,27.475130395737093
2025-12-18,32.9,48.0,2.0,Andheri,19.1136,72.8697,2,Waterlogging Vectors Risk,42.0,12,26.099336022166803
2025-12-19,33.0,45.0,2.0,Andheri,19.1136,72.8697,2,Waterlogging Vectors Risk,42.0,12,29.690033715585663
2025-12-20,32.9,42.0,2.0,Andheri,19.1136,72.8697,2,Waterlogging Vectors Risk,42.0,12,27.965983141188453
2025-12-21,32.199999999999996,42.0,2.0,Andheri,19.1136,72.8697,2,Waterlogging Vectors Risk,42.0,12,27.106820007972598
2025-12-22,31.400000000000002,43.0,2.0,Andheri,19.1136,72.8697,2,Waterlogging Vectors Risk,42.0,12,33.8047303216669
2025-12-23,32.099999999999994,48.0,2.0,Andheri,19.1136,72.8697,2,Waterlogging Vectors Risk,42.0,12,27.45320404931592
2025-12-24,32.0,47.0,2.0,Andheri,19.1136,72.8697,2,Waterlogging Vectors Risk,42.0,12,37.38003569299299
2025-12-25,31.3,51.0,2.0,Andheri,19.1136,72.8697,2,Waterlogging Vectors Risk,42.0,12,36.073224910026376
2025-12-26,31.1,51.0,2.0,Andheri,19.1136,72.8697,2,Waterlogging Vectors Risk,42.0,12,46.605953428765034
2025-12-27,31.8,51.0,2.0,Andheri,19.1136,72.8697,2,Waterlogging Vectors Risk,42.0,12,32.83002926426022
2025-12-28,31.3,51.0,2.0,Andheri,19.1136,72.8697,2,Waterlogging Vectors Risk,42.0,12,32.42463283211435
2025-12-29,31.0,53.0,2.0,Andheri,19.1136,72.8697,2,Waterlogging Vectors Risk,42.0,12,30.098094703602534
2025-12-30,29.2,66.0,2.0,Andheri,19.1136,72.8697,2,Waterlogging Vectors Risk,42.0,12,38.85096828538694
2025-12-31,28.6,75.0,2.0,Andheri,19.1136,72.8697,2,Waterlogging Vectors Risk,42.0,12,43.34598695163921
2021-01-21,28.3,64.0,0.0,Borivali,19.2307,72.8567,0,Stable Microclimate Risk,3.6,1,54.30229992172408
2021-01-22,29.1,74.0,0.0,Borivali,19.2307,72.8567,0,Stable Microclimate Risk,3.6,1,50.97695844948299
2021-01-23,30.1,67.0,0.0,Borivali,19.2307,72.8567,0,Stable Microclimate Risk,3.6,1,34.860713156505994
2021-01-24,28.9,61.0,0.0,Borivali,19.2307,72.8567,0,Stable Microclimate Risk,3.6,1,54.04185823704725
2021-01-25,28.5,63.0,0.0,Borivali,19.2307,72.8567,0,Stable Microclimate Risk,3.6,1,49.41802807491614
2021-01-26,27.5,69.0,0.0,Borivali,19.2307,72.8567,0,Stable Microclimate Risk,3.2,1,58.23396505992775
2021-01-27,26.6,70.0,0.0,Borivali,19.2307,72.8567,0,Stable Microclimate Risk,3.2,1,70.66110314127712
2021-01-28,27.0,70.0,0.0,Borivali,19.2307,72.8567,0,Stable Microclimate Risk,3.0,1,64.817529912661
2021-01-29,27.7,62.0,0.0,Borivali,19.2307,72.8567,0,Stable Microclimate Risk,0.2,1,55.02401342713751
2021-01-30,29.5,62.0,0.0,Borivali,19.2307,72.8567,0,Stable Microclimate Risk,0.0,1,41.710705539590236
2021-01-31,30.4,61.0,0.0,Borivali,19.2307,72.8567,0,Stable Microclimate Risk,0.0,1,30.307589660020152
2021-02-01,32.1,52.0,0.0,Borivali,19.2307,72.8567,0,Stable Microclimate Risk,0.0,2,27.837566737121225
2021-02-02,32.4,46.0,0.0,Borivali,19.2307,72.8567,0,Stable Microclimate Risk,0.0,2,28.677682139194868
2021-02-03,30.7,52.0,0.0,Borivali,19.2307,72.8567,0,Stable Microclimate Risk,0.0,2,34.43076903091075
2021-02-04,29.7,59.0,0.0,Borivali,19.2307,72.8567,0,Stable Microclimate Risk,0.0,2,44.37704849787181
2021-02-05,29.4,52.0,0.0,Borivali,19.2307,72.8567,0,Stable Microclimate Risk,0.0,2,47.11759274812718
2021-02-06,30.9,44.0,0.0,Borivali,19.2307,72.8567,0,Stable Microclimate Risk,0.0,2,37.10905342429295
2021-02-07,32.3,38.0,0.0,Borivali,19.2307,72.8567,0,Stable Microclimate Risk,0.0,2,27.049987095882717
2021-02-08,32.2,40.0,0.0,Borivali,19.2307,72.8567,0,Stable Microclimate Risk,0.0,2,31.70994002650029
2021-02-09,32.2,48.0,0.0,Borivali,19.2307,72.8567,0,Stable Microclimate Risk,0.0,2,33.0763699145137
2021-02-10,30.4,56.0,0.0,Borivali,19.2307,72.8567,0,Stable Microclimate Risk,0.0,2,35.614671279452445
2021-02-11,31.700000000000003,54.0,0.0,Borivali,19.2307,72.8567,0,Stable Microclimate Risk,0.0,2,40.75466189873134
2021-02-12,29.8,60.0,0.0,Borivali,19.2307,72.8567,0,Stable Microclimate Risk,0.0,2,43.973726005245354
2021-02-13,29.8,65.0,0.0,Borivali,19.2307,72.8567,0,Stable Microclimate Risk,0.0,2,44.5609147813909
2021-02-14,29.6,69.0,0.0,Borivali,19.2307,72.8567,0,Stable Microclimate Risk,0.0,2,49.14107211628278
2021-02-15,28.1,71.0,0.0,Borivali,19.2307,72.8567,0,Stable Microclimate Risk,0.0,2,55.266080656317506
2021-02-16,27.3,78.0,0.0,Borivali,19.2307,72.8567,0,Stable Microclimate Risk,0.0,2,63.39901650289955
2021-02-17,28.3,75.0,0.0,Borivali,19.2307,72.8567,0,Stable Microclimate Risk,0.0,2,54.40228749267578
2021-02-18,30.9,65.0,1.0,Borivali,19.2307,72.8567,0,Stable Microclimate Risk,1.0,2,35.171146460131155
2021-02-19,31.5,61.0,0.1,Borivali,19.2307,72.8567,0,Stable Microclimate Risk,1.1,2,36.64085095936384
2021-02-20,31.799999999999997,54.0,0.0,Borivali,19.2307,72.8567,0,Stable Microclimate Risk,1.1,2,27.414702296730038
2021-02-21,33.5,44.0,0.0,Borivali,19.2307,72.8567,0,Stable Microclimate Risk,1.1,2,24.042798528882617
2021-02-22,32.6,56.0,0.0,Borivali,19.2307,72.8567,0,Stable Microclimate Risk,1.1,2,28.43385004677769
2021-02-23,31.2,60.0,0.0,Borivali,19.2307,72.8567,0,Stable Microclimate Risk,1.1,2,35.49274904697064
2021-02-24,32.5,59.0,0.0,Borivali,19.2307,72.8567,0,Stable Microclimate Risk,1.1,2,28.52397910947201
2021-02-25,32.5,53.0,0.0,Borivali,19.2307,72.8567,0,Stable Microclimate Risk,1.1,2,19.75742143917847
2021-02-26,29.8,65.0,0.0,Borivali,19.2307,72.8567,0,Stable Microclimate Risk,1.1,2,41.723042127961854
2021-02-27,30.7,68.0,0.0,Borivali,19.2307,72.8567,0,Stable Microclimate Risk,1.1,2,39.83089117237225
2021-02-28,33.8,55.0,0.0,Borivali,19.2307,72.8567,0,Stable Microclimate Risk,1.1,2,22.599281959987017
2021-03-01,34.6,48.0,0.0,Borivali,19.2307,72.8567,0,Stable Microclimate Risk,1.1,3,9.86162429537021
2021-03-02,33.9,43.0,0.0,Borivali,19.2307,72.8567,0,Stable Microclimate Risk,1.1,3,21.328539204323505
2021-03-03,35.7,39.0,0.0,Borivali,19.2307,72.8567,0,Stable Microclimate Risk,1.1,3,10.669125758927496
2021-03-04,35.8,35.0,0.0,Borivali,19.2307,72.8567,0,Stable Microclimate Risk,1.1,3,19.847286002633684
2021-03-05,36.1,42.0,0.0,Borivali,19.2307,72.8567,0,Stable Microclimate Risk,1.1,3,17.135971809358423
2021-03-06,30.9,77.0,0.0,Borivali,19.2307,72.8567,0,Stable Microclimate Risk,1.1,3,11.768863450780984
2021-03-07,32.3,66.0,0.0,Borivali,19.2307,72.8567,0,Stable Microclimate Risk,1.1,3,23.87655446304756
2021-03-08,31.799999999999997,63.0,0.0,Borivali,19.2307,72.8567,0,Stable Microclimate Risk,1.1,3,9.0318158412176
2021-03-09,34.3,56.0,0.0,Borivali,19.2307,72.8567,0,Stable Microclimate Risk,1.1,3,19.595770868050007
2021-03-10,32.2,61.0,0.0,Borivali,19.2307,72.8567,0,Stable Microclimate Risk,1.1,3,20.002911590214893
2021-03-11,30.5,70.0,0.0,Borivali,19.2307,72.8567,0,Stable Microclimate Risk,0.1,3,11.646898954616775
2021-03-12,32.2,63.0,0.0,Borivali,19.2307,72.8567,0,Stable Microclimate Risk,0.0,3,21.962326500321645
2021-03-13,35.2,47.0,0.0,Borivali,19.2307,72.8567,0,Stable Microclimate Risk,0.0,3,13.749767427005237
2021-03-14,34.1,45.0,0.0,Borivali,19.2307,72.8567,0,Stable Microclimate Risk,0.0,3,16.443468146399287
2021-03-15,34.1,45.0,0.0,Borivali,19.2307,72.8567,0,Stable Microclimate Risk,0.0,3,16.301609193856102
2021-03-16,33.3,52.0,0.0,Borivali,19.2307,72.8567,0,Stable Microclimate Risk,0.0,3,14.32845629264726
2021-03-17,34.2,52.0,0.0,Borivali,19.2307,72.8567,0,Stable Microclimate Risk,0.0,3,19.05404136579891
2021-03-18,32.0,58.0,0.0,Borivali,19.2307,72.8567,0,Stable Microclimate Risk,0.0,3,18.967443602761065
2021-03-19,31.700000000000003,64.0,0.0,Borivali,19.2307,72.8567,0,Stable Microclimate Risk,0.0,3,6.257340133809096
2021-03-20,30.6,74.0,0.0,Borivali,19.2307,72.8567,0,Stable Microclimate Risk,0.0,3,21.521701214390763
2021-03-21,31.5,73.0,0.0,Borivali,19.2307,72.8567,0,Stable Microclimate Risk,0.0,3,6.687540059821629
2021-03-22,33.3,69.0,0.0,Borivali,19.2307,72.8567,0,Stable Microclimate Risk,0.0,3,20.162731021708286
2021-03-23,33.3,51.0,0.0,Borivali,19.2307,72.8567,0,Stable Microclimate Risk,0.0,3,20.633525684137915
2021-03-24,35.0,48.0,0.0,Borivali,19.2307,72.8567,0,Stable Microclimate Risk,0.0,3,9.54516784892401
2021-03-25,37.7,31.0,0.0,Borivali,19.2307,72.8567,0,Stable Microclimate Risk,0.0,3,12.945928560227076
2021-03-26,36.0,30.0,0.0,Borivali,19.2307,72.8567,0,Stable Microclimate Risk,0.0,3,9.47147665757032
2021-03-27,38.1,31.0,0.0,Borivali,19.2307,72.8567,0,Stable Microclimate Risk,0.0,3,13.925394848556323
2021-03-28,33.2,58.0,0.0,Borivali,19.2307,72.8567,0,Stable Microclimate Risk,0.0,3,13.459828579071294
2021-03-29,32.0,77.0,0.0,Borivali,19.2307,72.8567,0,Stable Microclimate Risk,0.0,3,18.898302661346698
2021-03-30,30.9,77.0,0.0,Borivali,19.2307,72.8567,0,Stable Microclimate Risk,0.0,3,21.55154373059804
2021-03-31,30.4,80.0,0.0,Borivali,19.2307,72.8567,0,Stable Microclimate Risk,0.0,3,21.97841905394978
2021-04-01,31.1,77.0,0.0,Borivali,19.2307,72.8567,0,Stable Microclimate Risk,0.0,4,12.18915986710849
2021-04-02,30.5,75.0,0.1,Borivali,19.2307,72.8567,0,Stable Microclimate Risk,0.1,4,13.95389063127736
2021-04-03,29.9,74.0,0.0,Borivali,19.2307,72.8567,0,Stable Microclimate Risk,0.1,4,6.582809038895249
2021-04-04,30.5,75.0,0.0,Borivali,19.2307,72.8567,0,Stable Microclimate Risk,0.1,4,10.970649667519055
2021-04-05,31.2,79.0,0.0,Borivali,19.2307,72.8567,0,Stable Microclimate Risk,0.1,4,19.824258165487286
2021-04-06,33.4,65.0,0.0,Borivali,19.2307,72.8567,0,Stable Microclimate Risk,0.1,4,23.07791411774116
2021-04-07,32.8,69.0,0.0,Borivali,19.2307,72.8567,0,Stable Microclimate Risk,0.1,4,8.82825564060039
2021-04-08,31.0,79.0,0.0,Borivali,19.2307,72.8567,0,Stable Microclimate Risk,0.1,4,12.037678704235528
2021-04-09,31.5,76.0,0.0,Borivali,19.2307,72.8567,0,Stable Microclimate Risk,0.1,4,14.867971215205365
2021-04-10,31.799999999999997,76.0,0.0,Borivali,19.2307,72.8567,0,Stable Microclimate Risk,0.1,4,16.400805794098034
2021-04-11,33.6,74.0,0.0,Borivali,19.2307,72.8567,0,Stable Microclimate Risk,0.1,4,10.95198240039177
2021-04-12,32.8,73.0,0.0,Borivali,19.2307,72.8567,0,Stable Microclimate Risk,0.1,4,17.120305222320447
2021-04-13,35.6,66.0,0.0,Borivali,19.2307,72.8567,0,Stable Microclimate Risk,0.1,4,12.630803264645419
2021-04-14,34.8,67.0,0.0,Borivali,19.2307,72.8567,0,Stable Microclimate Risk,0.1,4,14.927738645608605
2021-04-15,33.5,74.0,0.0,Borivali,19.2307,72.8567,0,Stable Microclimate Risk,0.1,4,17.7314212400185
2021-04-16,31.5,75.0,0.0,Borivali,19.2307,72.8567,0,Stable Microclimate Risk,0.1,4,15.03211134905469
2021-04-17,31.799999999999997,78.0,0.0,Borivali,19.2307,72.8567,0,Stable Microclimate Risk,0.1,4,12.818070547367157
2021-04-18,33.7,75.0,0.0,Borivali,19.2307,72.8567,0,Stable Microclimate Risk,0.1,4,14.451950980370846
2021-04-19,32.1,77.0,0.0,Borivali,19.2307,72.8567,0,Stable Microclimate Risk,0.1,4,14.558185203973323
2021-04-20,31.5,77.0,0.0,Borivali,19.2307,72.8567,0,Stable Microclimate Risk,0.1,4,13.149944850589362
2021-04-21,31.5,76.0,0.0,Borivali,19.2307,72.8567,0,Stable Microclimate Risk,0.1,4,13.706019686664488
2021-04-22,32.3,76.0,0.0,Borivali,19.2307,72.8567,0,Stable Microclimate Risk,0.1,4,22.993235852523583
2021-04-23,32.8,71.0,0.0,Borivali,19.2307,72.8567,0,Stable Microclimate Risk,0.0,4,17.804597239706194
2021-04-24,31.700000000000003,76.0,0.0,Borivali,19.2307,72.8567,0,Stable Microclimate Risk,0.0,4,13.522598409854199
2021-04-25,33.1,77.0,0.0,Borivali,19.2307,72.8567,0,Stable Microclimate Risk,0.0,4,18.484772022553678
2021-04-26,32.9,78.0,0.0,Borivali,19.2307,72.8567,0,Stable Microclimate Risk,0.0,4,13.33090255121995
2021-04-27,33.2,74.0,0.0,Borivali,19.2307,72.8567,0,Stable Microclimate Risk,0.0,4,20.865623187933206
2021-04-28,33.7,74.0,0.0,Borivali,19.2307,72.8567,0,Stable Microclimate Risk,0.0,4,16.84821096099047
2021-04-29,33.5,78.0,0.0,Borivali,19.2307,72.8567,0,Stable Microclimate Risk,0.0,4,14.463489279978855
2021-04-30,31.9,78.0,0.0,Borivali,19.2307,72.8567,0,Stable Microclimate Risk,0.0,4,17.238584629051388
2021-05-01,33.7,73.0,0.0,Borivali,19.2307,72.8567,0,Stable Microclimate Risk,0.0,5,7.145619239657504
2021-05-02,33.1,76.0,0.0,Borivali,19.2307,72.8567,0,Stable Microclimate Risk,0.0,5,9.366162655450974
2021-05-03,33.8,74.0,0.0,Borivali,19.2307,72.8567,0,Stable Microclimate Risk,0.0,5,9.030374968004722
2021-05-04,33.1,72.0,0.0,Borivali,19.2307,72.8567,0,Stable Microclimate Risk,0.0,5,15.714715473818533
2021-05-05,32.8,74.0,0.0,Borivali,19.2307,72.8567,0,Stable Microclimate Risk,0.0,5,23.66257499742546
2021-05-06,32.3,78.0,0.0,Borivali,19.2307,72.8567,0,Stable Microclimate Risk,0.0,5,26.15650073096316
2021-05-07,32.4,77.0,0.0,Borivali,19.2307,72.8567,0,Stable Microclimate Risk,0.0,5,18.190255507203787
2021-05-08,32.8,77.0,0.0,Borivali,19.2307,72.8567,0,Stable Microclimate Risk,0.0,5,17.504222374722286
2021-05-09,32.4,76.0,0.0,Borivali,19.2307,72.8567,0,Stable Microclimate Risk,0.0,5,5.994711329236305
2021-05-10,32.7,72.0,0.0,Borivali,19.2307,72.8567,0,Stable Microclimate Risk,0.0,5,12.28663100132989
2021-05-11,32.2,72.0,0.0,Borivali,19.2307,72.8567,0,Stable Microclimate Risk,0.0,5,11.061081240458805
2021-05-12,32.0,68.0,0.0,Borivali,19.2307,72.8567,0,Stable Microclimate Risk,0.0,5,11.89576200874442
2021-05-13,31.5,65.0,0.0,Borivali,19.2307,72.8567,0,Stable Microclimate Risk,0.0,5,14.159280907076052
2021-05-14,32.7,72.0,0.0,Borivali,19.2307,72.8567,0,Stable Microclimate Risk,0.0,5,12.639547111514364
2021-05-15,34.7,64.0,0.0,Borivali,19.2307,72.8567,0,Stable Microclimate Risk,0.0,5,5.103500948121061
2021-05-16,35.7,61.0,7.0,Borivali,19.2307,72.8567,0,Stable Microclimate Risk,7.0,5,18.73955128058767
2021-05-17,27.0,87.0,199.9,Borivali,19.2307,72.8567,0,Stable Microclimate Risk,206.9,5,9.636284871300967
2021-05-18,28.1,87.0,22.6,Borivali,19.2307,72.8567,0,Stable Microclimate Risk,229.5,5,16.196234320555746
2021-05-19,28.6,87.0,15.2,Borivali,19.2307,72.8567,0,Stable Microclimate Risk,244.70000000000002,5,25.370413348749867
2021-05-20,30.1,82.0,1.0,Borivali,19.2307,72.8567,0,Stable Microclimate Risk,245.70000000000002,5,10.403077042067883
2021-05-21,30.2,81.0,0.3,Borivali,19.2307,72.8567,0,Stable Microclimate Risk,246.0,5,5.0
2021-05-22,30.0,77.0,1.2,Borivali,19.2307,72.8567,0,Stable Microclimate Risk,247.20000000000002,5,13.569978890599446
2021-05-23,30.3,78.0,1.6,Borivali,19.2307,72.8567,0,Stable Microclimate Risk,248.8,5,20.504798174992857
2021-05-24,30.4,80.0,1.8,Borivali,19.2307,72.8567,0,Stable Microclimate Risk,250.6,5,24.791737271102967
2021-05-25,30.4,77.0,1.7,Borivali,19.2307,72.8567,0,Stable Microclimate Risk,252.3,5,8.852252027737915
2021-05-26,30.5,70.0,0.0,Borivali,19.2307,72.8567,0,Stable Microclimate Risk,252.3,5,17.483496116182607
2021-05-27,31.0,71.0,4.8,Borivali,19.2307,72.8567,0,Stable Microclimate Risk,257.1,5,12.673447716099734
2021-05-28,30.5,78.0,3.6,Borivali,19.2307,72.8567,0,Stable Microclimate Risk,260.7,5,14.470258228479322
2021-05-29,30.4,81.0,2.8,Borivali,19.2307,72.8567,0,Stable Microclimate Risk,263.5,5,28.221716735085174
2021-05-30,30.2,81.0,3.3,Borivali,19.2307,72.8567,0,Stable Microclimate Risk,266.8,5,7.485148358024234
2021-05-31,29.8,84.0,3.5,Borivali,19.2307,72.8567,0,Stable Microclimate Risk,270.3,5,16.268698307472867
2021-06-01,30.0,85.0,7.4,Borivali,19.2307,72.8567,0,Stable Microclimate Risk,277.7,6,17.338465858827167
2021-06-02,29.3,85.0,11.1,Borivali,19.2307,72.8567,0,Stable Microclimate Risk,288.8,6,20.428931624696737
2021-06-03,30.3,83.0,1.3,Borivali,19.2307,72.8567,0,Stable Microclimate Risk,290.1,6,15.489915767354477
2021-06-04,30.5,83.0,5.2,Borivali,19.2307,72.8567,0,Stable Microclimate Risk,295.3,6,16.54025269752051
2021-06-05,28.6,85.0,7.7,Borivali,19.2307,72.8567,0,Stable Microclimate Risk,303.0,6,13.041757162891045
2021-06-06,28.9,83.0,9.7,Borivali,19.2307,72.8567,0,Stable Microclimate Risk,305.7,6,16.345634706225535
2021-06-07,28.7,86.0,10.5,Borivali,19.2307,72.8567,0,Stable Microclimate Risk,116.3,6,13.284038622512949
2021-06-08,27.9,90.0,25.1,Borivali,19.2307,72.8567,0,Stable Microclimate Risk,118.8,6,18.107859449280255
2021-06-09,27.7,89.0,24.0,Borivali,19.2307,72.8567,0,Stable Microclimate Risk,127.60000000000001,6,13.15194831978183
2021-06-10,27.5,88.0,24.0,Borivali,19.2307,72.8567,0,Stable Microclimate Risk,150.6,6,16.885501969510933
2021-06-11,27.7,88.0,19.6,Borivali,19.2307,72.8567,0,Stable Microclimate Risk,169.9,6,14.853685931575109
2021-06-12,28.1,89.0,15.7,Borivali,19.2307,72.8567,0,Stable Microclimate Risk,184.4,6,20.63025125386084
2021-06-13,28.4,88.0,9.6,Borivali,19.2307,72.8567,0,Stable Microclimate Risk,192.4,6,14.743031382057568
2021-06-14,28.5,89.0,5.2,Borivali,19.2307,72.8567,0,Stable Microclimate Risk,195.8,6,6.134837658965592
2021-06-15,27.7,88.0,9.2,Borivali,19.2307,72.8567,0,Stable Microclimate Risk,203.3,6,21.309607503569957
2021-06-16,26.7,90.0,13.7,Borivali,19.2307,72.8567,0,Stable Microclimate Risk,217.0,6,10.471338495686904
2021-06-17,26.8,89.0,18.5,Borivali,19.2307,72.8567,0,Stable Microclimate Risk,230.7,6,11.731168306755901
2021-06-18,26.8,89.0,15.9,Borivali,19.2307,72.8567,0,Stable Microclimate Risk,243.0,6,12.021693529782539
2021-06-19,26.4,89.0,18.5,Borivali,19.2307,72.8567,0,Stable Microclimate Risk,258.7,6,21.872190465854086
2021-06-20,28.4,87.0,10.3,Borivali,19.2307,72.8567,0,Stable Microclimate Risk,265.7,6,5.0
2021-06-21,28.6,84.0,5.6,Borivali,19.2307,72.8567,0,Stable Microclimate Risk,267.8,6,30.68874266829997
2021-06-22,28.1,85.0,5.9,Borivali,19.2307,72.8567,0,Stable Microclimate Risk,266.29999999999995,6,20.28028404533026
2021-06-23,27.6,88.0,5.6,Borivali,19.2307,72.8567,0,Stable Microclimate Risk,260.8,6,16.1161945706458
2021-06-24,27.0,89.0,8.7,Borivali,19.2307,72.8567,0,Stable Microclimate Risk,268.2,6,14.725529996918569
2021-06-25,26.2,91.0,36.7,Borivali,19.2307,72.8567,0,Stable Microclimate Risk,299.70000000000005,6,16.427770374288286
2021-06-26,28.9,81.0,3.5,Borivali,19.2307,72.8567,0,Stable Microclimate Risk,295.5,6,17.605612141896692
2021-06-27,28.0,84.0,9.3,Borivali,19.2307,72.8567,0,Stable Microclimate Risk,295.09999999999997,6,18.226077929750286
2021-06-28,26.9,89.0,19.2,Borivali,19.2307,72.8567,0,Stable Microclimate Risk,303.79999999999995,6,17.778022330017244
2021-06-29,28.7,87.0,3.0,Borivali,19.2307,72.8567,0,Stable Microclimate Risk,281.70000000000005,6,15.447903406276245
2021-06-30,28.4,88.0,4.8,Borivali,19.2307,72.8567,0,Stable Microclimate Risk,262.5,6,14.013307898463369
2021-07-01,29.3,79.0,2.9,Borivali,19.2307,72.8567,0,Stable Microclimate Risk,241.4,7,14.24363358173244
2021-07-02,29.4,80.0,1.8,Borivali,19.2307,72.8567,0,Stable Microclimate Risk,223.6,7,14.025458598236595
2021-07-03,29.0,84.0,1.8,Borivali,19.2307,72.8567,0,Stable Microclimate Risk,209.70000000000002,7,20.668850484335323
2021-07-04,28.6,85.0,2.3,Borivali,19.2307,72.8567,0,Stable Microclimate Risk,202.4,7,17.967783611404307
2021-07-05,28.6,86.0,1.2,Borivali,19.2307,72.8567,0,Stable Microclimate Risk,198.4,7,5.0
2021-07-06,29.1,85.0,1.0,Borivali,19.2307,72.8567,0,Stable Microclimate Risk,190.20000000000002,7,18.279503882648804
2021-07-07,29.1,83.0,2.2,Borivali,19.2307,72.8567,0,Stable Microclimate Risk,178.70000000000002,7,15.973680973593874
2021-07-08,28.6,87.0,8.9,Borivali,19.2307,72.8567,0,Stable Microclimate Risk,169.10000000000002,7,14.906456217770513
2021-07-09,28.6,85.0,4.1,Borivali,19.2307,72.8567,0,Stable Microclimate Risk,157.3,7,13.057407734555571
2021-07-10,26.3,91.0,85.5,Borivali,19.2307,72.8567,0,Stable Microclimate Risk,224.3,7,20.620563599930065
2021-07-11,28.3,87.0,13.7,Borivali,19.2307,72.8567,0,Stable Microclimate Risk,227.7,7,19.737632310614288
2021-07-12,27.8,90.0,41.0,Borivali,19.2307,72.8567,0,Stable Microclimate Risk,263.1,7,11.135611660881954
2021-07-13,27.6,90.0,34.6,Borivali,19.2307,72.8567,0,Stable Microclimate Risk,291.8,7,17.035261435622676
2021-07-14,26.8,90.0,34.9,Borivali,19.2307,72.8567,0,Stable Microclimate Risk,321.1,7,10.141716327293569
2021-07-15,27.5,87.0,22.4,Borivali,19.2307,72.8567,0,Stable Microclimate Risk,334.8,7,8.101909176055347
2021-07-16,27.9,90.0,31.8,Borivali,19.2307,72.8567,0,Stable Microclimate Risk,329.90000000000003,7,11.866413877050174
2021-07-17,27.1,89.0,40.6,Borivali,19.2307,72.8567,0,Stable Microclimate Risk,367.0,7,19.311967361913794
2021-07-18,27.7,89.0,32.9,Borivali,19.2307,72.8567,0,Stable Microclimate Risk,390.6,7,19.765625226880434
2021-07-19,26.9,91.0,55.2,Borivali,19.2307,72.8567,0,Stable Microclimate Risk,426.59999999999997,7,17.565427100486467
2021-07-20,27.0,90.0,29.1,Borivali,19.2307,72.8567,0,Stable Microclimate Risk,452.70000000000005,7,18.625478934239986
2021-07-21,26.7,89.0,36.7,Borivali,19.2307,72.8567,0,Stable Microclimate Risk,484.6,7,17.58089143557479
2021-07-22,26.7,87.0,18.5,Borivali,19.2307,72.8567,0,Stable Microclimate Risk,500.2,7,11.792592023885238
2021-07-23,26.3,89.0,28.2,Borivali,19.2307,72.8567,0,Stable Microclimate Risk,526.6,7,17.159612723369705
2021-07-24,27.3,87.0,13.1,Borivali,19.2307,72.8567,0,Stable Microclimate Risk,537.9,7,19.002047626138413
2021-07-25,27.8,89.0,15.3,Borivali,19.2307,72.8567,0,Stable Microclimate Risk,550.9,7,18.771456649067872
2021-07-26,28.0,87.0,12.5,Borivali,19.2307,72.8567,0,Stable Microclimate Risk,562.1999999999999,7,20.944566857373214
2021-07-27,27.5,85.0,8.4,Borivali,19.2307,72.8567,0,Stable Microclimate Risk,569.5999999999999,7,18.541519236005318
2021-07-28,27.8,82.0,12.4,Borivali,19.2307,72.8567,0,Stable Microclimate Risk,579.8000000000001,7,16.757241037707914
2021-07-29,28.3,83.0,11.3,Borivali,19.2307,72.8567,0,Stable Microclimate Risk,582.2,7,20.350751191582138
2021-07-30,27.6,82.0,8.4,Borivali,19.2307,72.8567,0,Stable Microclimate Risk,586.5,7,14.867393703754699
2021-07-31,28.1,81.0,2.7,Borivali,19.2307,72.8567,0,Stable Microclimate Risk,503.70000000000005,7,10.59062674386141
2021-08-01,27.7,80.0,3.1,Borivali,19.2307,72.8567,0,Stable Microclimate Risk,493.09999999999997,8,14.184665180281181
2021-08-02,27.5,83.0,4.7,Borivali,19.2307,72.8567,0,Stable Microclimate Risk,456.8,8,11.275486775967755
2021-08-03,26.7,88.0,9.8,Borivali,19.2307,72.8567,0,Stable Microclimate Risk,432.0,8,11.624108625128091
2021-08-04,26.9,86.0,5.6,Borivali,19.2307,72.8567,0,Stable Microclimate Risk,402.7,8,14.277406646422412
2021-08-05,27.9,85.0,5.9,Borivali,19.2307,72.8567,0,Stable Microclimate Risk,386.2,8,11.037900395000193
2021-08-06,27.6,85.0,3.9,Borivali,19.2307,72.8567,0,Stable Microclimate Risk,358.3,8,13.460192351804798
2021-08-07,27.6,87.0,4.0,Borivali,19.2307,72.8567,0,Stable Microclimate Risk,321.70000000000005,8,5.531926665231072
2021-08-08,27.4,89.0,3.0,Borivali,19.2307,72.8567,0,Stable Microclimate Risk,291.8,8,16.066468536864694
2021-08-09,27.6,86.0,4.2,Borivali,19.2307,72.8567,0,Stable Microclimate Risk,240.8,8,15.00602737681112
2021-08-10,27.3,87.0,4.2,Borivali,19.2307,72.8567,0,Stable Microclimate Risk,215.89999999999998,8,10.914556844659046
2021-08-11,27.5,86.0,5.5,Borivali,19.2307,72.8567,0,Stable Microclimate Risk,184.7,8,18.296228342162024
2021-08-12,27.5,85.0,3.9,Borivali,19.2307,72.8567,0,Stable Microclimate Risk,170.1,8,19.68785068813279
2021-08-13,27.4,85.0,3.7,Borivali,19.2307,72.8567,0,Stable Microclimate Risk,145.60000000000002,8,6.9622006781551296
2021-08-14,26.5,88.0,9.1,Borivali,19.2307,72.8567,0,Stable Microclimate Risk,141.6,8,11.186376107168929
2021-08-15,26.6,89.0,6.7,Borivali,19.2307,72.8567,0,Stable Microclimate Risk,133.0,8,11.154288251063509
2021-08-16,27.1,88.0,3.9,Borivali,19.2307,72.8567,0,Stable Microclimate Risk,124.4,8,10.300484494455677
2021-08-17,26.1,90.0,13.7,Borivali,19.2307,72.8567,0,Stable Microclimate Risk,129.7,8,19.147374209658743
2021-08-18,25.8,92.0,21.8,Borivali,19.2307,72.8567,0,Stable Microclimate Risk,139.1,8,14.030869306135983
2021-08-19,25.2,92.0,33.4,Borivali,19.2307,72.8567,0,Stable Microclimate Risk,161.2,8,13.677425793446947
2021-08-20,26.6,87.0,26.8,Borivali,19.2307,72.8567,0,Stable Microclimate Risk,179.6,8,5.0
2021-08-21,25.3,91.0,71.7,Borivali,19.2307,72.8567,0,Stable Microclimate Risk,248.60000000000002,8,18.17709015104613
2021-08-22,26.9,88.0,3.1,Borivali,19.2307,72.8567,0,Stable Microclimate Risk,248.60000000000002,8,8.803708025732638
2021-08-23,28.0,87.0,2.3,Borivali,19.2307,72.8567,0,Stable Microclimate Risk,246.2,8,15.299663151331641
2021-08-24,27.9,89.0,1.4,Borivali,19.2307,72.8567,0,Stable Microclimate Risk,237.8,8,16.386884689790957
2021-08-25,27.4,87.0,1.6,Borivali,19.2307,72.8567,0,Stable Microclimate Risk,233.79999999999998,8,21.803292979193255
2021-08-26,27.3,86.0,3.4,Borivali,19.2307,72.8567,0,Stable Microclimate Risk,231.3,8,8.455898004404439
2021-08-27,27.5,88.0,2.1,Borivali,19.2307,72.8567,0,Stable Microclimate Risk,229.5,8,5.0
2021-08-28,27.3,86.0,0.6,Borivali,19.2307,72.8567,0,Stable Microclimate Risk,226.1,8,15.919247723768475
2021-08-29,27.7,86.0,1.4,Borivali,19.2307,72.8567,0,Stable Microclimate Risk,224.5,8,24.002555907554267
2021-08-30,26.6,87.0,6.0,Borivali,19.2307,72.8567,0,Stable Microclimate Risk,226.29999999999998,8,21.19473176469719
2021-08-31,26.1,90.0,49.1,Borivali,19.2307,72.8567,0,Stable Microclimate Risk,271.2,8,16.048297076373128
2021-09-01,26.9,90.0,17.2,Borivali,19.2307,72.8567,0,Stable Microclimate Risk,282.9,9,12.541819071839763
2021-09-02,27.4,88.0,7.1,Borivali,19.2307,72.8567,0,Stable Microclimate Risk,286.1,9,19.035612983186553
2021-09-03,26.7,90.0,13.7,Borivali,19.2307,72.8567,0,Stable Microclimate Risk,296.09999999999997,9,10.132269001477656
2021-09-04,27.3,90.0,16.6,Borivali,19.2307,72.8567,0,Stable Microclimate Risk,303.6,9,17.381788846781095
2021-09-05,26.7,90.0,10.1,Borivali,19.2307,72.8567,0,Stable Microclimate Risk,307.0,9,17.527350795833133
2021-09-06,27.4,88.0,7.9,Borivali,19.2307,72.8567,0,Stable Microclimate Risk,311.0,9,20.3010495374944
2021-09-07,26.6,91.0,32.0,Borivali,19.2307,72.8567,0,Stable Microclimate Risk,329.3,9,28.798300194555388
2021-09-08,27.1,89.0,146.8,Borivali,19.2307,72.8567,0,Stable Microclimate Risk,454.3,9,16.962079835893835
2021-09-09,27.9,87.0,6.9,Borivali,19.2307,72.8567,0,Stable Microclimate Risk,427.8,9,12.455181871462507
2021-09-10,27.3,88.0,9.9,Borivali,19.2307,72.8567,0,Stable Microclimate Risk,410.90000000000003,9,14.872128439040027
2021-09-11,27.0,91.0,53.6,Borivali,19.2307,72.8567,0,Stable Microclimate Risk,392.80000000000007,9,6.15462047555441
2021-09-12,27.0,90.0,45.3,Borivali,19.2307,72.8567,0,Stable Microclimate Risk,435.0,9,11.526434344554708
2021-09-13,26.4,89.0,27.4,Borivali,19.2307,72.8567,0,Stable Microclimate Risk,460.1,9,12.953587809434481
2021-09-14,27.9,84.0,6.0,Borivali,19.2307,72.8567,0,Stable Microclimate Risk,464.70000000000005,9,12.379558010327038
2021-09-15,27.1,86.0,6.0,Borivali,19.2307,72.8567,0,Stable Microclimate Risk,469.1,9,15.76177436016861
2021-09-16,28.0,84.0,4.4,Borivali,19.2307,72.8567,0,Stable Microclimate Risk,470.1,9,10.887900338088997
2021-09-17,27.9,83.0,3.3,Borivali,19.2307,72.8567,0,Stable Microclimate Risk,471.3,9,20.605153336622358
2021-09-18,26.8,88.0,3.3,Borivali,19.2307,72.8567,0,Stable Microclimate Risk,474.00000000000006,9,15.001035324590985
2021-09-19,26.6,90.0,6.4,Borivali,19.2307,72.8567,0,Stable Microclimate Risk,479.0,9,14.953498394306928
2021-09-20,27.0,89.0,10.2,Borivali,19.2307,72.8567,0,Stable Microclimate Risk,483.2,9,13.36052641743541
2021-09-21,26.7,90.0,17.8,Borivali,19.2307,72.8567,0,Stable Microclimate Risk,451.90000000000003,9,15.775953419294895
2021-09-22,26.3,91.0,19.7,Borivali,19.2307,72.8567,0,Stable Microclimate Risk,454.40000000000003,9,19.125491323338174
2021-09-23,26.7,90.0,6.6,Borivali,19.2307,72.8567,0,Stable Microclimate Risk,453.90000000000003,9,10.664348921445498
2021-09-24,28.0,86.0,2.0,Borivali,19.2307,72.8567,0,Stable Microclimate Risk,442.20000000000005,9,11.709417554623716
2021-09-25,27.6,86.0,2.2,Borivali,19.2307,72.8567,0,Stable Microclimate Risk,427.8,9,13.481369856116677
2021-09-26,27.6,84.0,2.8,Borivali,19.2307,72.8567,0,Stable Microclimate Risk,420.50000000000006,9,8.270645382633926
2021-09-27,26.1,88.0,5.2,Borivali,19.2307,72.8567,0,Stable Microclimate Risk,417.8,9,10.903710701392512
2021-09-28,26.0,90.0,14.3,Borivali,19.2307,72.8567,0,Stable Microclimate Risk,400.1,9,12.618895632276704
2021-09-29,27.3,88.0,30.7,Borivali,19.2307,72.8567,0,Stable Microclimate Risk,284.0,9,19.37194590356364
2021-09-30,27.3,88.0,4.4,Borivali,19.2307,72.8567,0,Stable Microclimate Risk,281.5,9,16.312806645009626
2021-10-01,28.5,88.0,0.2,Borivali,19.2307,72.8567,0,Stable Microclimate Risk,271.8,10,52.80128289017106
2021-10-02,28.2,88.0,0.8,Borivali,19.2307,72.8567,0,Stable Microclimate Risk,219.0,10,57.7878231441732
2021-10-03,29.9,88.0,0.2,Borivali,19.2307,72.8567,0,Stable Microclimate Risk,173.89999999999998,10,43.213141058003025
2021-10-04,30.0,87.0,0.0,Borivali,19.2307,72.8567,0,Stable Microclimate Risk,146.5,10,45.28565758297778
2021-10-05,30.3,87.0,0.9,Borivali,19.2307,72.8567,0,Stable Microclimate Risk,141.4,10,41.11722456867084
2021-10-06,30.8,87.0,7.4,Borivali,19.2307,72.8567,0,Stable Microclimate Risk,142.8,10,40.126811746998136
2021-10-07,31.4,86.0,2.4,Borivali,19.2307,72.8567,0,Stable Microclimate Risk,140.8,10,32.486206711942096
2021-10-08,28.7,87.0,6.8,Borivali,19.2307,72.8567,0,Stable Microclimate Risk,144.29999999999998,10,38.50591420861787
2021-10-09,28.0,88.0,5.2,Borivali,19.2307,72.8567,0,Stable Microclimate Risk,146.20000000000002,10,53.99527085573514
2021-10-10,28.6,86.0,6.2,Borivali,19.2307,72.8567,0,Stable Microclimate Risk,146.0,10,58.38040734716636
2021-10-11,28.7,88.0,14.6,Borivali,19.2307,72.8567,0,Stable Microclimate Risk,150.4,10,55.331077011207974
2021-10-12,29.6,87.0,0.7,Borivali,19.2307,72.8567,0,Stable Microclimate Risk,133.3,10,50.42698742295585
2021-10-13,30.4,84.0,1.6,Borivali,19.2307,72.8567,0,Stable Microclimate Risk,115.2,10,47.24732027569777
2021-10-14,31.4,79.0,0.7,Borivali,19.2307,72.8567,0,Stable Microclimate Risk,109.3,10,35.843287954807195
2021-10-15,32.4,68.0,0.0,Borivali,19.2307,72.8567,0,Stable Microclimate Risk,107.3,10,30.71991187036132
2021-10-16,31.0,69.0,0.0,Borivali,19.2307,72.8567,0,Stable Microclimate Risk,105.1,10,34.57840718949492
2021-10-17,30.0,72.0,0.0,Borivali,19.2307,72.8567,0,Stable Microclimate Risk,102.3,10,41.75296905319808
2021-10-18,29.5,79.0,1.1,Borivali,19.2307,72.8567,0,Stable Microclimate Risk,98.2,10,49.24552241552238
2021-10-19,28.7,81.0,0.5,Borivali,19.2307,72.8567,0,Stable Microclimate Risk,84.4,10,56.71942218584409
2021-10-20,29.1,83.0,0.0,Borivali,19.2307,72.8567,0,Stable Microclimate Risk,53.7,10,47.73610195492832
2021-10-21,30.7,79.0,0.0,Borivali,19.2307,72.8567,0,Stable Microclimate Risk,49.300000000000004,10,37.11572034240962
2021-10-22,31.6,72.0,0.0,Borivali,19.2307,72.8567,0,Stable Microclimate Risk,49.1,10,34.26930646094964
2021-10-23,30.5,76.0,0.0,Borivali,19.2307,72.8567,0,Stable Microclimate Risk,48.300000000000004,10,43.50603374464558
2021-10-24,29.0,79.0,0.0,Borivali,19.2307,72.8567,0,Stable Microclimate Risk,48.1,10,41.78072591933229
2021-10-25,29.8,79.0,0.0,Borivali,19.2307,72.8567,0,Stable Microclimate Risk,48.1,10,32.98576190098047
2021-10-26,31.5,73.0,0.0,Borivali,19.2307,72.8567,0,Stable Microclimate Risk,47.2,10,32.08064908587541
2021-10-27,32.6,63.0,0.0,Borivali,19.2307,72.8567,0,Stable Microclimate Risk,39.800000000000004,10,22.4964378704292
2021-10-28,33.1,57.0,0.0,Borivali,19.2307,72.8567,0,Stable Microclimate Risk,37.400000000000006,10,23.225965678430104
2021-10-29,32.8,45.0,0.0,Borivali,19.2307,72.8567,0,Stable Microclimate Risk,30.599999999999998,10,26.727765072579324
2021-10-30,32.5,45.0,0.0,Borivali,19.2307,72.8567,0,Stable Microclimate Risk,25.4,10,26.900424621551597
2021-10-31,32.0,52.0,0.0,Borivali,19.2307,72.8567,0,Stable Microclimate Risk,19.2,10,39.26233767235372
2021-11-01,31.6,66.0,0.0,Borivali,19.2307,72.8567,0,Stable Microclimate Risk,4.6,11,35.90039048967826
2021-11-02,32.7,66.0,0.0,Borivali,19.2307,72.8567,0,Stable Microclimate Risk,3.9,11,29.53570513138746
2021-11-03,33.2,59.0,0.0,Borivali,19.2307,72.8567,0,Stable Microclimate Risk,2.3,11,28.311035720216996
2021-11-04,31.799999999999997,59.0,0.0,Borivali,19.2307,72.8567,0,Stable Microclimate Risk,1.6,11,27.4391677444295
2021-11-05,31.700000000000003,69.0,1.6,Borivali,19.2307,72.8567,0,Stable Microclimate Risk,3.2,11,38.895558937101335
2021-11-06,30.7,79.0,0.1,Borivali,19.2307,72.8567,0,Stable Microclimate Risk,3.3000000000000003,11,38.987845233989376
2021-11-07,28.7,75.0,0.0,Borivali,19.2307,72.8567,0,Stable Microclimate Risk,3.3000000000000003,11,54.05240308620607
2021-11-08,31.1,68.0,0.0,Borivali,19.2307,72.8567,0,Stable Microclimate Risk,2.2,11,31.740713834799216
2021-11-09,31.9,60.0,0.0,Borivali,19.2307,72.8567,0,Stable Microclimate Risk,1.7000000000000002,11,24.797872836586357
2021-11-10,31.700000000000003,55.0,0.0,Borivali,19.2307,72.8567,0,Stable Microclimate Risk,1.7000000000000002,11,37.78944829012513
2021-11-11,32.0,47.0,0.0,Borivali,19.2307,72.8567,0,Stable Microclimate Risk,1.7000000000000002,11,33.882047630487584
2021-11-12,31.5,47.0,0.0,Borivali,19.2307,72.8567,0,Stable Microclimate Risk,1.7000000000000002,11,30.323075561545778
2021-11-13,32.2,56.0,0.0,Borivali,19.2307,72.8567,0,Stable Microclimate Risk,1.7000000000000002,11,26.51835126029318
2021-11-14,32.0,65.0,0.0,Borivali,19.2307,72.8567,0,Stable Microclimate Risk,1.7000000000000002,11,37.62717392207385
2021-11-15,32.0,64.0,0.0,Borivali,19.2307,72.8567,0,Stable Microclimate Risk,1.7000000000000002,11,26.05294053566336
2021-11-16,33.0,67.0,0.0,Borivali,19.2307,72.8567,0,Stable Microclimate Risk,1.7000000000000002,11,34.54669809961315
2021-11-17,31.700000000000003,75.0,2.1,Borivali,19.2307,72.8567,0,Stable Microclimate Risk,3.8000000000000003,11,29.196896326760644
2021-11-18,29.5,84.0,2.2,Borivali,19.2307,72.8567,0,Stable Microclimate Risk,6.0,11,49.358626294708586
2021-11-19,30.9,84.0,0.7,Borivali,19.2307,72.8567,0,Stable Microclimate Risk,6.7,11,36.59024095458842
2021-11-20,32.0,78.0,1.1,Borivali,19.2307,72.8567,0,Stable Microclimate Risk,7.800000000000001,11,35.01593715541171
2021-11-21,32.3,80.0,7.9,Borivali,19.2307,72.8567,0,Stable Microclimate Risk,15.700000000000001,11,27.57942998942905
2021-11-22,28.2,85.0,2.3,Borivali,19.2307,72.8567,0,Stable Microclimate Risk,18.0,11,52.719368802971864
2021-11-23,30.0,85.0,0.0,Borivali,19.2307,72.8567,0,Stable Microclimate Risk,18.0,11,43.53792921031194
2021-11-24,31.2,80.0,0.0,Borivali,19.2307,72.8567,0,Stable Microclimate Risk,18.0,11,31.522396054425975
2021-11-25,32.1,73.0,0.0,Borivali,19.2307,72.8567,0,Stable Microclimate Risk,18.0,11,35.13745506043396
2021-11-26,32.0,70.0,0.0,Borivali,19.2307,72.8567,0,Stable Microclimate Risk,16.4,11,29.433932167642073
2021-11-27,32.1,71.0,0.0,Borivali,19.2307,72.8567,0,Stable Microclimate Risk,16.3,11,30.290333756633235
2021-11-28,31.700000000000003,63.0,0.0,Borivali,19.2307,72.8567,0,Stable Microclimate Risk,16.3,11,28.728253126957426
2021-11-29,32.0,54.0,0.0,Borivali,19.2307,72.8567,0,Stable Microclimate Risk,16.3,11,19.188331706023448
2021-11-30,32.0,57.0,0.0,Borivali,19.2307,72.8567,0,Stable Microclimate Risk,16.3,11,31.044861186999157
2021-12-01,24.2,81.0,41.4,Borivali,19.2307,72.8567,0,Stable Microclimate Risk,57.7,12,88.26307710806459
2021-12-02,24.3,88.0,56.7,Borivali,19.2307,72.8567,0,Stable Microclimate Risk,114.4,12,79.55635477282344
2021-12-03,26.5,88.0,0.8,Borivali,19.2307,72.8567,0,Stable Microclimate Risk,115.2,12,63.07036476799469
2021-12-04,27.1,87.0,0.1,Borivali,19.2307,72.8567,0,Stable Microclimate Risk,115.3,12,58.452212520625324
2021-12-05,26.2,87.0,0.2,Borivali,19.2307,72.8567,0,Stable Microclimate Risk,115.5,12,64.97899613072691
2021-12-06,28.5,81.0,0.0,Borivali,19.2307,72.8567,0,Stable Microclimate Risk,115.5,12,54.56892890920938
2021-12-07,29.6,72.0,0.0,Borivali,19.2307,72.8567,0,Stable Microclimate Risk,115.5,12,39.69593592345577
2021-12-08,30.5,66.0,0.0,Borivali,19.2307,72.8567,0,Stable Microclimate Risk,113.4,12,46.07160847334436
2021-12-09,29.4,67.0,0.0,Borivali,19.2307,72.8567,0,Stable Microclimate Risk,111.2,12,50.310239910539565
2021-12-10,30.7,66.0,0.0,Borivali,19.2307,72.8567,0,Stable Microclimate Risk,110.5,12,42.957595295206346
2021-12-11,30.5,70.0,0.0,Borivali,19.2307,72.8567,0,Stable Microclimate Risk,109.4,12,42.692378694048635
2021-12-12,31.1,70.0,0.0,Borivali,19.2307,72.8567,0,Stable Microclimate Risk,101.5,12,37.198083288469945
2021-12-13,28.8,70.0,0.0,Borivali,19.2307,72.8567,0,Stable Microclimate Risk,99.2,12,53.49763951316743
2021-12-14,28.0,72.0,0.0,Borivali,19.2307,72.8567,0,Stable Microclimate Risk,99.2,12,57.62573733537356
2021-12-15,26.8,79.0,0.0,Borivali,19.2307,72.8567,0,Stable Microclimate Risk,99.2,12,59.69646311196154
2021-12-16,27.6,80.0,0.0,Borivali,19.2307,72.8567,0,Stable Microclimate Risk,99.2,12,54.065324468848814
2021-12-17,27.5,75.0,0.0,Borivali,19.2307,72.8567,0,Stable Microclimate Risk,99.2,12,58.00928147630994
2021-12-18,28.9,71.0,0.0,Borivali,19.2307,72.8567,0,Stable Microclimate Risk,99.2,12,57.311767424142616
2021-12-19,29.3,67.0,0.0,Borivali,19.2307,72.8567,0,Stable Microclimate Risk,99.2,12,41.10446462173049
2021-12-20,29.4,69.0,0.0,Borivali,19.2307,72.8567,0,Stable Microclimate Risk,99.2,12,39.39570700457114
2021-12-21,28.1,72.0,0.0,Borivali,19.2307,72.8567,0,Stable Microclimate Risk,99.2,12,54.92380420618258
2021-12-22,27.5,75.0,0.0,Borivali,19.2307,72.8567,0,Stable Microclimate Risk,57.8,12,57.75443850928009
2021-12-23,27.5,74.0,0.0,Borivali,19.2307,72.8567,0,Stable Microclimate Risk,1.099999999999993,12,58.366708321852045
2021-12-24,25.7,82.0,0.0,Borivali,19.2307,72.8567,0,Stable Microclimate Risk,0.29999999999999294,12,68.91976598954251
2021-12-25,25.7,81.0,0.0,Borivali,19.2307,72.8567,0,Stable Microclimate Risk,0.1999999999999929,12,66.583988726826
2021-12-26,27.7,77.0,0.0,Borivali,19.2307,72.8567,0,Stable Microclimate Risk,0.0,12,63.81598385967708
2021-12-27,28.9,72.0,0.0,Borivali,19.2307,72.8567,0,Stable Microclimate Risk,0.0,12,41.5621467742841
2021-12-28,27.5,74.0,0.0,Borivali,19.2307,72.8567,0,Stable Microclimate Risk,0.0,12,53.35751487609877
2021-12-29,27.0,65.0,0.0,Borivali,19.2307,72.8567,0,Stable Microclimate Risk,0.0,12,59.8170595325881
2021-12-30,29.5,65.0,0.0,Borivali,19.2307,72.8567,0,Stable Microclimate Risk,0.0,12,37.95072261089584
2021-12-31,30.9,65.0,0.0,Borivali,19.2307,72.8567,0,Stable Microclimate Risk,0.0,12,37.354061311172984
2022-01-01,30.8,63.0,0.0,Borivali,19.2307,72.8567,0,Stable Microclimate Risk,0.0,1,47.10735082864009
2022-01-02,30.1,64.0,0.0,Borivali,19.2307,72.8567,0,Stable Microclimate Risk,0.0,1,42.87109910814647
2022-01-03,30.4,67.0,0.0,Borivali,19.2307,72.8567,0,Stable Microclimate Risk,0.0,1,42.22017119526009
2022-01-04,30.7,72.0,0.0,Borivali,19.2307,72.8567,0,Stable Microclimate Risk,0.0,1,33.065842840803775
2022-01-05,28.0,79.0,0.0,Borivali,19.2307,72.8567,0,Stable Microclimate Risk,0.0,1,51.584859626469274
2022-01-06,27.4,79.0,0.0,Borivali,19.2307,72.8567,0,Stable Microclimate Risk,0.0,1,56.190684765046996
2022-01-07,26.9,78.0,0.0,Borivali,19.2307,72.8567,0,Stable Microclimate Risk,0.0,1,59.311424516218835
2022-01-08,24.0,84.0,2.3,Borivali,19.2307,72.8567,0,Stable Microclimate Risk,2.2999999999999927,1,83.74155230835218
2022-01-09,24.9,57.0,0.0,Borivali,19.2307,72.8567,0,Stable Microclimate Risk,2.2999999999999927,1,75.02178863695897
2022-01-10,23.7,56.0,0.0,Borivali,19.2307,72.8567,0,Stable Microclimate Risk,2.2999999999999927,1,73.47604354864819
2022-01-11,24.0,71.0,0.0,Borivali,19.2307,72.8567,0,Stable Microclimate Risk,2.2999999999999927,1,78.56585722549336
2022-01-12,24.5,67.0,0.0,Borivali,19.2307,72.8567,0,Stable Microclimate Risk,2.2999999999999927,1,76.99110874248393
2022-01-13,25.4,71.0,0.0,Borivali,19.2307,72.8567,0,Stable Microclimate Risk,2.2999999999999927,1,75.10074519260634
2022-01-14,25.3,75.0,0.0,Borivali,19.2307,72.8567,0,Stable Microclimate Risk,2.2999999999999927,1,77.86937009950853
2022-01-15,28.3,66.0,0.0,Borivali,19.2307,72.8567,0,Stable Microclimate Risk,2.2999999999999927,1,47.89119570752732
2022-01-16,30.9,58.0,0.0,Borivali,19.2307,72.8567,0,Stable Microclimate Risk,2.2999999999999927,1,34.17904577728165
2022-01-17,30.2,64.0,0.0,Borivali,19.2307,72.8567,0,Stable Microclimate Risk,2.2999999999999927,1,35.91211070542692
2022-01-18,28.5,66.0,0.0,Borivali,19.2307,72.8567,0,Stable Microclimate Risk,2.2999999999999927,1,50.66323403779843
2022-01-19,28.7,68.0,0.0,Borivali,19.2307,72.8567,0,Stable Microclimate Risk,2.2999999999999927,1,53.03179187223168
2022-01-20,27.0,69.0,0.0,Borivali,19.2307,72.8567,0,Stable Microclimate Risk,2.2999999999999927,1,65.27000591627885
2022-01-21,26.6,83.0,0.0,Borivali,19.2307,72.8567,0,Stable Microclimate Risk,2.2999999999999927,1,62.22024488178738
2022-01-22,26.1,80.0,1.0,Borivali,19.2307,72.8567,0,Stable Microclimate Risk,3.2999999999999927,1,63.8340957170591
2022-01-23,22.8,59.0,0.4,Borivali,19.2307,72.8567,0,Stable Microclimate Risk,3.6999999999999926,1,84.89212329457705
2022-01-24,23.7,56.0,0.0,Borivali,19.2307,72.8567,0,Stable Microclimate Risk,3.6999999999999926,1,74.85761882518324
2022-01-25,24.9,55.0,0.0,Borivali,19.2307,72.8567,0,Stable Microclimate Risk,3.6999999999999926,1,82.68102694180722
2022-01-26,26.7,54.0,0.0,Borivali,19.2307,72.8567,0,Stable Microclimate Risk,3.6999999999999926,1,53.995028197743046
2022-01-27,28.7,52.0,0.0,Borivali,19.2307,72.8567,0,Stable Microclimate Risk,3.6999999999999926,1,51.62370289447863
2022-01-28,30.1,44.0,0.0,Borivali,19.2307,72.8567,0,Stable Microclimate Risk,3.6999999999999926,1,52.88469776281485
2022-01-29,30.5,48.0,0.0,Borivali,19.2307,72.8567,0,Stable Microclimate Risk,1.3999999999999928,1,40.53399922279999
2022-01-30,29.4,55.0,0.0,Borivali,19.2307,72.8567,0,Stable Microclimate Risk,1.3999999999999928,1,45.78313815832587
2022-01-31,28.7,55.0,0.0,Borivali,19.2307,72.8567,0,Stable Microclimate Risk,1.3999999999999928,1,48.912772885947874
2022-02-01,28.9,64.0,0.0,Borivali,19.2307,72.8567,0,Stable Microclimate Risk,1.3999999999999928,2,48.664708257854635
2022-02-02,27.4,77.0,0.0,Borivali,19.2307,72.8567,0,Stable Microclimate Risk,1.3999999999999928,2,64.93090904004933
2022-02-03,25.7,84.0,0.0,Borivali,19.2307,72.8567,0,Stable Microclimate Risk,1.3999999999999928,2,56.64069044335248
2022-02-04,25.5,74.0,0.0,Borivali,19.2307,72.8567,0,Stable Microclimate Risk,1.3999999999999928,2,76.50050183981497
2022-02-05,27.1,69.0,0.0,Borivali,19.2307,72.8567,0,Stable Microclimate Risk,1.3999999999999928,2,52.64688090441594
2022-02-06,27.0,68.0,0.0,Borivali,19.2307,72.8567,0,Stable Microclimate Risk,1.3999999999999928,2,59.00007168716126
2022-02-07,25.5,80.0,0.0,Borivali,19.2307,72.8567,0,Stable Microclimate Risk,1.3999999999999928,2,66.68711123184003
2022-02-08,25.1,79.0,0.0,Borivali,19.2307,72.8567,0,Stable Microclimate Risk,1.3999999999999928,2,74.04276634885359
2022-02-09,25.9,78.0,0.0,Borivali,19.2307,72.8567,0,Stable Microclimate Risk,1.3999999999999928,2,58.57604490724794
2022-02-10,29.7,55.0,0.0,Borivali,19.2307,72.8567,0,Stable Microclimate Risk,1.3999999999999928,2,47.344196663743055
2022-02-11,31.700000000000003,44.0,0.0,Borivali,19.2307,72.8567,0,Stable Microclimate Risk,1.3999999999999928,2,43.82154811643425
2022-02-12,30.3,49.0,0.0,Borivali,19.2307,72.8567,0,Stable Microclimate Risk,0.3999999999999929,2,34.81746331036928
2022-02-13,29.7,58.0,0.0,Borivali,19.2307,72.8567,0,Stable Microclimate Risk,0.0,2,45.98186417138532
2022-02-14,28.5,52.0,0.0,Borivali,19.2307,72.8567,0,Stable Microclimate Risk,0.0,2,48.52342244435029
2022-02-15,26.7,64.0,0.0,Borivali,19.2307,72.8567,0,Stable Microclimate Risk,0.0,2,64.16276936429851
2022-02-16,26.0,79.0,0.0,Borivali,19.2307,72.8567,0,Stable Microclimate Risk,0.0,2,66.09573888707877
2022-02-17,26.4,80.0,0.0,Borivali,19.2307,72.8567,0,Stable Microclimate Risk,0.0,2,60.525898788111796
2022-02-18,27.6,77.0,0.0,Borivali,19.2307,72.8567,0,Stable Microclimate Risk,0.0,2,59.37269475768869
2022-02-19,29.1,74.0,0.0,Borivali,19.2307,72.8567,0,Stable Microclimate Risk,0.0,2,57.45507388226704
2022-02-20,30.5,62.0,0.0,Borivali,19.2307,72.8567,0,Stable Microclimate Risk,0.0,2,39.54548104136351
2022-02-21,30.7,54.0,0.0,Borivali,19.2307,72.8567,0,Stable Microclimate Risk,0.0,2,42.965456377407584
2022-02-22,29.9,64.0,0.0,Borivali,19.2307,72.8567,0,Stable Microclimate Risk,0.0,2,37.433635210644184
2022-02-23,29.4,64.0,0.0,Borivali,19.2307,72.8567,0,Stable Microclimate Risk,0.0,2,41.9511514492433
2022-02-24,29.7,60.0,0.0,Borivali,19.2307,72.8567,0,Stable Microclimate Risk,0.0,2,47.39536472273522
2022-02-25,30.2,55.0,0.0,Borivali,19.2307,72.8567,0,Stable Microclimate Risk,0.0,2,49.62058014267983
2022-02-26,30.0,61.0,0.0,Borivali,19.2307,72.8567,0,Stable Microclimate Risk,0.0,2,45.11140007726163
2022-02-27,30.6,53.0,0.0,Borivali,19.2307,72.8567,0,Stable Microclimate Risk,0.0,2,38.36804318071755
2022-02-28,31.799999999999997,48.0,0.0,Borivali,19.2307,72.8567,0,Stable Microclimate Risk,0.0,2,33.129790360450116
2022-03-01,32.0,50.0,0.0,Borivali,19.2307,72.8567,0,Stable Microclimate Risk,0.0,3,8.747961330151412
2022-03-02,34.0,49.0,0.0,Borivali,19.2307,72.8567,0,Stable Microclimate Risk,0.0,3,18.022576631776833
2022-03-03,34.8,42.0,0.0,Borivali,19.2307,72.8567,0,Stable Microclimate Risk,0.0,3,19.411665311617046
2022-03-04,34.0,36.0,0.0,Borivali,19.2307,72.8567,0,Stable Microclimate Risk,0.0,3,12.739548335834598
2022-03-05,33.7,47.0,0.0,Borivali,19.2307,72.8567,0,Stable Microclimate Risk,0.0,3,12.649789261202493
2022-03-06,33.7,50.0,0.0,Borivali,19.2307,72.8567,0,Stable Microclimate Risk,0.0,3,16.329391148260243
2022-03-07,31.700000000000003,53.0,0.0,Borivali,19.2307,72.8567,0,Stable Microclimate Risk,0.0,3,12.816401319797023
2022-03-08,35.5,51.0,0.0,Borivali,19.2307,72.8567,0,Stable Microclimate Risk,0.0,3,14.669336926870887
2022-03-09,33.5,53.0,0.1,Borivali,19.2307,72.8567,0,Stable Microclimate Risk,0.0999999999999929,3,25.49860894583258
2022-03-10,33.3,53.0,0.0,Borivali,19.2307,72.8567,0,Stable Microclimate Risk,0.0999999999999929,3,13.764871496270016
2022-03-11,32.7,50.0,0.0,Borivali,19.2307,72.8567,0,Stable Microclimate Risk,0.0999999999999929,3,13.20829923989389
2022-03-12,35.8,51.0,0.0,Borivali,19.2307,72.8567,0,Stable Microclimate Risk,0.0999999999999929,3,11.762290971824203
2022-03-13,35.7,46.0,0.0,Borivali,19.2307,72.8567,0,Stable Microclimate Risk,0.0999999999999929,3,18.720959857499682
2022-03-14,35.5,35.0,0.0,Borivali,19.2307,72.8567,0,Stable Microclimate Risk,0.0999999999999929,3,14.093879133909486
2022-03-15,35.5,42.0,0.0,Borivali,19.2307,72.8567,0,Stable Microclimate Risk,0.0999999999999929,3,11.75313480839287
2022-03-16,34.8,44.0,0.0,Borivali,19.2307,72.8567,0,Stable Microclimate Risk,0.0999999999999929,3,21.60652016136506
2022-03-17,35.0,43.0,0.0,Borivali,19.2307,72.8567,0,Stable Microclimate Risk,0.0999999999999929,3,22.098015022568184
2022-03-18,34.3,53.0,0.0,Borivali,19.2307,72.8567,0,Stable Microclimate Risk,0.0999999999999929,3,11.997882171306475
2022-03-19,31.5,70.0,0.0,Borivali,19.2307,72.8567,0,Stable Microclimate Risk,0.0999999999999929,3,5.6673002431969195
2022-03-20,29.7,78.0,0.0,Borivali,19.2307,72.8567,0,Stable Microclimate Risk,0.0999999999999929,3,20.03756844918461
2022-03-21,30.0,74.0,0.0,Borivali,19.2307,72.8567,0,Stable Microclimate Risk,0.0999999999999929,3,11.57685087119998
2022-03-22,33.7,45.0,0.0,Borivali,19.2307,72.8567,0,Stable Microclimate Risk,0.0999999999999929,3,18.953127995813844
2022-03-23,37.5,30.0,0.0,Borivali,19.2307,72.8567,0,Stable Microclimate Risk,0.0999999999999929,3,5.149480911440822
2022-03-24,33.2,45.0,0.0,Borivali,19.2307,72.8567,0,Stable Microclimate Risk,0.0999999999999929,3,19.462986691496546
2022-03-25,31.5,73.0,0.0,Borivali,19.2307,72.8567,0,Stable Microclimate Risk,0.0999999999999929,3,8.944140353596094
2022-03-26,31.9,77.0,0.0,Borivali,19.2307,72.8567,0,Stable Microclimate Risk,0.0999999999999929,3,18.653820595332622
2022-03-27,31.799999999999997,76.0,0.0,Borivali,19.2307,72.8567,0,Stable Microclimate Risk,0.0999999999999929,3,15.07136533918217
2022-03-28,31.799999999999997,80.0,0.0,Borivali,19.2307,72.8567,0,Stable Microclimate Risk,0.0999999999999929,3,10.230302903016776
2022-03-29,33.0,67.0,0.0,Borivali,19.2307,72.8567,0,Stable Microclimate Risk,0.0999999999999929,3,12.964818435366098
2022-03-30,33.3,68.0,0.0,Borivali,19.2307,72.8567,0,Stable Microclimate Risk,0.0,3,18.431592284783505
2022-03-31,31.4,73.0,0.0,Borivali,19.2307,72.8567,0,Stable Microclimate Risk,0.0,3,15.529472265576171
2022-04-01,32.5,75.0,0.0,Borivali,19.2307,72.8567,0,Stable Microclimate Risk,0.0,4,17.922064902362422
2022-04-02,30.5,78.0,0.0,Borivali,19.2307,72.8567,0,Stable Microclimate Risk,0.0,4,24.882202922577427
2022-04-03,31.0,79.0,0.0,Borivali,19.2307,72.8567,0,Stable Microclimate Risk,0.0,4,7.178791941444743
2022-04-04,31.5,80.0,0.0,Borivali,19.2307,72.8567,0,Stable Microclimate Risk,0.0,4,23.08606287484312
2022-04-05,31.700000000000003,81.0,0.0,Borivali,19.2307,72.8567,0,Stable Microclimate Risk,0.0,4,15.521779687616064
2022-04-06,31.5,80.0,0.0,Borivali,19.2307,72.8567,0,Stable Microclimate Risk,0.0,4,10.50607975838436
2022-04-07,32.0,79.0,0.0,Borivali,19.2307,72.8567,0,Stable Microclimate Risk,0.0,4,8.348431871305051
2022-04-08,32.9,79.0,0.0,Borivali,19.2307,72.8567,0,Stable Microclimate Risk,0.0,4,14.054398046114832
2022-04-09,31.5,80.0,0.0,Borivali,19.2307,72.8567,0,Stable Microclimate Risk,0.0,4,19.6082505596223
2022-04-10,32.1,73.0,0.0,Borivali,19.2307,72.8567,0,Stable Microclimate Risk,0.0,4,14.362254398112329
2022-04-11,32.0,74.0,0.0,Borivali,19.2307,72.8567,0,Stable Microclimate Risk,0.0,4,22.55577465123674
2022-04-12,33.1,72.0,0.0,Borivali,19.2307,72.8567,0,Stable Microclimate Risk,0.0,4,7.744121549742205
2022-04-13,34.3,68.0,0.0,Borivali,19.2307,72.8567,0,Stable Microclimate Risk,0.0,4,14.939555260769728
2022-04-14,31.5,77.0,0.0,Borivali,19.2307,72.8567,0,Stable Microclimate Risk,0.0,4,8.738032777934404
2022-04-15,31.5,74.0,0.0,Borivali,19.2307,72.8567,0,Stable Microclimate Risk,0.0,4,16.81815941312484
2022-04-16,31.0,78.0,0.0,Borivali,19.2307,72.8567,0,Stable Microclimate Risk,0.0,4,19.4344369504865
2022-04-17,31.5,74.0,0.0,Borivali,19.2307,72.8567,0,Stable Microclimate Risk,0.0,4,12.896191031594734
2022-04-18,31.0,76.0,0.0,Borivali,19.2307,72.8567,0,Stable Microclimate Risk,0.0,4,5.0
2022-04-19,31.700000000000003,77.0,0.0,Borivali,19.2307,72.8567,0,Stable Microclimate Risk,0.0,4,15.994740733982473
2022-04-20,32.4,75.0,0.0,Borivali,19.2307,72.8567,0,Stable Microclimate Risk,0.0,4,17.183692758667547
2022-04-21,37.8,46.0,0.0,Borivali,19.2307,72.8567,0,Stable Microclimate Risk,0.0,4,17.021473774808488
2022-04-22,35.8,57.0,0.0,Borivali,19.2307,72.8567,0,Stable Microclimate Risk,0.0,4,21.17891095911077
2022-04-23,36.5,68.0,0.0,Borivali,19.2307,72.8567,0,Stable Microclimate Risk,0.0,4,9.644731601754756
2022-04-24,33.4,77.0,0.0,Borivali,19.2307,72.8567,0,Stable Microclimate Risk,0.0,4,18.401080527252248
2022-04-25,36.0,59.0,0.0,Borivali,19.2307,72.8567,0,Stable Microclimate Risk,0.0,4,20.962537562389876
2022-04-26,33.4,67.0,0.0,Borivali,19.2307,72.8567,0,Stable Microclimate Risk,0.0,4,6.107062079967417
2022-04-27,34.9,60.0,0.0,Borivali,19.2307,72.8567,0,Stable Microclimate Risk,0.0,4,16.598259129594886
2022-04-28,35.7,61.0,0.0,Borivali,19.2307,72.8567,0,Stable Microclimate Risk,0.0,4,12.479100844961643
2022-04-29,32.8,76.0,0.0,Borivali,19.2307,72.8567,0,Stable Microclimate Risk,0.0,4,14.59238663449177
2022-04-30,32.5,76.0,0.0,Borivali,19.2307,72.8567,0,Stable Microclimate Risk,0.0,4,16.738382417691682
2022-05-01,32.5,78.0,0.0,Borivali,19.2307,72.8567,0,Stable Microclimate Risk,0.0,5,12.563857179432238
2022-05-02,32.1,75.0,0.0,Borivali,19.2307,72.8567,0,Stable Microclimate Risk,0.0,5,11.62145960419194
2022-05-03,32.4,75.0,0.0,Borivali,19.2307,72.8567,0,Stable Microclimate Risk,0.0,5,15.170762087440123
2022-05-04,32.2,75.0,0.0,Borivali,19.2307,72.8567,0,Stable Microclimate Risk,0.0,5,9.563770305685987
2022-05-05,32.6,78.0,0.0,Borivali,19.2307,72.8567,0,Stable Microclimate Risk,0.0,5,9.570874355574073
2022-05-06,32.3,76.0,0.1,Borivali,19.2307,72.8567,0,Stable Microclimate Risk,0.0999999999999929,5,18.396866414782515
2022-05-07,32.5,78.0,0.0,Borivali,19.2307,72.8567,0,Stable Microclimate Risk,0.0999999999999929,5,9.25602982420672
2022-05-08,32.7,79.0,0.0,Borivali,19.2307,72.8567,0,Stable Microclimate Risk,0.0999999999999929,5,18.33156250454606
2022-05-09,32.1,79.0,0.0,Borivali,19.2307,72.8567,0,Stable Microclimate Risk,0.0999999999999929,5,17.312956464269757
2022-05-10,32.2,74.0,0.0,Borivali,19.2307,72.8567,0,Stable Microclimate Risk,0.0999999999999929,5,6.370966356047017
2022-05-11,32.0,75.0,0.0,Borivali,19.2307,72.8567,0,Stable Microclimate Risk,0.0999999999999929,5,11.612176738321725
2022-05-12,32.1,70.0,0.0,Borivali,19.2307,72.8567,0,Stable Microclimate Risk,0.0999999999999929,5,20.97054701523686
2022-05-13,31.6,70.0,0.0,Borivali,19.2307,72.8567,0,Stable Microclimate Risk,0.0999999999999929,5,10.094172344301592
2022-05-14,31.799999999999997,70.0,0.0,Borivali,19.2307,72.8567,0,Stable Microclimate Risk,0.0999999999999929,5,12.677978688453061
2022-05-15,32.4,71.0,0.0,Borivali,19.2307,72.8567,0,Stable Microclimate Risk,0.0999999999999929,5,17.31030446625948
2022-05-16,32.2,73.0,0.0,Borivali,19.2307,72.8567,0,Stable Microclimate Risk,0.0999999999999929,5,18.91695254641298
2022-05-17,32.3,72.0,0.0,Borivali,19.2307,72.8567,0,Stable Microclimate Risk,0.0999999999999929,5,13.742305569777521
2022-05-18,31.799999999999997,71.0,0.0,Borivali,19.2307,72.8567,0,Stable Microclimate Risk,0.0999999999999929,5,12.012449026541791
2022-05-19,31.700000000000003,72.0,0.0,Borivali,19.2307,72.8567,0,Stable Microclimate Risk,0.0999999999999929,5,22.111849308492538
2022-05-20,31.5,67.0,0.1,Borivali,19.2307,72.8567,0,Stable Microclimate Risk,0.1999999999999929,5,23.694498318987897
2022-05-21,32.0,63.0,0.1,Borivali,19.2307,72.8567,0,Stable Microclimate Risk,0.29999999999999294,5,19.894290253908977
2022-05-22,32.0,65.0,1.0,Borivali,19.2307,72.8567,0,Stable Microclimate Risk,1.299999999999993,5,15.42659071282512
2022-05-23,32.3,68.0,2.7,Borivali,19.2307,72.8567,0,Stable Microclimate Risk,3.999999999999993,5,10.958671391795368
2022-05-24,32.1,68.0,0.4,Borivali,19.2307,72.8567,0,Stable Microclimate Risk,4.399999999999993,5,10.847777967217173
2022-05-25,31.9,69.0,0.6,Borivali,19.2307,72.8567,0,Stable Microclimate Risk,4.999999999999993,5,17.61257052632879
2022-05-26,32.3,63.0,0.0,Borivali,19.2307,72.8567,0,Stable Microclimate Risk,4.999999999999993,5,17.09199110444342
2022-05-27,32.7,60.0,0.0,Borivali,19.2307,72.8567,0,Stable Microclimate Risk,4.899999999999993,5,22.007992964732146
2022-05-28,32.5,60.0,0.0,Borivali,19.2307,72.8567,0,Stable Microclimate Risk,4.899999999999993,5,18.252250462680696
2022-05-29,32.6,60.0,0.1,Borivali,19.2307,72.8567,0,Stable Microclimate Risk,4.999999999999993,5,7.48459849120091
2022-05-30,32.1,63.0,0.1,Borivali,19.2307,72.8567,0,Stable Microclimate Risk,5.099999999999993,5,20.259738088614593
2022-05-31,32.3,65.0,0.0,Borivali,19.2307,72.8567,0,Stable Microclimate Risk,5.099999999999993,5,10.009696863427935
2022-06-01,31.700000000000003,66.0,0.0,Borivali,19.2307,72.8567,0,Stable Microclimate Risk,5.099999999999993,6,13.080143640238242
2022-06-02,31.700000000000003,68.0,0.0,Borivali,19.2307,72.8567,0,Stable Microclimate Risk,5.099999999999993,6,16.251001031258472
2022-06-03,31.3,70.0,0.0,Borivali,19.2307,72.8567,0,Stable Microclimate Risk,5.099999999999993,6,24.978337448919824
2022-06-04,31.9,70.0,0.0,Borivali,19.2307,72.8567,0,Stable Microclimate Risk,5.099999999999993,6,30.549592780026806
2022-06-05,31.799999999999997,71.0,0.0,Borivali,19.2307,72.8567,0,Stable Microclimate Risk,5.099999999999993,6,18.033615295680914
2022-06-06,31.6,70.0,0.0,Borivali,19.2307,72.8567,0,Stable Microclimate Risk,5.099999999999993,6,14.08401690639806
2022-06-07,32.2,72.0,1.0,Borivali,19.2307,72.8567,0,Stable Microclimate Risk,6.099999999999993,6,17.672528242402752
2022-06-08,31.3,77.0,2.5,Borivali,19.2307,72.8567,0,Stable Microclimate Risk,8.599999999999994,6,19.43827712936918
2022-06-09,30.5,77.0,7.3,Borivali,19.2307,72.8567,0,Stable Microclimate Risk,15.899999999999993,6,13.396661872214041
2022-06-10,30.3,80.0,13.8,Borivali,19.2307,72.8567,0,Stable Microclimate Risk,29.599999999999994,6,23.97605677956161
2022-06-11,29.3,83.0,25.2,Borivali,19.2307,72.8567,0,Stable Microclimate Risk,54.69999999999999,6,16.15035379595701
2022-06-12,27.9,84.0,15.9,Borivali,19.2307,72.8567,0,Stable Microclimate Risk,69.6,6,17.48871544545697
2022-06-13,29.1,82.0,8.0,Borivali,19.2307,72.8567,0,Stable Microclimate Risk,74.89999999999999,6,18.329621260272308
2022-06-14,30.0,79.0,2.5,Borivali,19.2307,72.8567,0,Stable Microclimate Risk,77.0,6,17.10793305307228
2022-06-15,29.5,79.0,6.1,Borivali,19.2307,72.8567,0,Stable Microclimate Risk,82.49999999999999,6,19.19470250234806
2022-06-16,29.6,81.0,5.1,Borivali,19.2307,72.8567,0,Stable Microclimate Risk,87.6,6,11.913734067265384
2022-06-17,29.3,82.0,3.0,Borivali,19.2307,72.8567,0,Stable Microclimate Risk,90.6,6,12.208491230269846
2022-06-18,29.3,80.0,6.6,Borivali,19.2307,72.8567,0,Stable Microclimate Risk,97.19999999999999,6,9.499228835141526
2022-06-19,27.9,85.0,36.7,Borivali,19.2307,72.8567,0,Stable Microclimate Risk,133.8,6,17.19750615310113
2022-06-20,26.2,90.0,54.8,Borivali,19.2307,72.8567,0,Stable Microclimate Risk,188.5,6,18.89468251756057
2022-06-21,27.4,88.0,23.0,Borivali,19.2307,72.8567,0,Stable Microclimate Risk,211.5,6,17.28886433075943
2022-06-22,28.7,87.0,26.9,Borivali,19.2307,72.8567,0,Stable Microclimate Risk,238.4,6,23.372462166737687
2022-06-23,28.1,88.0,46.8,Borivali,19.2307,72.8567,0,Stable Microclimate Risk,285.2,6,14.972019905854767
2022-06-24,29.4,87.0,17.5,Borivali,19.2307,72.8567,0,Stable Microclimate Risk,302.7,6,18.343708277962563
2022-06-25,28.8,86.0,15.6,Borivali,19.2307,72.8567,0,Stable Microclimate Risk,318.3,6,9.54149561930343
2022-06-26,27.5,88.0,15.7,Borivali,19.2307,72.8567,0,Stable Microclimate Risk,334.0,6,13.064501487627995
2022-06-27,27.8,87.0,31.7,Borivali,19.2307,72.8567,0,Stable Microclimate Risk,365.7,6,18.47768878782889
2022-06-28,27.6,87.0,10.0,Borivali,19.2307,72.8567,0,Stable Microclimate Risk,374.7,6,19.245510553715718
2022-06-29,27.9,87.0,16.0,Borivali,19.2307,72.8567,0,Stable Microclimate Risk,388.2,6,13.53016526167909
2022-06-30,27.3,89.0,41.6,Borivali,19.2307,72.8567,0,Stable Microclimate Risk,422.5,6,14.642003740709665
2022-07-01,25.9,91.0,43.4,Borivali,19.2307,72.8567,0,Stable Microclimate Risk,452.09999999999997,7,7.410631266595953
2022-07-02,27.0,88.0,23.9,Borivali,19.2307,72.8567,0,Stable Microclimate Risk,450.79999999999995,7,13.214853995966953
2022-07-03,26.7,88.0,20.5,Borivali,19.2307,72.8567,0,Stable Microclimate Risk,455.4,7,19.45191581759893
2022-07-04,26.5,88.0,28.2,Borivali,19.2307,72.8567,0,Stable Microclimate Risk,475.6,7,17.87602508053283
2022-07-05,26.0,90.0,55.5,Borivali,19.2307,72.8567,0,Stable Microclimate Risk,528.6,7,17.50332860690605
2022-07-06,26.2,89.0,35.6,Borivali,19.2307,72.8567,0,Stable Microclimate Risk,558.1,7,15.2488684359048
2022-07-07,26.5,88.0,37.2,Borivali,19.2307,72.8567,0,Stable Microclimate Risk,590.1999999999999,7,15.035315793140882
2022-07-08,28.1,85.0,25.0,Borivali,19.2307,72.8567,0,Stable Microclimate Risk,612.1999999999999,7,11.698394302632764
2022-07-09,26.4,89.0,37.8,Borivali,19.2307,72.8567,0,Stable Microclimate Risk,643.4,7,18.494142101012674
2022-07-10,25.7,90.0,52.5,Borivali,19.2307,72.8567,0,Stable Microclimate Risk,659.2,7,17.10486472194695
2022-07-11,25.0,91.0,79.9,Borivali,19.2307,72.8567,0,Stable Microclimate Risk,684.3,7,17.460094239963997
2022-07-12,25.4,91.0,65.0,Borivali,19.2307,72.8567,0,Stable Microclimate Risk,726.3,7,12.369825786662098
2022-07-13,25.4,89.0,68.3,Borivali,19.2307,72.8567,0,Stable Microclimate Risk,767.6999999999999,7,5.0
2022-07-14,25.5,89.0,60.2,Borivali,19.2307,72.8567,0,Stable Microclimate Risk,781.1,7,20.48576355876848
2022-07-15,27.5,85.0,25.3,Borivali,19.2307,72.8567,0,Stable Microclimate Risk,788.9,7,12.60581271995798
2022-07-16,27.5,85.0,24.8,Borivali,19.2307,72.8567,0,Stable Microclimate Risk,798.1,7,10.686121179784397
2022-07-17,28.3,84.0,10.3,Borivali,19.2307,72.8567,0,Stable Microclimate Risk,792.6999999999999,7,18.467394559569968
2022-07-18,25.6,90.0,30.3,Borivali,19.2307,72.8567,0,Stable Microclimate Risk,791.3000000000001,7,13.039936800404352
2022-07-19,26.0,89.0,34.3,Borivali,19.2307,72.8567,0,Stable Microclimate Risk,815.6,7,20.29968192023311
2022-07-20,27.1,85.0,13.4,Borivali,19.2307,72.8567,0,Stable Microclimate Risk,813.0,7,18.08502974788349
2022-07-21,27.4,83.0,6.0,Borivali,19.2307,72.8567,0,Stable Microclimate Risk,777.4,7,18.417846616002386
2022-07-22,28.4,82.0,4.8,Borivali,19.2307,72.8567,0,Stable Microclimate Risk,738.8000000000001,7,8.170221443997328
2022-07-23,26.4,87.0,28.2,Borivali,19.2307,72.8567,0,Stable Microclimate Risk,743.1,7,21.059719926932004
2022-07-24,25.9,88.0,25.8,Borivali,19.2307,72.8567,0,Stable Microclimate Risk,748.4000000000001,7,16.30625265616928
2022-07-25,27.5,85.0,10.2,Borivali,19.2307,72.8567,0,Stable Microclimate Risk,730.4,7,13.153614303768984
2022-07-26,26.9,86.0,4.1,Borivali,19.2307,72.8567,0,Stable Microclimate Risk,679.0,7,15.716942336711256
2022-07-27,27.8,86.0,6.5,Borivali,19.2307,72.8567,0,Stable Microclimate Risk,649.9,7,6.118823835508401
2022-07-28,28.3,85.0,2.5,Borivali,19.2307,72.8567,0,Stable Microclimate Risk,615.2,7,17.043264057403356
2022-07-29,28.8,85.0,1.1,Borivali,19.2307,72.8567,0,Stable Microclimate Risk,591.3000000000001,7,9.853142459089643
2022-07-30,28.7,83.0,0.2,Borivali,19.2307,72.8567,0,Stable Microclimate Risk,553.6999999999999,7,8.236648570782329
2022-07-31,28.5,83.0,2.0,Borivali,19.2307,72.8567,0,Stable Microclimate Risk,503.20000000000005,7,7.388204068910545
2022-08-01,28.5,82.0,2.1,Borivali,19.2307,72.8567,0,Stable Microclimate Risk,425.4,8,20.563441874949625
2022-08-02,28.6,82.0,2.8,Borivali,19.2307,72.8567,0,Stable Microclimate Risk,363.2,8,11.853683031536058
2022-08-03,28.4,84.0,10.3,Borivali,19.2307,72.8567,0,Stable Microclimate Risk,305.2,8,22.668638549582496
2022-08-04,28.0,86.0,13.6,Borivali,19.2307,72.8567,0,Stable Microclimate Risk,258.6,8,12.32099268473851
2022-08-05,26.6,89.0,27.2,Borivali,19.2307,72.8567,0,Stable Microclimate Risk,260.5,8,6.463210212035266
2022-08-06,27.0,88.0,33.7,Borivali,19.2307,72.8567,0,Stable Microclimate Risk,269.4,8,9.417377800256705
2022-08-07,27.1,89.0,56.5,Borivali,19.2307,72.8567,0,Stable Microclimate Risk,315.6,8,21.179058100034695
2022-08-08,26.7,88.0,32.6,Borivali,19.2307,72.8567,0,Stable Microclimate Risk,317.9,8,14.220509110316662
2022-08-09,26.2,88.0,71.3,Borivali,19.2307,72.8567,0,Stable Microclimate Risk,354.90000000000003,8,12.258563517546996
2022-08-10,26.8,87.0,37.6,Borivali,19.2307,72.8567,0,Stable Microclimate Risk,379.1,8,15.800091129263938
2022-08-11,27.5,84.0,23.1,Borivali,19.2307,72.8567,0,Stable Microclimate Risk,396.2,8,17.508913680837725
2022-08-12,27.5,83.0,16.1,Borivali,19.2307,72.8567,0,Stable Microclimate Risk,407.5,8,20.586994079512305
2022-08-13,28.0,82.0,13.1,Borivali,19.2307,72.8567,0,Stable Microclimate Risk,392.4,8,22.242496149464632
2022-08-14,27.6,80.0,11.0,Borivali,19.2307,72.8567,0,Stable Microclimate Risk,377.59999999999997,8,13.20115677105457
2022-08-15,26.3,87.0,29.0,Borivali,19.2307,72.8567,0,Stable Microclimate Risk,396.4,8,8.369761569589809
2022-08-16,25.6,88.0,64.1,Borivali,19.2307,72.8567,0,Stable Microclimate Risk,456.40000000000003,8,12.932674194383619
2022-08-17,26.9,85.0,19.3,Borivali,19.2307,72.8567,0,Stable Microclimate Risk,469.20000000000005,8,16.30140253291443
2022-08-18,27.2,83.0,10.5,Borivali,19.2307,72.8567,0,Stable Microclimate Risk,477.20000000000005,8,10.181205368946944
2022-08-19,27.4,84.0,11.9,Borivali,19.2307,72.8567,0,Stable Microclimate Risk,488.0,8,10.214245425524785
2022-08-20,27.4,85.0,6.2,Borivali,19.2307,72.8567,0,Stable Microclimate Risk,494.0,8,16.718939407749428
2022-08-21,27.2,84.0,5.8,Borivali,19.2307,72.8567,0,Stable Microclimate Risk,497.8,8,14.756738242147744
2022-08-22,26.6,85.0,9.1,Borivali,19.2307,72.8567,0,Stable Microclimate Risk,504.8,8,15.163984977057932
2022-08-23,27.5,85.0,7.9,Borivali,19.2307,72.8567,0,Stable Microclimate Risk,509.9,8,11.207523326499652
2022-08-24,27.4,85.0,7.8,Borivali,19.2307,72.8567,0,Stable Microclimate Risk,507.40000000000003,8,13.847996428971163
2022-08-25,27.0,86.0,6.1,Borivali,19.2307,72.8567,0,Stable Microclimate Risk,499.90000000000003,8,10.378834278658477
2022-08-26,27.4,84.0,2.2,Borivali,19.2307,72.8567,0,Stable Microclimate Risk,474.90000000000003,8,19.450992055623935
2022-08-27,27.5,82.0,1.8,Borivali,19.2307,72.8567,0,Stable Microclimate Risk,443.00000000000006,8,20.176246673618763
2022-08-28,27.5,84.0,2.0,Borivali,19.2307,72.8567,0,Stable Microclimate Risk,388.5,8,5.769060688809532
2022-08-29,28.1,84.0,1.2,Borivali,19.2307,72.8567,0,Stable Microclimate Risk,357.1,8,10.35244569903795
2022-08-30,28.9,85.0,0.6,Borivali,19.2307,72.8567,0,Stable Microclimate Risk,286.4,8,7.517353724549604
2022-08-31,29.0,87.0,18.7,Borivali,19.2307,72.8567,0,Stable Microclimate Risk,267.5,8,11.74988032796551
2022-09-01,28.4,87.0,1.7,Borivali,19.2307,72.8567,0,Stable Microclimate Risk,246.1,9,14.582810151048196
2022-09-02,29.9,86.0,10.0,Borivali,19.2307,72.8567,0,Stable Microclimate Risk,240.0,9,7.75177390150735
2022-09-03,29.4,86.0,0.9,Borivali,19.2307,72.8567,0,Stable Microclimate Risk,227.79999999999998,9,10.390700934373434
2022-09-04,28.0,87.0,9.9,Borivali,19.2307,72.8567,0,Stable Microclimate Risk,226.7,9,9.980213139592507
2022-09-05,28.5,82.0,1.8,Borivali,19.2307,72.8567,0,Stable Microclimate Risk,199.5,9,16.03633664699472
2022-09-06,28.5,83.0,4.9,Borivali,19.2307,72.8567,0,Stable Microclimate Risk,140.3,9,15.346721685181253
2022-09-07,29.6,87.0,20.1,Borivali,19.2307,72.8567,0,Stable Microclimate Risk,141.1,9,11.391312233313734
2022-09-08,28.0,89.0,39.7,Borivali,19.2307,72.8567,0,Stable Microclimate Risk,170.3,9,15.88410436069699
2022-09-09,29.1,87.0,27.0,Borivali,19.2307,72.8567,0,Stable Microclimate Risk,185.4,9,12.266599577063673
2022-09-10,29.0,88.0,13.2,Borivali,19.2307,72.8567,0,Stable Microclimate Risk,192.4,9,13.641724448369734
2022-09-11,28.7,87.0,25.5,Borivali,19.2307,72.8567,0,Stable Microclimate Risk,212.1,9,23.367260451492683
2022-09-12,28.0,88.0,21.8,Borivali,19.2307,72.8567,0,Stable Microclimate Risk,224.8,9,21.70230525895174
2022-09-13,26.1,89.0,51.7,Borivali,19.2307,72.8567,0,Stable Microclimate Risk,268.6,9,8.502093815362013
2022-09-14,27.0,88.0,81.9,Borivali,19.2307,72.8567,0,Stable Microclimate Risk,342.7,9,19.148662089395874
2022-09-15,27.3,87.0,68.7,Borivali,19.2307,72.8567,0,Stable Microclimate Risk,405.30000000000007,9,19.05698277245796
2022-09-16,25.6,90.0,96.6,Borivali,19.2307,72.8567,0,Stable Microclimate Risk,499.7,9,9.258683556236909
2022-09-17,26.9,89.0,36.6,Borivali,19.2307,72.8567,0,Stable Microclimate Risk,534.5,9,19.093888218774303
2022-09-18,26.0,89.0,61.8,Borivali,19.2307,72.8567,0,Stable Microclimate Risk,594.3000000000001,9,22.689659592062764
2022-09-19,27.3,82.0,2.9,Borivali,19.2307,72.8567,0,Stable Microclimate Risk,596.0,9,9.387275968777931
2022-09-20,25.7,87.0,15.0,Borivali,19.2307,72.8567,0,Stable Microclimate Risk,610.4,9,10.412485894928682
2022-09-21,26.5,87.0,12.3,Borivali,19.2307,72.8567,0,Stable Microclimate Risk,604.0,9,20.08830733421751
2022-09-22,25.2,89.0,18.0,Borivali,19.2307,72.8567,0,Stable Microclimate Risk,620.3,9,16.35747655412824
2022-09-23,27.5,82.0,4.0,Borivali,19.2307,72.8567,0,Stable Microclimate Risk,614.3,9,17.757381376197618
2022-09-24,26.7,86.0,5.2,Borivali,19.2307,72.8567,0,Stable Microclimate Risk,618.6,9,16.702946082002484
2022-09-25,26.9,85.0,4.7,Borivali,19.2307,72.8567,0,Stable Microclimate Risk,613.4000000000001,9,16.95347960464072
2022-09-26,27.3,84.0,3.0,Borivali,19.2307,72.8567,0,Stable Microclimate Risk,614.6,9,8.367639358444585
2022-09-27,27.5,85.0,0.9,Borivali,19.2307,72.8567,0,Stable Microclimate Risk,610.6,9,20.23658853310724
2022-09-28,27.5,86.0,2.3,Borivali,19.2307,72.8567,0,Stable Microclimate Risk,592.8,9,20.84794996213887
2022-09-29,27.5,88.0,2.0,Borivali,19.2307,72.8567,0,Stable Microclimate Risk,555.1,9,13.85304627965986
2022-09-30,28.5,88.0,2.2,Borivali,19.2307,72.8567,0,Stable Microclimate Risk,530.3000000000001,9,14.782615250930688
2022-10-01,27.4,88.0,10.3,Borivali,19.2307,72.8567,0,Stable Microclimate Risk,527.4,10,50.41112915388807
2022-10-02,28.0,86.0,0.7,Borivali,19.2307,72.8567,0,Stable Microclimate Risk,502.59999999999997,10,57.237940446755836
2022-10-03,28.1,86.0,0.6,Borivali,19.2307,72.8567,0,Stable Microclimate Risk,481.4,10,56.96028720857071
2022-10-04,28.9,85.0,0.0,Borivali,19.2307,72.8567,0,Stable Microclimate Risk,429.7,10,49.25571158167012
2022-10-05,29.5,87.0,2.4,Borivali,19.2307,72.8567,0,Stable Microclimate Risk,350.2,10,51.788433466019185
2022-10-06,29.0,85.0,3.5,Borivali,19.2307,72.8567,0,Stable Microclimate Risk,285.0,10,47.3296138451003
2022-10-07,26.5,86.0,27.7,Borivali,19.2307,72.8567,0,Stable Microclimate Risk,216.1,10,65.98969629613467
2022-10-08,26.8,86.0,31.9,Borivali,19.2307,72.8567,0,Stable Microclimate Risk,211.4,10,56.368344973206085
2022-10-09,28.4,84.0,1.1,Borivali,19.2307,72.8567,0,Stable Microclimate Risk,150.7,10,52.282239245628816
2022-10-10,29.3,85.0,0.2,Borivali,19.2307,72.8567,0,Stable Microclimate Risk,148.0,10,46.42822871048582
2022-10-11,29.4,87.0,11.1,Borivali,19.2307,72.8567,0,Stable Microclimate Risk,144.1,10,47.85987294353805
2022-10-12,27.7,88.0,13.8,Borivali,19.2307,72.8567,0,Stable Microclimate Risk,145.6,10,54.51903202249988
2022-10-13,29.1,89.0,2.1,Borivali,19.2307,72.8567,0,Stable Microclimate Risk,129.70000000000002,10,47.77597035497499
2022-10-14,30.0,86.0,14.5,Borivali,19.2307,72.8567,0,Stable Microclimate Risk,140.20000000000002,10,47.46356919054086
2022-10-15,31.4,75.0,0.9,Borivali,19.2307,72.8567,0,Stable Microclimate Risk,135.89999999999998,10,33.21617881380892
2022-10-16,31.5,66.0,0.0,Borivali,19.2307,72.8567,0,Stable Microclimate Risk,131.2,10,26.800447829639932
2022-10-17,29.4,81.0,6.4,Borivali,19.2307,72.8567,0,Stable Microclimate Risk,134.6,10,55.48125285436045
2022-10-18,27.0,88.0,7.4,Borivali,19.2307,72.8567,0,Stable Microclimate Risk,141.1,10,67.24060372678576
2022-10-19,29.0,87.0,4.4,Borivali,19.2307,72.8567,0,Stable Microclimate Risk,143.20000000000002,10,42.538686524471906
2022-10-20,29.0,87.0,0.7,Borivali,19.2307,72.8567,0,Stable Microclimate Risk,141.9,10,52.44853902622597
2022-10-21,30.3,84.0,3.8,Borivali,19.2307,72.8567,0,Stable Microclimate Risk,143.5,10,39.11845948057661
2022-10-22,29.9,80.0,1.3,Borivali,19.2307,72.8567,0,Stable Microclimate Risk,134.49999999999997,10,45.217436076655304
2022-10-23,30.9,66.0,0.0,Borivali,19.2307,72.8567,0,Stable Microclimate Risk,133.79999999999998,10,39.70445397840081
2022-10-24,30.1,70.0,0.0,Borivali,19.2307,72.8567,0,Stable Microclimate Risk,133.2,10,41.59462766508505
2022-10-25,29.5,76.0,0.0,Borivali,19.2307,72.8567,0,Stable Microclimate Risk,133.2,10,42.24783833873469
2022-10-26,30.0,73.0,0.0,Borivali,19.2307,72.8567,0,Stable Microclimate Risk,130.79999999999998,10,39.88062807175203
2022-10-27,30.1,71.0,0.0,Borivali,19.2307,72.8567,0,Stable Microclimate Risk,127.3,10,38.18570708926045
2022-10-28,30.6,67.0,0.0,Borivali,19.2307,72.8567,0,Stable Microclimate Risk,99.6,10,35.7742222921811
2022-10-29,31.3,60.0,0.0,Borivali,19.2307,72.8567,0,Stable Microclimate Risk,67.7,10,35.630775216419885
2022-10-30,31.3,58.0,0.0,Borivali,19.2307,72.8567,0,Stable Microclimate Risk,66.60000000000001,10,32.3878667211129
2022-10-31,31.3,60.0,0.0,Borivali,19.2307,72.8567,0,Stable Microclimate Risk,66.4,10,39.37692699522976
2022-11-01,31.0,57.0,0.0,Borivali,19.2307,72.8567,0,Stable Microclimate Risk,55.300000000000004,11,45.10289744334631
2022-11-02,31.0,63.0,0.0,Borivali,19.2307,72.8567,0,Stable Microclimate Risk,41.5,11,34.76640045981646
2022-11-03,32.7,56.0,0.0,Borivali,19.2307,72.8567,0,Stable Microclimate Risk,39.4,11,29.2303558360102
2022-11-04,32.9,55.0,0.0,Borivali,19.2307,72.8567,0,Stable Microclimate Risk,24.900000000000002,11,29.398425551514674
2022-11-05,32.8,54.0,0.0,Borivali,19.2307,72.8567,0,Stable Microclimate Risk,24.000000000000004,11,29.826678021263056
2022-11-06,32.5,58.0,0.0,Borivali,19.2307,72.8567,0,Stable Microclimate Risk,24.000000000000004,11,29.546443006247102
2022-11-07,31.3,64.0,0.0,Borivali,19.2307,72.8567,0,Stable Microclimate Risk,17.6,11,39.68007875846527
2022-11-08,31.700000000000003,62.0,0.0,Borivali,19.2307,72.8567,0,Stable Microclimate Risk,10.200000000000001,11,36.11124476340328
2022-11-09,31.2,60.0,0.0,Borivali,19.2307,72.8567,0,Stable Microclimate Risk,5.8,11,30.34502122169685
2022-11-10,31.9,60.0,0.0,Borivali,19.2307,72.8567,0,Stable Microclimate Risk,5.1,11,36.91244698861304
2022-11-11,32.5,54.0,0.0,Borivali,19.2307,72.8567,0,Stable Microclimate Risk,1.3,11,33.60312085300038
2022-11-12,32.5,56.0,0.0,Borivali,19.2307,72.8567,0,Stable Microclimate Risk,0.0,11,25.350236145773756
2022-11-13,32.3,56.0,0.0,Borivali,19.2307,72.8567,0,Stable Microclimate Risk,0.0,11,30.489689177238024
2022-11-14,32.0,65.0,0.0,Borivali,19.2307,72.8567,0,Stable Microclimate Risk,0.0,11,35.416644964055344
2022-11-15,31.0,68.0,0.0,Borivali,19.2307,72.8567,0,Stable Microclimate Risk,0.0,11,36.620097568769864
2022-11-16,31.700000000000003,62.0,0.0,Borivali,19.2307,72.8567,0,Stable Microclimate Risk,0.0,11,39.064890238830046
2022-11-17,31.799999999999997,56.0,0.0,Borivali,19.2307,72.8567,0,Stable Microclimate Risk,0.0,11,44.95269580643015
2022-11-18,31.2,47.0,0.0,Borivali,19.2307,72.8567,0,Stable Microclimate Risk,0.0,11,32.60340317015843
2022-11-19,30.9,46.0,0.0,Borivali,19.2307,72.8567,0,Stable Microclimate Risk,0.0,11,31.328110317564466
2022-11-20,29.7,48.0,0.0,Borivali,19.2307,72.8567,0,Stable Microclimate Risk,0.0,11,46.55242631135772
2022-11-21,29.3,50.0,0.0,Borivali,19.2307,72.8567,0,Stable Microclimate Risk,0.0,11,50.90781252563072
2022-11-22,30.3,55.0,0.0,Borivali,19.2307,72.8567,0,Stable Microclimate Risk,0.0,11,40.47900146410948
2022-11-23,30.9,53.0,0.0,Borivali,19.2307,72.8567,0,Stable Microclimate Risk,0.0,11,45.49963664993851
2022-11-24,30.8,58.0,0.0,Borivali,19.2307,72.8567,0,Stable Microclimate Risk,0.0,11,32.106971001383755
2022-11-25,31.4,62.0,0.0,Borivali,19.2307,72.8567,0,Stable Microclimate Risk,0.0,11,38.86459311515806
2022-11-26,31.6,66.0,0.0,Borivali,19.2307,72.8567,0,Stable Microclimate Risk,0.0,11,31.237362562872192
2022-11-27,30.1,68.0,0.0,Borivali,19.2307,72.8567,0,Stable Microclimate Risk,0.0,11,51.36355619770314
2022-11-28,29.7,67.0,0.0,Borivali,19.2307,72.8567,0,Stable Microclimate Risk,0.0,11,54.995910099173926
2022-11-29,29.3,70.0,0.0,Borivali,19.2307,72.8567,0,Stable Microclimate Risk,0.0,11,43.46671706108326
2022-11-30,31.6,65.0,0.0,Borivali,19.2307,72.8567,0,Stable Microclimate Risk,0.0,11,31.518880987123758
2022-12-01,32.0,60.0,0.0,Borivali,19.2307,72.8567,0,Stable Microclimate Risk,0.0,12,36.29793943489901
2022-12-02,31.5,60.0,0.0,Borivali,19.2307,72.8567,0,Stable Microclimate Risk,0.0,12,32.897680084385755
2022-12-03,30.5,61.0,0.0,Borivali,19.2307,72.8567,0,Stable Microclimate Risk,0.0,12,40.27294391033881
2022-12-04,31.799999999999997,64.0,0.0,Borivali,19.2307,72.8567,0,Stable Microclimate Risk,0.0,12,33.2602754360454
2022-12-05,31.2,68.0,0.0,Borivali,19.2307,72.8567,0,Stable Microclimate Risk,0.0,12,26.934967552345057
2022-12-06,31.700000000000003,68.0,0.0,Borivali,19.2307,72.8567,0,Stable Microclimate Risk,0.0,12,33.6308112695288
2022-12-07,31.5,67.0,0.0,Borivali,19.2307,72.8567,0,Stable Microclimate Risk,0.0,12,31.38469446301246
2022-12-08,30.7,63.0,0.0,Borivali,19.2307,72.8567,0,Stable Microclimate Risk,0.0,12,36.901052554667814
2022-12-09,29.8,50.0,0.0,Borivali,19.2307,72.8567,0,Stable Microclimate Risk,0.0,12,51.68482668401073
2022-12-10,30.9,56.0,0.0,Borivali,19.2307,72.8567,0,Stable Microclimate Risk,0.0,12,31.95079886193706
2022-12-11,30.4,56.0,0.0,Borivali,19.2307,72.8567,0,Stable Microclimate Risk,0.0,12,45.132692600406564
2022-12-12,31.4,62.0,0.0,Borivali,19.2307,72.8567,0,Stable Microclimate Risk,0.0,12,34.005185348340966
2022-12-13,31.9,66.0,0.0,Borivali,19.2307,72.8567,0,Stable Microclimate Risk,0.0,12,31.167865824187505
2022-12-14,31.6,65.0,0.2,Borivali,19.2307,72.8567,0,Stable Microclimate Risk,0.2,12,38.218526146925214
2022-12-15,31.1,70.0,0.0,Borivali,19.2307,72.8567,0,Stable Microclimate Risk,0.2,12,38.800256472844445
2022-12-16,32.8,68.0,0.0,Borivali,19.2307,72.8567,0,Stable Microclimate Risk,0.2,12,30.31973165276434
2022-12-17,33.0,67.0,0.0,Borivali,19.2307,72.8567,0,Stable Microclimate Risk,0.2,12,31.17425663599764
2022-12-18,32.8,62.0,0.0,Borivali,19.2307,72.8567,0,Stable Microclimate Risk,0.2,12,25.81012475075007
2022-12-19,30.8,58.0,0.0,Borivali,19.2307,72.8567,0,Stable Microclimate Risk,0.2,12,35.738816327461244
2022-12-20,29.9,56.0,0.0,Borivali,19.2307,72.8567,0,Stable Microclimate Risk,0.2,12,38.474247367211014
2022-12-21,30.5,61.0,0.0,Borivali,19.2307,72.8567,0,Stable Microclimate Risk,0.2,12,36.37294735010522
2022-12-22,30.5,66.0,0.0,Borivali,19.2307,72.8567,0,Stable Microclimate Risk,0.2,12,55.245472126543625
2022-12-23,29.0,61.0,0.0,Borivali,19.2307,72.8567,0,Stable Microclimate Risk,0.2,12,55.22339790368393
2022-12-24,28.3,51.0,0.0,Borivali,19.2307,72.8567,0,Stable Microclimate Risk,0.2,12,46.21129483562655
2022-12-25,27.0,65.0,0.0,Borivali,19.2307,72.8567,0,Stable Microclimate Risk,0.2,12,53.72104354961549
2022-12-26,27.5,72.0,0.0,Borivali,19.2307,72.8567,0,Stable Microclimate Risk,0.2,12,59.90933030859246
2022-12-27,29.1,68.0,0.0,Borivali,19.2307,72.8567,0,Stable Microclimate Risk,0.2,12,51.16965732022316
2022-12-28,29.7,68.0,0.0,Borivali,19.2307,72.8567,0,Stable Microclimate Risk,0.2,12,47.77775250992016
2022-12-29,30.1,67.0,0.0,Borivali,19.2307,72.8567,0,Stable Microclimate Risk,0.2,12,41.49188769889817
2022-12-30,30.0,65.0,0.0,Borivali,19.2307,72.8567,0,Stable Microclimate Risk,0.2,12,42.70606203331883
2022-12-31,28.9,64.0,0.0,Borivali,19.2307,72.8567,0,Stable Microclimate Risk,0.2,12,51.20606428746346
2023-01-01,26.8,66.0,0.0,Borivali,19.2307,72.8567,0,Stable Microclimate Risk,0.2,1,61.89613169813332
2023-01-02,28.6,69.0,0.0,Borivali,19.2307,72.8567,0,Stable Microclimate Risk,0.2,1,40.17016480292898
2023-01-03,28.6,68.0,0.0,Borivali,19.2307,72.8567,0,Stable Microclimate Risk,0.2,1,50.11766851379069
2023-01-04,28.1,70.0,0.0,Borivali,19.2307,72.8567,0,Stable Microclimate Risk,0.0,1,49.84296782869843
2023-01-05,29.3,70.0,0.0,Borivali,19.2307,72.8567,0,Stable Microclimate Risk,0.0,1,48.17605709454256
2023-01-06,31.1,64.0,0.0,Borivali,19.2307,72.8567,0,Stable Microclimate Risk,0.0,1,52.02629501301705
2023-01-07,31.5,62.0,0.0,Borivali,19.2307,72.8567,0,Stable Microclimate Risk,0.0,1,36.67074166070485
2023-01-08,30.9,59.0,0.0,Borivali,19.2307,72.8567,0,Stable Microclimate Risk,0.0,1,36.665684902471355
2023-01-09,30.2,51.0,0.0,Borivali,19.2307,72.8567,0,Stable Microclimate Risk,0.0,1,46.809007509886264
2023-01-10,30.6,50.0,0.0,Borivali,19.2307,72.8567,0,Stable Microclimate Risk,0.0,1,42.346772769379385
2023-01-11,28.9,59.0,0.0,Borivali,19.2307,72.8567,0,Stable Microclimate Risk,0.0,1,51.66713911892588
2023-01-12,27.6,71.0,0.0,Borivali,19.2307,72.8567,0,Stable Microclimate Risk,0.0,1,59.96758629941168
2023-01-13,26.0,75.0,0.0,Borivali,19.2307,72.8567,0,Stable Microclimate Risk,0.0,1,76.28271782414771
2023-01-14,25.5,64.0,0.0,Borivali,19.2307,72.8567,0,Stable Microclimate Risk,0.0,1,63.17889115670376
2023-01-15,25.3,68.0,0.0,Borivali,19.2307,72.8567,0,Stable Microclimate Risk,0.0,1,72.33482705072394
2023-01-16,25.2,75.0,0.0,Borivali,19.2307,72.8567,0,Stable Microclimate Risk,0.0,1,65.90142768342564
2023-01-17,26.5,74.0,0.0,Borivali,19.2307,72.8567,0,Stable Microclimate Risk,0.0,1,65.94422989837791
2023-01-18,28.7,71.0,0.0,Borivali,19.2307,72.8567,0,Stable Microclimate Risk,0.0,1,46.10656744256954
2023-01-19,27.5,71.0,0.0,Borivali,19.2307,72.8567,0,Stable Microclimate Risk,0.0,1,55.413165931974575
2023-01-20,27.0,72.0,0.0,Borivali,19.2307,72.8567,0,Stable Microclimate Risk,0.0,1,58.85788376214381
2023-01-21,26.7,69.0,0.0,Borivali,19.2307,72.8567,0,Stable Microclimate Risk,0.0,1,66.91241693005688
2023-01-22,26.4,60.0,0.0,Borivali,19.2307,72.8567,0,Stable Microclimate Risk,0.0,1,68.3256055530454
2023-01-23,25.2,55.0,0.0,Borivali,19.2307,72.8567,0,Stable Microclimate Risk,0.0,1,64.30474645110141
2023-01-24,25.0,57.0,0.0,Borivali,19.2307,72.8567,0,Stable Microclimate Risk,0.0,1,71.9413372216659
2023-01-25,26.0,54.0,0.0,Borivali,19.2307,72.8567,0,Stable Microclimate Risk,0.0,1,62.45210072625414
2023-01-26,26.7,57.0,0.0,Borivali,19.2307,72.8567,0,Stable Microclimate Risk,0.0,1,55.740808779956666
2023-01-27,32.0,65.0,0.0,Borivali,19.2307,72.8567,0,Stable Microclimate Risk,0.0,1,30.914914747878147
2023-01-28,30.3,74.0,0.0,Borivali,19.2307,72.8567,0,Stable Microclimate Risk,0.0,1,40.09091939105423
2023-01-29,25.4,88.0,1.0,Borivali,19.2307,72.8567,0,Stable Microclimate Risk,1.0,1,81.53358243172762
2023-01-30,27.5,78.0,0.0,Borivali,19.2307,72.8567,0,Stable Microclimate Risk,1.0,1,59.66479912680348
2023-01-31,29.9,64.0,0.0,Borivali,19.2307,72.8567,0,Stable Microclimate Risk,1.0,1,37.01191249622882
2023-02-01,33.0,52.0,0.0,Borivali,19.2307,72.8567,0,Stable Microclimate Risk,1.0,2,23.509463312478623
2023-02-02,33.4,51.0,0.0,Borivali,19.2307,72.8567,0,Stable Microclimate Risk,1.0,2,29.173583143813666
2023-02-03,31.700000000000003,53.0,0.0,Borivali,19.2307,72.8567,0,Stable Microclimate Risk,1.0,2,44.142213864349614
2023-02-04,31.1,55.0,0.0,Borivali,19.2307,72.8567,0,Stable Microclimate Risk,1.0,2,29.170083438810202
2023-02-05,30.4,61.0,0.0,Borivali,19.2307,72.8567,0,Stable Microclimate Risk,1.0,2,31.667044740971452
2023-02-06,28.9,65.0,0.0,Borivali,19.2307,72.8567,0,Stable Microclimate Risk,1.0,2,58.92149254352559
2023-02-07,30.8,60.0,0.0,Borivali,19.2307,72.8567,0,Stable Microclimate Risk,1.0,2,40.748070886854514
2023-02-08,30.6,59.0,0.0,Borivali,19.2307,72.8567,0,Stable Microclimate Risk,1.0,2,35.59186967395149
2023-02-09,33.2,52.0,0.0,Borivali,19.2307,72.8567,0,Stable Microclimate Risk,1.0,2,27.873145430612162
2023-02-10,31.0,56.0,0.0,Borivali,19.2307,72.8567,0,Stable Microclimate Risk,1.0,2,24.48792797158228
2023-02-11,31.2,50.0,0.0,Borivali,19.2307,72.8567,0,Stable Microclimate Risk,1.0,2,36.55021086631914
2023-02-12,32.2,45.0,0.0,Borivali,19.2307,72.8567,0,Stable Microclimate Risk,1.0,2,32.505772530882076
2023-02-13,33.3,38.0,0.0,Borivali,19.2307,72.8567,0,Stable Microclimate Risk,1.0,2,29.254684031022496
2023-02-14,32.5,41.0,0.0,Borivali,19.2307,72.8567,0,Stable Microclimate Risk,1.0,2,24.097186905203976
2023-02-15,32.6,44.0,0.0,Borivali,19.2307,72.8567,0,Stable Microclimate Risk,1.0,2,29.02843580701679
2023-02-16,34.4,36.0,0.0,Borivali,19.2307,72.8567,0,Stable Microclimate Risk,1.0,2,13.772876869702072
2023-02-17,33.7,36.0,0.0,Borivali,19.2307,72.8567,0,Stable Microclimate Risk,1.0,2,23.643585445038234
2023-02-18,34.4,35.0,0.0,Borivali,19.2307,72.8567,0,Stable Microclimate Risk,1.0,2,13.923268388184889
2023-02-19,35.1,42.0,0.0,Borivali,19.2307,72.8567,0,Stable Microclimate Risk,0.0,2,12.392829137532221
2023-02-20,30.4,62.0,0.0,Borivali,19.2307,72.8567,0,Stable Microclimate Risk,0.0,2,36.08758969271553
2023-02-21,31.5,63.0,0.0,Borivali,19.2307,72.8567,0,Stable Microclimate Risk,0.0,2,38.089014542451615
2023-02-22,29.5,67.0,0.0,Borivali,19.2307,72.8567,0,Stable Microclimate Risk,0.0,2,50.45892224995
2023-02-23,32.3,50.0,0.0,Borivali,19.2307,72.8567,0,Stable Microclimate Risk,0.0,2,29.126897150212947
2023-02-24,33.7,43.0,0.0,Borivali,19.2307,72.8567,0,Stable Microclimate Risk,0.0,2,22.557856641466792
2023-02-25,33.3,39.0,0.0,Borivali,19.2307,72.8567,0,Stable Microclimate Risk,0.0,2,17.390376260165628
2023-02-26,34.3,40.0,0.0,Borivali,19.2307,72.8567,0,Stable Microclimate Risk,0.0,2,17.46828342663275
2023-02-27,34.3,41.0,0.0,Borivali,19.2307,72.8567,0,Stable Microclimate Risk,0.0,2,18.715643581457957
2023-02-28,32.7,49.0,0.0,Borivali,19.2307,72.8567,0,Stable Microclimate Risk,0.0,2,41.13729878848319
2023-03-01,32.2,52.0,0.0,Borivali,19.2307,72.8567,0,Stable Microclimate Risk,0.0,3,9.440164871129182
2023-03-02,34.6,46.0,0.0,Borivali,19.2307,72.8567,0,Stable Microclimate Risk,0.0,3,22.32088619376219
2023-03-03,33.2,55.0,0.0,Borivali,19.2307,72.8567,0,Stable Microclimate Risk,0.0,3,19.98429386732904
2023-03-04,33.7,61.0,0.0,Borivali,19.2307,72.8567,0,Stable Microclimate Risk,0.0,3,16.403182022450682
2023-03-05,35.7,55.0,0.0,Borivali,19.2307,72.8567,0,Stable Microclimate Risk,0.0,3,23.793102420975668
2023-03-06,35.8,42.0,0.1,Borivali,19.2307,72.8567,0,Stable Microclimate Risk,0.1,3,16.860527363034315
2023-03-07,35.5,45.0,0.0,Borivali,19.2307,72.8567,0,Stable Microclimate Risk,0.1,3,16.945795978339643
2023-03-08,34.7,48.0,0.0,Borivali,19.2307,72.8567,0,Stable Microclimate Risk,0.1,3,14.734396734912274
2023-03-09,36.0,33.0,0.0,Borivali,19.2307,72.8567,0,Stable Microclimate Risk,0.1,3,21.117844412093138
2023-03-10,34.7,31.0,0.0,Borivali,19.2307,72.8567,0,Stable Microclimate Risk,0.1,3,20.482346169054416
2023-03-11,36.3,38.0,0.0,Borivali,19.2307,72.8567,0,Stable Microclimate Risk,0.1,3,11.871613562518938
2023-03-12,37.2,39.0,0.0,Borivali,19.2307,72.8567,0,Stable Microclimate Risk,0.1,3,8.403764027006163
2023-03-13,36.8,49.0,0.0,Borivali,19.2307,72.8567,0,Stable Microclimate Risk,0.1,3,13.985096813021714
2023-03-14,36.0,62.0,0.0,Borivali,19.2307,72.8567,0,Stable Microclimate Risk,0.1,3,10.999807178011768
2023-03-15,34.2,59.0,0.0,Borivali,19.2307,72.8567,0,Stable Microclimate Risk,0.1,3,14.682377126923225
2023-03-16,31.799999999999997,66.0,13.3,Borivali,19.2307,72.8567,0,Stable Microclimate Risk,13.4,3,21.187190673420695
2023-03-17,30.1,75.0,0.7,Borivali,19.2307,72.8567,0,Stable Microclimate Risk,14.1,3,12.713491724566051
2023-03-18,30.3,78.0,0.0,Borivali,19.2307,72.8567,0,Stable Microclimate Risk,14.1,3,14.785883093442125
2023-03-19,29.3,73.0,0.0,Borivali,19.2307,72.8567,0,Stable Microclimate Risk,14.1,3,15.290113674041976
2023-03-20,29.0,66.0,0.0,Borivali,19.2307,72.8567,0,Stable Microclimate Risk,14.1,3,19.242154411026423
2023-03-21,28.5,71.0,0.7,Borivali,19.2307,72.8567,0,Stable Microclimate Risk,14.8,3,5.0
2023-03-22,29.5,71.0,0.0,Borivali,19.2307,72.8567,0,Stable Microclimate Risk,14.8,3,11.966498526173517
2023-03-23,29.6,72.0,0.4,Borivali,19.2307,72.8567,0,Stable Microclimate Risk,15.200000000000001,3,16.056418461397364
2023-03-24,29.7,74.0,0.0,Borivali,19.2307,72.8567,0,Stable Microclimate Risk,15.200000000000001,3,21.000394782134308
2023-03-25,29.2,68.0,0.0,Borivali,19.2307,72.8567,0,Stable Microclimate Risk,15.200000000000001,3,12.540487762468974
2023-03-26,29.0,68.0,0.0,Borivali,19.2307,72.8567,0,Stable Microclimate Risk,15.200000000000001,3,5.61723646979063
2023-03-27,29.3,75.0,0.0,Borivali,19.2307,72.8567,0,Stable Microclimate Risk,15.100000000000001,3,18.098557229830682
2023-03-28,29.4,77.0,0.0,Borivali,19.2307,72.8567,0,Stable Microclimate Risk,15.100000000000001,3,11.823188055871853
2023-03-29,29.4,78.0,0.0,Borivali,19.2307,72.8567,0,Stable Microclimate Risk,15.100000000000001,3,9.051666704548193
2023-03-30,29.0,74.0,0.2,Borivali,19.2307,72.8567,0,Stable Microclimate Risk,15.3,3,11.87827305143388
2023-03-31,28.9,74.0,0.4,Borivali,19.2307,72.8567,0,Stable Microclimate Risk,15.700000000000001,3,14.077373211720753
2023-04-01,29.5,74.0,0.0,Borivali,19.2307,72.8567,0,Stable Microclimate Risk,15.700000000000001,4,11.976276677308936
2023-04-02,29.5,76.0,0.0,Borivali,19.2307,72.8567,0,Stable Microclimate Risk,15.700000000000001,4,5.0
2023-04-03,29.6,76.0,0.0,Borivali,19.2307,72.8567,0,Stable Microclimate Risk,15.700000000000001,4,19.485330984435663
2023-04-04,30.3,79.0,0.0,Borivali,19.2307,72.8567,0,Stable Microclimate Risk,15.700000000000001,4,21.374375206393612
2023-04-05,30.5,81.0,0.0,Borivali,19.2307,72.8567,0,Stable Microclimate Risk,15.700000000000001,4,18.25760995669753
2023-04-06,32.5,71.0,0.0,Borivali,19.2307,72.8567,0,Stable Microclimate Risk,2.4,4,9.311571647875917
2023-04-07,33.6,54.0,0.0,Borivali,19.2307,72.8567,0,Stable Microclimate Risk,1.7,4,13.99254233026241
2023-04-08,34.5,55.0,0.0,Borivali,19.2307,72.8567,0,Stable Microclimate Risk,1.7,4,14.967393423852709
2023-04-09,35.3,57.0,0.0,Borivali,19.2307,72.8567,0,Stable Microclimate Risk,1.7,4,17.993971947809552
2023-04-10,35.4,60.0,0.0,Borivali,19.2307,72.8567,0,Stable Microclimate Risk,1.7,4,18.341702443590403
2023-04-11,34.4,61.0,0.0,Borivali,19.2307,72.8567,0,Stable Microclimate Risk,1.0,4,11.32913100610752
2023-04-12,35.2,54.0,0.0,Borivali,19.2307,72.8567,0,Stable Microclimate Risk,1.0,4,15.409977782067802
2023-04-13,34.7,50.0,0.0,Borivali,19.2307,72.8567,0,Stable Microclimate Risk,0.6000000000000001,4,17.286402023076207
2023-04-14,34.7,59.0,0.0,Borivali,19.2307,72.8567,0,Stable Microclimate Risk,0.6000000000000001,4,22.279111610733832
2023-04-15,34.7,62.0,0.0,Borivali,19.2307,72.8567,0,Stable Microclimate Risk,0.6000000000000001,4,18.522532699123616
2023-04-16,33.5,71.0,0.0,Borivali,19.2307,72.8567,0,Stable Microclimate Risk,0.6000000000000001,4,18.945283436877595
2023-04-17,33.5,71.0,0.0,Borivali,19.2307,72.8567,0,Stable Microclimate Risk,0.6000000000000001,4,15.419133139646805
2023-04-18,36.7,50.0,0.0,Borivali,19.2307,72.8567,0,Stable Microclimate Risk,0.6000000000000001,4,22.05229572601752
2023-04-19,36.0,46.0,0.0,Borivali,19.2307,72.8567,0,Stable Microclimate Risk,0.6000000000000001,4,17.048813979797487
2023-04-20,34.4,61.0,0.0,Borivali,19.2307,72.8567,0,Stable Microclimate Risk,0.4,4,10.694560449132148
2023-04-21,31.799999999999997,72.0,0.0,Borivali,19.2307,72.8567,0,Stable Microclimate Risk,0.0,4,22.016849850625952
2023-04-22,31.1,78.0,0.0,Borivali,19.2307,72.8567,0,Stable Microclimate Risk,0.0,4,18.489516362695138
2023-04-23,31.0,75.0,0.0,Borivali,19.2307,72.8567,0,Stable Microclimate Risk,0.0,4,12.784779894357587
2023-04-24,31.799999999999997,78.0,0.0,Borivali,19.2307,72.8567,0,Stable Microclimate Risk,0.0,4,12.602535163003783
2023-04-25,32.2,78.0,0.0,Borivali,19.2307,72.8567,0,Stable Microclimate Risk,0.0,4,16.48287772570381
2023-04-26,30.9,74.0,0.0,Borivali,19.2307,72.8567,0,Stable Microclimate Risk,0.0,4,17.315923976337924
2023-04-27,31.4,72.0,0.0,Borivali,19.2307,72.8567,0,Stable Microclimate Risk,0.0,4,15.986461328156032
2023-04-28,31.4,73.0,0.0,Borivali,19.2307,72.8567,0,Stable Microclimate Risk,0.0,4,16.556543367214424
2023-04-29,31.1,70.0,0.4,Borivali,19.2307,72.8567,0,Stable Microclimate Risk,0.4,4,23.499786872881902
2023-04-30,31.0,71.0,0.5,Borivali,19.2307,72.8567,0,Stable Microclimate Risk,0.9,4,20.35771576117443
2023-05-01,31.1,68.0,2.1,Borivali,19.2307,72.8567,0,Stable Microclimate Risk,3.0,5,15.953177956325122
2023-05-02,31.0,67.0,0.7,Borivali,19.2307,72.8567,0,Stable Microclimate Risk,3.7,5,19.706552903837416
2023-05-03,31.3,67.0,0.0,Borivali,19.2307,72.8567,0,Stable Microclimate Risk,3.7,5,9.837380482362303
2023-05-04,31.1,73.0,0.5,Borivali,19.2307,72.8567,0,Stable Microclimate Risk,4.2,5,16.989635249734043
2023-05-05,31.799999999999997,74.0,0.4,Borivali,19.2307,72.8567,0,Stable Microclimate Risk,4.6,5,24.04653174866555
2023-05-06,31.4,76.0,0.1,Borivali,19.2307,72.8567,0,Stable Microclimate Risk,4.7,5,13.90977052303813
2023-05-07,29.5,79.0,8.2,Borivali,19.2307,72.8567,0,Stable Microclimate Risk,12.899999999999999,5,10.761830356904575
2023-05-08,31.700000000000003,73.0,0.5,Borivali,19.2307,72.8567,0,Stable Microclimate Risk,13.399999999999999,5,11.739555557034697
2023-05-09,32.5,74.0,0.0,Borivali,19.2307,72.8567,0,Stable Microclimate Risk,13.399999999999999,5,9.551834813288059
2023-05-10,33.5,78.0,0.0,Borivali,19.2307,72.8567,0,Stable Microclimate Risk,13.399999999999999,5,11.076190459361483
2023-05-11,34.0,78.0,0.0,Borivali,19.2307,72.8567,0,Stable Microclimate Risk,13.399999999999999,5,13.147459507049856
2023-05-12,33.5,79.0,0.0,Borivali,19.2307,72.8567,0,Stable Microclimate Risk,13.399999999999999,5,7.97216490410679
2023-05-13,32.8,76.0,0.0,Borivali,19.2307,72.8567,0,Stable Microclimate Risk,13.399999999999999,5,15.078091669748016
2023-05-14,32.7,75.0,0.0,Borivali,19.2307,72.8567,0,Stable Microclimate Risk,13.399999999999999,5,19.511385868933235
2023-05-15,32.7,73.0,0.5,Borivali,19.2307,72.8567,0,Stable Microclimate Risk,13.899999999999999,5,10.4612190992654
2023-05-16,33.1,70.0,0.3,Borivali,19.2307,72.8567,0,Stable Microclimate Risk,14.2,5,22.596419618208845
2023-05-17,32.9,71.0,0.0,Borivali,19.2307,72.8567,0,Stable Microclimate Risk,14.2,5,17.553960442637973
2023-05-18,32.7,75.0,0.1,Borivali,19.2307,72.8567,0,Stable Microclimate Risk,14.299999999999999,5,20.152902928120287
2023-05-19,33.0,77.0,0.2,Borivali,19.2307,72.8567,0,Stable Microclimate Risk,14.499999999999998,5,11.710827230739316
2023-05-20,32.1,74.0,0.0,Borivali,19.2307,72.8567,0,Stable Microclimate Risk,14.099999999999998,5,19.272626135333077
2023-05-21,32.4,71.0,0.0,Borivali,19.2307,72.8567,0,Stable Microclimate Risk,13.599999999999998,5,9.540330498023435
2023-05-22,32.5,74.0,0.0,Borivali,19.2307,72.8567,0,Stable Microclimate Risk,11.499999999999998,5,19.451237504182544
2023-05-23,33.0,76.0,0.0,Borivali,19.2307,72.8567,0,Stable Microclimate Risk,10.799999999999999,5,15.859196698967656
2023-05-24,32.8,73.0,0.0,Borivali,19.2307,72.8567,0,Stable Microclimate Risk,10.799999999999999,5,17.76625609992392
2023-05-25,32.7,64.0,0.0,Borivali,19.2307,72.8567,0,Stable Microclimate Risk,10.299999999999999,5,9.12202697187574
2023-05-26,32.2,64.0,2.0,Borivali,19.2307,72.8567,0,Stable Microclimate Risk,11.899999999999999,5,10.524650788616977
2023-05-27,33.2,61.0,0.0,Borivali,19.2307,72.8567,0,Stable Microclimate Risk,11.799999999999999,5,17.986141091266923
2023-05-28,33.3,65.0,0.0,Borivali,19.2307,72.8567,0,Stable Microclimate Risk,3.6,5,10.258259978878996
2023-05-29,33.1,74.0,0.0,Borivali,19.2307,72.8567,0,Stable Microclimate Risk,3.1,5,17.316031460495616
2023-05-30,33.3,78.0,0.0,Borivali,19.2307,72.8567,0,Stable Microclimate Risk,3.1,5,8.164310967698771
2023-05-31,34.0,77.0,0.0,Borivali,19.2307,72.8567,0,Stable Microclimate Risk,3.1,5,19.24087106333334
2023-06-01,33.0,79.0,0.0,Borivali,19.2307,72.8567,0,Stable Microclimate Risk,3.1,6,8.837383426157455
2023-06-02,32.9,71.0,0.0,Borivali,19.2307,72.8567,0,Stable Microclimate Risk,3.1,6,17.761499688397617
2023-06-03,34.0,66.0,0.1,Borivali,19.2307,72.8567,0,Stable Microclimate Risk,3.2,6,18.128154668230003
2023-06-04,33.1,69.0,0.8,Borivali,19.2307,72.8567,0,Stable Microclimate Risk,4.0,6,11.516140907852126
2023-06-05,32.7,70.0,0.4,Borivali,19.2307,72.8567,0,Stable Microclimate Risk,3.9000000000000004,6,17.910132835423635
2023-06-06,33.3,68.0,0.1,Borivali,19.2307,72.8567,0,Stable Microclimate Risk,3.7,6,16.30221131666778
2023-06-07,33.0,68.0,0.0,Borivali,19.2307,72.8567,0,Stable Microclimate Risk,3.7,6,12.30579071903631
2023-06-08,33.5,67.0,0.8,Borivali,19.2307,72.8567,0,Stable Microclimate Risk,4.4,6,9.95722657961896
2023-06-09,32.5,75.0,4.0,Borivali,19.2307,72.8567,0,Stable Microclimate Risk,8.2,6,5.186871541637105
2023-06-10,32.7,73.0,3.6,Borivali,19.2307,72.8567,0,Stable Microclimate Risk,11.8,6,16.748250236498468
2023-06-11,32.2,72.0,3.8,Borivali,19.2307,72.8567,0,Stable Microclimate Risk,15.6,6,7.175986143189724
2023-06-12,31.700000000000003,77.0,5.3,Borivali,19.2307,72.8567,0,Stable Microclimate Risk,20.9,6,15.476720997206542
2023-06-13,30.5,79.0,5.6,Borivali,19.2307,72.8567,0,Stable Microclimate Risk,26.5,6,13.682758919588755
2023-06-14,29.7,78.0,2.8,Borivali,19.2307,72.8567,0,Stable Microclimate Risk,29.3,6,18.39571387719098
2023-06-15,31.4,73.0,2.8,Borivali,19.2307,72.8567,0,Stable Microclimate Risk,32.1,6,13.489772502550679
2023-06-16,30.8,74.0,4.6,Borivali,19.2307,72.8567,0,Stable Microclimate Risk,34.7,6,13.352761068264543
2023-06-17,30.9,78.0,6.6,Borivali,19.2307,72.8567,0,Stable Microclimate Risk,41.3,6,18.659353521441478
2023-06-18,30.6,78.0,4.6,Borivali,19.2307,72.8567,0,Stable Microclimate Risk,45.9,6,16.675290145420586
2023-06-19,30.9,76.0,2.4,Borivali,19.2307,72.8567,0,Stable Microclimate Risk,48.3,6,16.58077978591389
2023-06-20,31.0,77.0,1.1,Borivali,19.2307,72.8567,0,Stable Microclimate Risk,49.4,6,17.34633794904263
2023-06-21,31.0,78.0,2.9,Borivali,19.2307,72.8567,0,Stable Microclimate Risk,52.3,6,7.322139383964471
2023-06-22,31.0,75.0,1.9,Borivali,19.2307,72.8567,0,Stable Microclimate Risk,54.199999999999996,6,18.78394339993491
2023-06-23,30.3,80.0,2.9,Borivali,19.2307,72.8567,0,Stable Microclimate Risk,57.1,6,18.06234397006801
2023-06-24,28.7,85.0,20.7,Borivali,19.2307,72.8567,0,Stable Microclimate Risk,77.69999999999999,6,9.916584357117515
2023-06-25,27.0,87.0,32.9,Borivali,19.2307,72.8567,0,Stable Microclimate Risk,109.8,6,13.779597631628993
2023-06-26,26.2,90.0,23.2,Borivali,19.2307,72.8567,0,Stable Microclimate Risk,132.6,6,14.803463561861845
2023-06-27,26.5,90.0,23.2,Borivali,19.2307,72.8567,0,Stable Microclimate Risk,155.7,6,14.327516077991337
2023-06-28,27.3,89.0,45.7,Borivali,19.2307,72.8567,0,Stable Microclimate Risk,201.4,6,16.669299832842672
2023-06-29,26.3,90.0,50.0,Borivali,19.2307,72.8567,0,Stable Microclimate Risk,250.6,6,22.156833909155917
2023-06-30,26.3,90.0,55.8,Borivali,19.2307,72.8567,0,Stable Microclimate Risk,302.4,6,20.408833638364143
2023-07-01,27.7,89.0,40.5,Borivali,19.2307,72.8567,0,Stable Microclimate Risk,339.3,7,8.438904032842968
2023-07-02,27.9,88.0,34.7,Borivali,19.2307,72.8567,0,Stable Microclimate Risk,370.2,7,18.110349951530242
2023-07-03,28.4,87.0,8.6,Borivali,19.2307,72.8567,0,Stable Microclimate Risk,373.5,7,21.64466659767705
2023-07-04,28.7,88.0,48.3,Borivali,19.2307,72.8567,0,Stable Microclimate Risk,416.2,7,16.934042603446013
2023-07-05,27.8,89.0,35.9,Borivali,19.2307,72.8567,0,Stable Microclimate Risk,449.3,7,20.454902125929834
2023-07-06,26.5,92.0,97.5,Borivali,19.2307,72.8567,0,Stable Microclimate Risk,544.0,7,25.061352228503825
2023-07-07,27.3,89.0,50.7,Borivali,19.2307,72.8567,0,Stable Microclimate Risk,590.1,7,20.118547730534907
2023-07-08,29.2,83.0,13.0,Borivali,19.2307,72.8567,0,Stable Microclimate Risk,596.5,7,16.246542978208645
2023-07-09,28.7,81.0,10.8,Borivali,19.2307,72.8567,0,Stable Microclimate Risk,602.7,7,20.225442370423767
2023-07-10,28.2,81.0,3.5,Borivali,19.2307,72.8567,0,Stable Microclimate Risk,603.8,7,15.724439165484457
2023-07-11,29.0,81.0,4.3,Borivali,19.2307,72.8567,0,Stable Microclimate Risk,607.0,7,15.119515216424777
2023-07-12,26.5,89.0,12.2,Borivali,19.2307,72.8567,0,Stable Microclimate Risk,616.3,7,13.242928821431338
2023-07-13,26.8,89.0,10.9,Borivali,19.2307,72.8567,0,Stable Microclimate Risk,625.3,7,22.81706679416054
2023-07-14,26.9,89.0,32.7,Borivali,19.2307,72.8567,0,Stable Microclimate Risk,655.1,7,10.907856670289993
2023-07-15,26.9,88.0,16.7,Borivali,19.2307,72.8567,0,Stable Microclimate Risk,651.0999999999999,7,22.66183862339058
2023-07-16,27.4,90.0,30.5,Borivali,19.2307,72.8567,0,Stable Microclimate Risk,648.6999999999999,7,17.49932061870186
2023-07-17,26.9,90.0,63.8,Borivali,19.2307,72.8567,0,Stable Microclimate Risk,689.3000000000001,7,8.003469125990293
2023-07-18,25.9,90.0,67.7,Borivali,19.2307,72.8567,0,Stable Microclimate Risk,733.8,7,16.83824646495711
2023-07-19,26.7,90.0,44.8,Borivali,19.2307,72.8567,0,Stable Microclimate Risk,732.9,7,5.0
2023-07-20,27.4,87.0,36.4,Borivali,19.2307,72.8567,0,Stable Microclimate Risk,719.3,7,18.12754008415518
2023-07-21,27.0,88.0,40.9,Borivali,19.2307,72.8567,0,Stable Microclimate Risk,704.4,7,19.426157414944953
2023-07-22,25.9,90.0,42.7,Borivali,19.2307,72.8567,0,Stable Microclimate Risk,706.6,7,12.038220221739731
2023-07-23,27.2,89.0,34.8,Borivali,19.2307,72.8567,0,Stable Microclimate Risk,706.6999999999999,7,15.61773847977791
2023-07-24,27.6,88.0,58.2,Borivali,19.2307,72.8567,0,Stable Microclimate Risk,756.3000000000001,7,24.770787168751433
2023-07-25,26.6,89.0,44.1,Borivali,19.2307,72.8567,0,Stable Microclimate Risk,752.1,7,12.471266478690318
2023-07-26,26.5,90.0,93.9,Borivali,19.2307,72.8567,0,Stable Microclimate Risk,810.1,7,9.705462064716997
2023-07-27,26.6,89.0,90.9,Borivali,19.2307,72.8567,0,Stable Microclimate Risk,803.5,7,22.408317012312992
2023-07-28,26.5,90.0,49.8,Borivali,19.2307,72.8567,0,Stable Microclimate Risk,802.6,7,24.812935952653973
2023-07-29,28.3,83.0,12.3,Borivali,19.2307,72.8567,0,Stable Microclimate Risk,801.9,7,15.018478359239237
2023-07-30,28.3,82.0,9.3,Borivali,19.2307,72.8567,0,Stable Microclimate Risk,800.4,7,20.05731517704178
2023-07-31,28.0,84.0,9.9,Borivali,19.2307,72.8567,0,Stable Microclimate Risk,806.8000000000001,7,21.707379577654407
2023-08-01,28.4,83.0,6.1,Borivali,19.2307,72.8567,0,Stable Microclimate Risk,808.6,8,11.287578837308079
2023-08-02,28.1,83.0,15.1,Borivali,19.2307,72.8567,0,Stable Microclimate Risk,811.5,8,12.573470823160658
2023-08-03,28.3,83.0,6.3,Borivali,19.2307,72.8567,0,Stable Microclimate Risk,806.9000000000001,8,21.154372565773674
2023-08-04,27.9,84.0,2.5,Borivali,19.2307,72.8567,0,Stable Microclimate Risk,776.7,8,23.425071393542545
2023-08-05,28.8,82.0,3.8,Borivali,19.2307,72.8567,0,Stable Microclimate Risk,763.8000000000001,8,17.814404300871775
2023-08-06,28.3,82.0,2.8,Borivali,19.2307,72.8567,0,Stable Microclimate Risk,736.1,8,10.600928232489728
2023-08-07,28.5,82.0,2.2,Borivali,19.2307,72.8567,0,Stable Microclimate Risk,674.5,8,24.935305558497205
2023-08-08,28.5,82.0,2.3,Borivali,19.2307,72.8567,0,Stable Microclimate Risk,609.0999999999999,8,12.345145510940178
2023-08-09,28.5,82.0,3.0,Borivali,19.2307,72.8567,0,Stable Microclimate Risk,567.3,8,13.324311094142741
2023-08-10,27.9,84.0,7.3,Borivali,19.2307,72.8567,0,Stable Microclimate Risk,538.2,8,16.711689172448107
2023-08-11,28.5,81.0,3.7,Borivali,19.2307,72.8567,0,Stable Microclimate Risk,501.00000000000006,8,22.77080210357387
2023-08-12,26.7,85.0,5.4,Borivali,19.2307,72.8567,0,Stable Microclimate Risk,463.7,8,19.269879882761117
2023-08-13,28.7,81.0,5.0,Borivali,19.2307,72.8567,0,Stable Microclimate Risk,433.9,8,17.074327501809552
2023-08-14,28.9,79.0,2.6,Borivali,19.2307,72.8567,0,Stable Microclimate Risk,378.3,8,17.31644265059053
2023-08-15,27.7,82.0,3.5,Borivali,19.2307,72.8567,0,Stable Microclimate Risk,337.70000000000005,8,15.21757334321733
2023-08-16,28.5,83.0,4.5,Borivali,19.2307,72.8567,0,Stable Microclimate Risk,248.3,8,17.79069757259253
2023-08-17,28.8,82.0,3.5,Borivali,19.2307,72.8567,0,Stable Microclimate Risk,160.9,8,5.0
2023-08-18,28.4,80.0,2.0,Borivali,19.2307,72.8567,0,Stable Microclimate Risk,113.1,8,13.516962704651007
2023-08-19,28.2,83.0,4.1,Borivali,19.2307,72.8567,0,Stable Microclimate Risk,104.9,8,16.206609674583905
2023-08-20,27.4,87.0,10.5,Borivali,19.2307,72.8567,0,Stable Microclimate Risk,106.1,8,9.244929581902465
2023-08-21,28.2,85.0,3.8,Borivali,19.2307,72.8567,0,Stable Microclimate Risk,100.0,8,16.9316165890578
2023-08-22,28.2,85.0,6.1,Borivali,19.2307,72.8567,0,Stable Microclimate Risk,100.0,8,13.977643895069392
2023-08-23,28.9,81.0,3.8,Borivali,19.2307,72.8567,0,Stable Microclimate Risk,88.7,8,23.77737849157745
2023-08-24,28.3,84.0,6.5,Borivali,19.2307,72.8567,0,Stable Microclimate Risk,88.9,8,22.865098626074282
2023-08-25,28.0,85.0,6.2,Borivali,19.2307,72.8567,0,Stable Microclimate Risk,92.6,8,12.670972154409185
2023-08-26,27.4,87.0,14.3,Borivali,19.2307,72.8567,0,Stable Microclimate Risk,103.10000000000001,8,14.245811442166524
2023-08-27,27.3,88.0,15.1,Borivali,19.2307,72.8567,0,Stable Microclimate Risk,115.4,8,14.630262171958037
2023-08-28,27.0,87.0,4.1,Borivali,19.2307,72.8567,0,Stable Microclimate Risk,117.30000000000001,8,12.741702619201886
2023-08-29,28.1,85.0,3.6,Borivali,19.2307,72.8567,0,Stable Microclimate Risk,118.60000000000001,8,15.975124920140633
2023-08-30,28.8,85.0,0.7,Borivali,19.2307,72.8567,0,Stable Microclimate Risk,116.30000000000001,8,11.208589655562049
2023-08-31,29.5,84.0,0.7,Borivali,19.2307,72.8567,0,Stable Microclimate Risk,109.69999999999999,8,9.346923325312368
2023-09-01,30.0,85.0,1.2,Borivali,19.2307,72.8567,0,Stable Microclimate Risk,107.2,9,18.113556119501343
2023-09-02,28.2,88.0,2.6,Borivali,19.2307,72.8567,0,Stable Microclimate Risk,104.4,9,18.147647921109055
2023-09-03,28.6,85.0,10.0,Borivali,19.2307,72.8567,0,Stable Microclimate Risk,109.4,9,10.978421201700037
2023-09-04,29.0,83.0,2.2,Borivali,19.2307,72.8567,0,Stable Microclimate Risk,109.00000000000001,9,19.476777153812996
2023-09-05,28.6,82.0,2.4,Borivali,19.2307,72.8567,0,Stable Microclimate Risk,107.9,9,11.842111354173344
2023-09-06,29.4,80.0,1.0,Borivali,19.2307,72.8567,0,Stable Microclimate Risk,104.4,9,16.265826190189905
2023-09-07,27.8,83.0,10.2,Borivali,19.2307,72.8567,0,Stable Microclimate Risk,111.10000000000001,9,19.10172006306228
2023-09-08,27.6,88.0,50.6,Borivali,19.2307,72.8567,0,Stable Microclimate Risk,159.7,9,14.831937176481436
2023-09-09,28.5,87.0,15.9,Borivali,19.2307,72.8567,0,Stable Microclimate Risk,171.5,9,17.27370456070567
2023-09-10,28.5,87.0,5.5,Borivali,19.2307,72.8567,0,Stable Microclimate Risk,166.5,9,12.417851780562142
2023-09-11,28.3,87.0,4.7,Borivali,19.2307,72.8567,0,Stable Microclimate Risk,167.39999999999998,9,14.017667082859514
2023-09-12,28.6,84.0,4.7,Borivali,19.2307,72.8567,0,Stable Microclimate Risk,166.0,9,13.970702845598298
2023-09-13,27.9,86.0,3.6,Borivali,19.2307,72.8567,0,Stable Microclimate Risk,165.8,9,11.267108267298806
2023-09-14,28.3,85.0,2.2,Borivali,19.2307,72.8567,0,Stable Microclimate Risk,161.5,9,14.116129184421089
2023-09-15,28.8,81.0,2.1,Borivali,19.2307,72.8567,0,Stable Microclimate Risk,157.4,9,7.256908505681267
2023-09-16,28.0,83.0,7.3,Borivali,19.2307,72.8567,0,Stable Microclimate Risk,150.4,9,12.544231264289476
2023-09-17,28.7,81.0,8.2,Borivali,19.2307,72.8567,0,Stable Microclimate Risk,143.5,9,13.575622533151646
2023-09-18,26.7,89.0,30.9,Borivali,19.2307,72.8567,0,Stable Microclimate Risk,170.29999999999998,9,13.7191012375231
2023-09-19,27.9,87.0,12.3,Borivali,19.2307,72.8567,0,Stable Microclimate Risk,179.0,9,13.792512770646105
2023-09-20,27.6,88.0,11.1,Borivali,19.2307,72.8567,0,Stable Microclimate Risk,189.4,9,14.691179000699355
2023-09-21,27.6,89.0,20.7,Borivali,19.2307,72.8567,0,Stable Microclimate Risk,209.39999999999998,9,17.39720759043032
2023-09-22,27.6,90.0,14.9,Borivali,19.2307,72.8567,0,Stable Microclimate Risk,223.1,9,19.372585370662613
2023-09-23,28.0,90.0,35.3,Borivali,19.2307,72.8567,0,Stable Microclimate Risk,255.8,9,11.751173865758664
2023-09-24,27.6,89.0,15.3,Borivali,19.2307,72.8567,0,Stable Microclimate Risk,261.1,9,8.983995723054278
2023-09-25,27.9,88.0,17.7,Borivali,19.2307,72.8567,0,Stable Microclimate Risk,276.6,9,9.789777938784486
2023-09-26,28.5,88.0,4.4,Borivali,19.2307,72.8567,0,Stable Microclimate Risk,278.59999999999997,9,12.563985394025364
2023-09-27,28.6,90.0,21.0,Borivali,19.2307,72.8567,0,Stable Microclimate Risk,298.59999999999997,9,13.240393410917454
2023-09-28,29.5,90.0,22.6,Borivali,19.2307,72.8567,0,Stable Microclimate Risk,311.0,9,11.150019669012714
2023-09-29,30.0,90.0,25.9,Borivali,19.2307,72.8567,0,Stable Microclimate Risk,286.29999999999995,9,8.519416678750527
2023-09-30,32.0,87.0,13.2,Borivali,19.2307,72.8567,0,Stable Microclimate Risk,283.59999999999997,9,12.719395862629058
2023-10-01,30.4,88.0,0.8,Borivali,19.2307,72.8567,0,Stable Microclimate Risk,278.9,10,41.973799767236535
2023-10-02,28.6,86.0,3.2,Borivali,19.2307,72.8567,0,Stable Microclimate Risk,277.4,10,54.24181399584448
2023-10-03,29.1,82.0,0.1,Borivali,19.2307,72.8567,0,Stable Microclimate Risk,272.8,10,45.646218067791715
2023-10-04,29.4,84.0,2.9,Borivali,19.2307,72.8567,0,Stable Microclimate Risk,272.09999999999997,10,44.66834422261617
2023-10-05,30.0,85.0,0.1,Borivali,19.2307,72.8567,0,Stable Microclimate Risk,270.0,10,38.69984178909677
2023-10-06,29.4,84.0,0.7,Borivali,19.2307,72.8567,0,Stable Microclimate Risk,268.59999999999997,10,46.57613748145946
2023-10-07,29.9,85.0,0.2,Borivali,19.2307,72.8567,0,Stable Microclimate Risk,261.49999999999994,10,39.65785682904593
2023-10-08,31.0,83.0,0.3,Borivali,19.2307,72.8567,0,Stable Microclimate Risk,253.59999999999997,10,40.53230573287267
2023-10-09,31.799999999999997,79.0,0.0,Borivali,19.2307,72.8567,0,Stable Microclimate Risk,222.7,10,24.204000873662793
2023-10-10,31.4,75.0,0.0,Borivali,19.2307,72.8567,0,Stable Microclimate Risk,210.39999999999998,10,33.601851637737695
2023-10-11,30.7,80.0,0.0,Borivali,19.2307,72.8567,0,Stable Microclimate Risk,199.29999999999998,10,40.872203362625385
2023-10-12,31.0,83.0,0.0,Borivali,19.2307,72.8567,0,Stable Microclimate Risk,178.59999999999997,10,38.58583924827919
2023-10-13,32.6,83.0,0.0,Borivali,19.2307,72.8567,0,Stable Microclimate Risk,163.7,10,42.065168319902476
2023-10-14,32.1,84.0,0.0,Borivali,19.2307,72.8567,0,Stable Microclimate Risk,128.39999999999998,10,33.18233345617286
2023-10-15,32.9,84.0,0.7,Borivali,19.2307,72.8567,0,Stable Microclimate Risk,113.8,10,21.879727015789953
2023-10-16,32.5,70.0,0.0,Borivali,19.2307,72.8567,0,Stable Microclimate Risk,96.1,10,28.689345431221298
2023-10-17,31.700000000000003,74.0,1.0,Borivali,19.2307,72.8567,0,Stable Microclimate Risk,92.7,10,24.81876833266773
2023-10-18,33.3,72.0,0.0,Borivali,19.2307,72.8567,0,Stable Microclimate Risk,71.7,10,24.230334586849544
2023-10-19,33.3,62.0,0.0,Borivali,19.2307,72.8567,0,Stable Microclimate Risk,49.099999999999994,10,20.468053048329555
2023-10-20,33.8,66.0,0.0,Borivali,19.2307,72.8567,0,Stable Microclimate Risk,23.2,10,26.37695137780082
2023-10-21,34.4,66.0,0.1,Borivali,19.2307,72.8567,0,Stable Microclimate Risk,10.1,10,15.652298627022335
2023-10-22,33.2,70.0,0.0,Borivali,19.2307,72.8567,0,Stable Microclimate Risk,9.299999999999999,10,24.616170421023753
2023-10-23,34.3,66.0,0.0,Borivali,19.2307,72.8567,0,Stable Microclimate Risk,6.1,10,15.788877459644667
2023-10-24,33.9,60.0,0.0,Borivali,19.2307,72.8567,0,Stable Microclimate Risk,6.0,10,29.9275900926
2023-10-25,33.4,59.0,0.0,Borivali,19.2307,72.8567,0,Stable Microclimate Risk,3.1,10,22.460452836077117
2023-10-26,33.6,57.0,0.0,Borivali,19.2307,72.8567,0,Stable Microclimate Risk,3.0,10,32.09611855072934
2023-10-27,33.8,54.0,0.0,Borivali,19.2307,72.8567,0,Stable Microclimate Risk,2.3000000000000003,10,25.870758810591347
2023-10-28,33.7,55.0,0.0,Borivali,19.2307,72.8567,0,Stable Microclimate Risk,2.1,10,24.77700030334358
2023-10-29,34.2,53.0,0.0,Borivali,19.2307,72.8567,0,Stable Microclimate Risk,1.8,10,21.376999069920917
2023-10-30,34.3,58.0,0.0,Borivali,19.2307,72.8567,0,Stable Microclimate Risk,1.7999999999999998,10,20.93565315774794
2023-10-31,34.1,58.0,0.0,Borivali,19.2307,72.8567,0,Stable Microclimate Risk,1.7999999999999998,10,10.461637103271944
2023-11-01,33.5,57.0,0.0,Borivali,19.2307,72.8567,0,Stable Microclimate Risk,1.7999999999999998,11,22.10558302924622
2023-11-02,33.5,57.0,0.0,Borivali,19.2307,72.8567,0,Stable Microclimate Risk,1.7999999999999998,11,27.725789855921608
2023-11-03,34.0,56.0,0.0,Borivali,19.2307,72.8567,0,Stable Microclimate Risk,1.7999999999999998,11,20.42218074929614
2023-11-04,34.8,53.0,0.0,Borivali,19.2307,72.8567,0,Stable Microclimate Risk,1.7999999999999998,11,9.107384099315475
2023-11-05,34.6,58.0,0.0,Borivali,19.2307,72.8567,0,Stable Microclimate Risk,1.1,11,17.00464441377931
2023-11-06,34.8,55.0,0.0,Borivali,19.2307,72.8567,0,Stable Microclimate Risk,1.1,11,24.653860914610807
2023-11-07,33.7,55.0,0.0,Borivali,19.2307,72.8567,0,Stable Microclimate Risk,0.10000000000000012,11,28.601125244340246
2023-11-08,32.2,68.0,0.0,Borivali,19.2307,72.8567,0,Stable Microclimate Risk,0.10000000000000012,11,30.556646619836496
2023-11-09,33.0,75.0,0.0,Borivali,19.2307,72.8567,0,Stable Microclimate Risk,0.10000000000000012,11,31.09057971862377
2023-11-10,32.5,72.0,1.1,Borivali,19.2307,72.8567,0,Stable Microclimate Risk,1.2000000000000002,11,27.334131564826404
2023-11-11,34.5,63.0,0.0,Borivali,19.2307,72.8567,0,Stable Microclimate Risk,1.1,11,9.313975399199737
2023-11-12,34.7,51.0,0.0,Borivali,19.2307,72.8567,0,Stable Microclimate Risk,1.1,11,12.077670059352213
2023-11-13,33.9,55.0,0.0,Borivali,19.2307,72.8567,0,Stable Microclimate Risk,1.1,11,29.04777717587433
2023-11-14,33.3,62.0,0.0,Borivali,19.2307,72.8567,0,Stable Microclimate Risk,1.1,11,23.263367924186827
2023-11-15,33.4,63.0,0.0,Borivali,19.2307,72.8567,0,Stable Microclimate Risk,1.1,11,22.849746769791583
2023-11-16,33.5,60.0,0.0,Borivali,19.2307,72.8567,0,Stable Microclimate Risk,1.1,11,22.000809018625596
2023-11-17,33.2,59.0,0.0,Borivali,19.2307,72.8567,0,Stable Microclimate Risk,1.1,11,34.72068294786502
2023-11-18,33.2,61.0,0.0,Borivali,19.2307,72.8567,0,Stable Microclimate Risk,1.1,11,33.3297945768103
2023-11-19,31.799999999999997,62.0,0.0,Borivali,19.2307,72.8567,0,Stable Microclimate Risk,1.1,11,44.22723450057401
2023-11-20,33.7,60.0,0.0,Borivali,19.2307,72.8567,0,Stable Microclimate Risk,1.1,11,21.571440614666393
2023-11-21,33.7,58.0,0.0,Borivali,19.2307,72.8567,0,Stable Microclimate Risk,1.1,11,23.844789110402125
2023-11-22,33.1,49.0,0.0,Borivali,19.2307,72.8567,0,Stable Microclimate Risk,1.1,11,18.1834539195627
2023-11-23,32.7,53.0,0.0,Borivali,19.2307,72.8567,0,Stable Microclimate Risk,1.1,11,35.418005463924686
2023-11-24,33.9,59.0,0.0,Borivali,19.2307,72.8567,0,Stable Microclimate Risk,1.1,11,15.394435576993667
2023-11-25,33.0,66.0,0.0,Borivali,19.2307,72.8567,0,Stable Microclimate Risk,1.1,11,27.417211152146482
2023-11-26,30.6,77.0,2.4,Borivali,19.2307,72.8567,0,Stable Microclimate Risk,3.5,11,34.4468206951691
2023-11-27,29.8,76.0,0.9,Borivali,19.2307,72.8567,0,Stable Microclimate Risk,4.4,11,41.52233253297318
2023-11-28,29.5,72.0,0.0,Borivali,19.2307,72.8567,0,Stable Microclimate Risk,4.4,11,41.98035451141817
2023-11-29,28.3,71.0,0.0,Borivali,19.2307,72.8567,0,Stable Microclimate Risk,4.4,11,49.927290363287575
2023-11-30,29.2,78.0,0.0,Borivali,19.2307,72.8567,0,Stable Microclimate Risk,4.4,11,45.17105315092177
2023-12-01,29.1,79.0,0.3,Borivali,19.2307,72.8567,0,Stable Microclimate Risk,3.6,12,45.691989358707936
2023-12-02,31.1,76.0,0.0,Borivali,19.2307,72.8567,0,Stable Microclimate Risk,3.6,12,41.266669558901526
2023-12-03,32.8,67.0,0.0,Borivali,19.2307,72.8567,0,Stable Microclimate Risk,3.6,12,21.942352701354082
2023-12-04,32.7,69.0,0.3,Borivali,19.2307,72.8567,0,Stable Microclimate Risk,3.9,12,29.13604046840265
2023-12-05,32.3,64.0,0.0,Borivali,19.2307,72.8567,0,Stable Microclimate Risk,3.9,12,36.38979576152781
2023-12-06,31.0,65.0,0.0,Borivali,19.2307,72.8567,0,Stable Microclimate Risk,3.9,12,35.10068484409969
2023-12-07,30.8,66.0,0.0,Borivali,19.2307,72.8567,0,Stable Microclimate Risk,3.9,12,35.21040554626199
2023-12-08,31.3,65.0,0.0,Borivali,19.2307,72.8567,0,Stable Microclimate Risk,3.9,12,34.81404354076541
2023-12-09,31.799999999999997,62.0,0.0,Borivali,19.2307,72.8567,0,Stable Microclimate Risk,3.9,12,39.0319593751369
2023-12-10,32.3,61.0,0.0,Borivali,19.2307,72.8567,0,Stable Microclimate Risk,3.9,12,31.270538154766804
2023-12-11,31.700000000000003,57.0,0.0,Borivali,19.2307,72.8567,0,Stable Microclimate Risk,3.9,12,31.043928526961995
2023-12-12,30.7,57.0,0.0,Borivali,19.2307,72.8567,0,Stable Microclimate Risk,3.9,12,41.78604992260687
2023-12-13,30.4,61.0,0.0,Borivali,19.2307,72.8567,0,Stable Microclimate Risk,3.9,12,35.55520591748456
2023-12-14,32.0,58.0,0.0,Borivali,19.2307,72.8567,0,Stable Microclimate Risk,3.9,12,35.40679755221474
2023-12-15,31.4,52.0,0.0,Borivali,19.2307,72.8567,0,Stable Microclimate Risk,3.9,12,37.44303653850884
2023-12-16,31.2,55.0,0.0,Borivali,19.2307,72.8567,0,Stable Microclimate Risk,3.9,12,34.99429097763892
2023-12-17,31.6,55.0,0.0,Borivali,19.2307,72.8567,0,Stable Microclimate Risk,1.5,12,30.073737674430504
2023-12-18,32.4,50.0,0.0,Borivali,19.2307,72.8567,0,Stable Microclimate Risk,0.6,12,25.299928721916054
2023-12-19,32.1,51.0,0.0,Borivali,19.2307,72.8567,0,Stable Microclimate Risk,0.6,12,34.10742001506288
2023-12-20,32.1,47.0,0.0,Borivali,19.2307,72.8567,0,Stable Microclimate Risk,0.6,12,37.578235845778636
2023-12-21,32.5,52.0,0.0,Borivali,19.2307,72.8567,0,Stable Microclimate Risk,0.6,12,25.98012793152269
2023-12-22,31.0,62.0,0.0,Borivali,19.2307,72.8567,0,Stable Microclimate Risk,0.3,12,39.95860018442409
2023-12-23,32.6,60.0,0.0,Borivali,19.2307,72.8567,0,Stable Microclimate Risk,0.3,12,18.16486490698965
2023-12-24,32.3,54.0,0.0,Borivali,19.2307,72.8567,0,Stable Microclimate Risk,0.3,12,27.376911346714017
2023-12-25,32.3,53.0,0.0,Borivali,19.2307,72.8567,0,Stable Microclimate Risk,0.0,12,30.144705335645504
2023-12-26,32.6,54.0,0.0,Borivali,19.2307,72.8567,0,Stable Microclimate Risk,0.0,12,24.051582915090826
2023-12-27,33.3,54.0,0.0,Borivali,19.2307,72.8567,0,Stable Microclimate Risk,0.0,12,19.950801459385367
2023-12-28,31.799999999999997,60.0,0.0,Borivali,19.2307,72.8567,0,Stable Microclimate Risk,0.0,12,29.794435550988915
2023-12-29,32.6,63.0,0.0,Borivali,19.2307,72.8567,0,Stable Microclimate Risk,0.0,12,30.06096364163186
2023-12-30,31.5,68.0,0.0,Borivali,19.2307,72.8567,0,Stable Microclimate Risk,0.0,12,33.896688241301455
2023-12-31,31.4,63.0,0.0,Borivali,19.2307,72.8567,0,Stable Microclimate Risk,0.0,12,24.208843833375145
2024-01-01,31.1,65.0,0.0,Borivali,19.2307,72.8567,0,Stable Microclimate Risk,0.0,1,26.49649923682466
2024-01-02,30.5,66.0,0.0,Borivali,19.2307,72.8567,0,Stable Microclimate Risk,0.0,1,37.465674110714126
2024-01-03,29.6,64.0,0.0,Borivali,19.2307,72.8567,0,Stable Microclimate Risk,0.0,1,47.888432930267754
2024-01-04,28.4,74.0,0.0,Borivali,19.2307,72.8567,0,Stable Microclimate Risk,0.0,1,38.66247578637383
2024-01-05,29.3,72.0,0.0,Borivali,19.2307,72.8567,0,Stable Microclimate Risk,0.0,1,44.80134911924184
2024-01-06,31.3,60.0,0.0,Borivali,19.2307,72.8567,0,Stable Microclimate Risk,0.0,1,33.33542738407956
2024-01-07,31.2,63.0,0.0,Borivali,19.2307,72.8567,0,Stable Microclimate Risk,0.0,1,43.47502222437558
2024-01-08,32.3,56.0,0.0,Borivali,19.2307,72.8567,0,Stable Microclimate Risk,0.0,1,28.374890941435698
2024-01-09,30.2,69.0,0.7,Borivali,19.2307,72.8567,0,Stable Microclimate Risk,0.7,1,44.11494492370465
2024-01-10,30.0,70.0,0.7,Borivali,19.2307,72.8567,0,Stable Microclimate Risk,1.4,1,44.03961903377064
2024-01-11,32.3,65.0,0.8,Borivali,19.2307,72.8567,0,Stable Microclimate Risk,2.2,1,19.64716760096401
2024-01-12,33.7,60.0,0.0,Borivali,19.2307,72.8567,0,Stable Microclimate Risk,2.2,1,26.207702749825337
2024-01-13,32.4,61.0,0.0,Borivali,19.2307,72.8567,0,Stable Microclimate Risk,2.2,1,30.810315860614782
2024-01-14,32.2,49.0,0.0,Borivali,19.2307,72.8567,0,Stable Microclimate Risk,2.2,1,33.4080098650396
2024-01-15,29.5,41.0,0.0,Borivali,19.2307,72.8567,0,Stable Microclimate Risk,2.2,1,65.79785519884831
2024-01-16,27.9,56.0,0.0,Borivali,19.2307,72.8567,0,Stable Microclimate Risk,2.2,1,44.8127686358404
2024-01-17,27.0,64.0,0.0,Borivali,19.2307,72.8567,0,Stable Microclimate Risk,2.2,1,68.95681658213888
2024-01-18,27.4,65.0,0.0,Borivali,19.2307,72.8567,0,Stable Microclimate Risk,2.2,1,56.6294290696649
2024-01-19,27.2,69.0,0.0,Borivali,19.2307,72.8567,0,Stable Microclimate Risk,2.2,1,60.636644522015054
2024-01-20,27.9,64.0,0.0,Borivali,19.2307,72.8567,0,Stable Microclimate Risk,2.2,1,55.00577210682713
2024-01-21,29.7,51.0,0.0,Borivali,19.2307,72.8567,0,Stable Microclimate Risk,2.2,1,42.91215166634312
2024-01-22,29.3,52.0,0.0,Borivali,19.2307,72.8567,0,Stable Microclimate Risk,2.2,1,44.4508353588062
2024-01-23,29.2,38.0,0.0,Borivali,19.2307,72.8567,0,Stable Microclimate Risk,2.2,1,49.51421034453171
2024-01-24,30.0,38.0,0.0,Borivali,19.2307,72.8567,0,Stable Microclimate Risk,2.2,1,35.74746484997493
2024-01-25,30.6,42.0,0.0,Borivali,19.2307,72.8567,0,Stable Microclimate Risk,2.2,1,43.68622917094215
2024-01-26,31.5,47.0,0.0,Borivali,19.2307,72.8567,0,Stable Microclimate Risk,2.2,1,32.752361308907055
2024-01-27,32.2,46.0,0.0,Borivali,19.2307,72.8567,0,Stable Microclimate Risk,2.2,1,25.216319971464863
2024-01-28,32.2,46.0,0.0,Borivali,19.2307,72.8567,0,Stable Microclimate Risk,2.2,1,28.616602376687585
2024-01-29,31.5,42.0,0.0,Borivali,19.2307,72.8567,0,Stable Microclimate Risk,2.2,1,41.11907941764619
2024-01-30,30.9,48.0,0.0,Borivali,19.2307,72.8567,0,Stable Microclimate Risk,1.5,1,35.556657898252226
2024-01-31,29.0,63.0,0.0,Borivali,19.2307,72.8567,0,Stable Microclimate Risk,0.8,1,50.7922680910481
2024-02-01,27.7,69.0,0.0,Borivali,19.2307,72.8567,0,Stable Microclimate Risk,0.0,2,52.711885288089306
2024-02-02,29.6,67.0,0.0,Borivali,19.2307,72.8567,0,Stable Microclimate Risk,0.0,2,49.38960924961809
2024-02-03,33.7,48.0,0.0,Borivali,19.2307,72.8567,0,Stable Microclimate Risk,0.0,2,25.79420536061767
2024-02-04,33.0,54.0,0.0,Borivali,19.2307,72.8567,0,Stable Microclimate Risk,0.0,2,35.57637749981539
2024-02-05,31.700000000000003,53.0,0.0,Borivali,19.2307,72.8567,0,Stable Microclimate Risk,0.0,2,32.822180272503914
2024-02-06,31.5,56.0,0.0,Borivali,19.2307,72.8567,0,Stable Microclimate Risk,0.0,2,38.17660735712286
2024-02-07,31.9,57.0,0.0,Borivali,19.2307,72.8567,0,Stable Microclimate Risk,0.0,2,33.0570043643614
2024-02-08,31.700000000000003,52.0,0.0,Borivali,19.2307,72.8567,0,Stable Microclimate Risk,0.0,2,40.17935890931506
2024-02-09,30.5,51.0,0.0,Borivali,19.2307,72.8567,0,Stable Microclimate Risk,0.0,2,36.905838061956345
2024-02-10,30.4,40.0,0.0,Borivali,19.2307,72.8567,0,Stable Microclimate Risk,0.0,2,44.79169323105308
2024-02-11,30.5,44.0,0.0,Borivali,19.2307,72.8567,0,Stable Microclimate Risk,0.0,2,39.52651351941659
2024-02-12,31.0,52.0,0.0,Borivali,19.2307,72.8567,0,Stable Microclimate Risk,0.0,2,37.34572578112418
2024-02-13,31.3,41.0,0.0,Borivali,19.2307,72.8567,0,Stable Microclimate Risk,0.0,2,36.42542908890852
2024-02-14,32.5,38.0,0.0,Borivali,19.2307,72.8567,0,Stable Microclimate Risk,0.0,2,30.42786864880005
2024-02-15,32.2,43.0,0.0,Borivali,19.2307,72.8567,0,Stable Microclimate Risk,0.0,2,30.285521451056862
2024-02-16,34.0,55.0,0.0,Borivali,19.2307,72.8567,0,Stable Microclimate Risk,0.0,2,21.7402325825193
2024-02-17,33.0,57.0,0.0,Borivali,19.2307,72.8567,0,Stable Microclimate Risk,0.0,2,34.22392362114426
2024-02-18,34.3,54.0,0.0,Borivali,19.2307,72.8567,0,Stable Microclimate Risk,0.0,2,23.893915094742773
2024-02-19,31.799999999999997,49.0,0.0,Borivali,19.2307,72.8567,0,Stable Microclimate Risk,0.0,2,37.47910629581783
2024-02-20,31.0,61.0,0.0,Borivali,19.2307,72.8567,0,Stable Microclimate Risk,0.0,2,35.388969036547316
2024-02-21,28.3,75.0,0.1,Borivali,19.2307,72.8567,0,Stable Microclimate Risk,0.1,2,48.52046252552504
2024-02-22,28.1,77.0,0.2,Borivali,19.2307,72.8567,0,Stable Microclimate Risk,0.30000000000000004,2,58.876502791188756
2024-02-23,29.6,62.0,0.0,Borivali,19.2307,72.8567,0,Stable Microclimate Risk,0.30000000000000004,2,49.98023396264897
2024-02-24,31.3,34.0,0.0,Borivali,19.2307,72.8567,0,Stable Microclimate Risk,0.30000000000000004,2,43.33002004542157
2024-02-25,33.8,30.0,0.0,Borivali,19.2307,72.8567,0,Stable Microclimate Risk,0.30000000000000004,2,18.78009687015387
2024-02-26,34.3,46.0,0.0,Borivali,19.2307,72.8567,0,Stable Microclimate Risk,0.30000000000000004,2,17.81892338986495
2024-02-27,33.5,50.0,0.0,Borivali,19.2307,72.8567,0,Stable Microclimate Risk,0.30000000000000004,2,15.30257918737283
2024-02-28,34.7,40.0,0.0,Borivali,19.2307,72.8567,0,Stable Microclimate Risk,0.30000000000000004,2,14.73764446969562
2024-02-29,33.9,52.0,0.0,Borivali,19.2307,72.8567,0,Stable Microclimate Risk,0.30000000000000004,2,26.216185886230576
2024-03-01,33.3,59.0,0.0,Borivali,19.2307,72.8567,0,Stable Microclimate Risk,0.30000000000000004,3,12.667523103859011
2024-03-02,29.6,76.0,0.0,Borivali,19.2307,72.8567,0,Stable Microclimate Risk,0.30000000000000004,3,18.20239897600412
2024-03-03,27.5,72.0,0.2,Borivali,19.2307,72.8567,0,Stable Microclimate Risk,0.5,3,14.047484470010943
2024-03-04,27.9,61.0,0.0,Borivali,19.2307,72.8567,0,Stable Microclimate Risk,0.5,3,16.620285141107804
2024-03-05,30.0,45.0,0.0,Borivali,19.2307,72.8567,0,Stable Microclimate Risk,0.5,3,9.261543050921663
2024-03-06,30.5,34.0,0.0,Borivali,19.2307,72.8567,0,Stable Microclimate Risk,0.5,3,15.426047248169505
2024-03-07,32.2,38.0,0.0,Borivali,19.2307,72.8567,0,Stable Microclimate Risk,0.5,3,5.0
2024-03-08,34.5,30.0,0.0,Borivali,19.2307,72.8567,0,Stable Microclimate Risk,0.5,3,14.065519209190075
2024-03-09,34.5,30.0,0.0,Borivali,19.2307,72.8567,0,Stable Microclimate Risk,0.5,3,6.8476337814243
2024-03-10,32.3,35.0,0.0,Borivali,19.2307,72.8567,0,Stable Microclimate Risk,0.5,3,21.029972582734082
2024-03-11,34.0,46.0,0.0,Borivali,19.2307,72.8567,0,Stable Microclimate Risk,0.5,3,18.887036763822557
2024-03-12,34.3,44.0,0.0,Borivali,19.2307,72.8567,0,Stable Microclimate Risk,0.5,3,17.333354909830405
2024-03-13,31.0,63.0,0.0,Borivali,19.2307,72.8567,0,Stable Microclimate Risk,0.4,3,22.6050311357969
2024-03-14,30.5,70.0,0.0,Borivali,19.2307,72.8567,0,Stable Microclimate Risk,0.2,3,10.255417395875813
2024-03-15,29.5,73.0,0.0,Borivali,19.2307,72.8567,0,Stable Microclimate Risk,0.2,3,23.736815989577792
2024-03-16,29.9,74.0,0.0,Borivali,19.2307,72.8567,0,Stable Microclimate Risk,0.2,3,19.660957821301924
2024-03-17,31.1,74.0,0.0,Borivali,19.2307,72.8567,0,Stable Microclimate Risk,0.2,3,13.81722356390527
2024-03-18,31.0,78.0,0.0,Borivali,19.2307,72.8567,0,Stable Microclimate Risk,0.2,3,20.67810073591472
2024-03-19,32.5,67.0,0.0,Borivali,19.2307,72.8567,0,Stable Microclimate Risk,0.2,3,9.468532437941828
2024-03-20,37.5,30.0,0.0,Borivali,19.2307,72.8567,0,Stable Microclimate Risk,0.2,3,10.877429192361632
2024-03-21,37.3,30.0,0.0,Borivali,19.2307,72.8567,0,Stable Microclimate Risk,0.2,3,11.957051383801499
2024-03-22,33.3,67.0,0.0,Borivali,19.2307,72.8567,0,Stable Microclimate Risk,0.2,3,12.355111459679923
2024-03-23,32.7,67.0,0.0,Borivali,19.2307,72.8567,0,Stable Microclimate Risk,0.2,3,9.717211786198735
2024-03-24,31.3,74.0,0.0,Borivali,19.2307,72.8567,0,Stable Microclimate Risk,0.0,3,21.115415335476627
2024-03-25,32.0,72.0,0.0,Borivali,19.2307,72.8567,0,Stable Microclimate Risk,0.0,3,13.705727998150842
2024-03-26,33.7,70.0,0.0,Borivali,19.2307,72.8567,0,Stable Microclimate Risk,0.0,3,16.762524841784398
2024-03-27,32.6,78.0,0.0,Borivali,19.2307,72.8567,0,Stable Microclimate Risk,0.0,3,12.148243167931597
2024-03-28,32.5,77.0,0.0,Borivali,19.2307,72.8567,0,Stable Microclimate Risk,0.0,3,5.896983497257414
2024-03-29,34.2,68.0,0.0,Borivali,19.2307,72.8567,0,Stable Microclimate Risk,0.0,3,16.35028679195711
2024-03-30,33.7,65.0,0.0,Borivali,19.2307,72.8567,0,Stable Microclimate Risk,0.0,3,5.438725122901115
2024-03-31,33.5,54.0,0.0,Borivali,19.2307,72.8567,0,Stable Microclimate Risk,0.0,3,14.656829769572656
2024-04-01,33.3,67.0,0.0,Borivali,19.2307,72.8567,0,Stable Microclimate Risk,0.0,4,8.158424805835947
2024-04-02,32.7,71.0,0.0,Borivali,19.2307,72.8567,0,Stable Microclimate Risk,0.0,4,24.936379996154038
2024-04-03,32.9,69.0,0.0,Borivali,19.2307,72.8567,0,Stable Microclimate Risk,0.0,4,19.556813610873608
2024-04-04,32.4,70.0,0.0,Borivali,19.2307,72.8567,0,Stable Microclimate Risk,0.0,4,15.528768956357402
2024-04-05,34.9,61.0,0.0,Borivali,19.2307,72.8567,0,Stable Microclimate Risk,0.0,4,21.318533388273345
2024-04-06,36.3,43.0,0.0,Borivali,19.2307,72.8567,0,Stable Microclimate Risk,0.0,4,10.768420112671322
2024-04-07,36.0,46.0,0.0,Borivali,19.2307,72.8567,0,Stable Microclimate Risk,0.0,4,17.717396893350465
2024-04-08,32.8,66.0,0.0,Borivali,19.2307,72.8567,0,Stable Microclimate Risk,0.0,4,15.999052168593568
2024-04-09,33.7,73.0,0.0,Borivali,19.2307,72.8567,0,Stable Microclimate Risk,0.0,4,16.32010040666835
2024-04-10,32.8,76.0,0.0,Borivali,19.2307,72.8567,0,Stable Microclimate Risk,0.0,4,21.361767500533837
2024-04-11,33.0,72.0,0.0,Borivali,19.2307,72.8567,0,Stable Microclimate Risk,0.0,4,18.66246051389901
2024-04-12,33.3,66.0,0.0,Borivali,19.2307,72.8567,0,Stable Microclimate Risk,0.0,4,16.443618314125118
2024-04-13,31.0,72.0,0.0,Borivali,19.2307,72.8567,0,Stable Microclimate Risk,0.0,4,6.725562818858519
2024-04-14,32.1,78.0,0.0,Borivali,19.2307,72.8567,0,Stable Microclimate Risk,0.0,4,10.199768523602682
2024-04-15,35.8,64.0,0.0,Borivali,19.2307,72.8567,0,Stable Microclimate Risk,0.0,4,14.386455332021379
2024-04-16,40.8,46.0,0.0,Borivali,19.2307,72.8567,0,Stable Microclimate Risk,0.0,4,15.466861871383257
2024-04-17,33.3,65.0,0.0,Borivali,19.2307,72.8567,0,Stable Microclimate Risk,0.0,4,9.34898137663038
2024-04-18,33.8,72.0,0.0,Borivali,19.2307,72.8567,0,Stable Microclimate Risk,0.0,4,27.058383377892106
2024-04-19,35.2,63.0,0.0,Borivali,19.2307,72.8567,0,Stable Microclimate Risk,0.0,4,22.581970276267864
2024-04-20,35.2,58.0,0.0,Borivali,19.2307,72.8567,0,Stable Microclimate Risk,0.0,4,18.010591601962417
2024-04-21,33.5,60.0,0.0,Borivali,19.2307,72.8567,0,Stable Microclimate Risk,0.0,4,15.360184306418724
2024-04-22,33.7,65.0,0.0,Borivali,19.2307,72.8567,0,Stable Microclimate Risk,0.0,4,13.938955150494241
2024-04-23,33.8,67.0,0.0,Borivali,19.2307,72.8567,0,Stable Microclimate Risk,0.0,4,10.240407699888822
2024-04-24,33.3,71.0,0.0,Borivali,19.2307,72.8567,0,Stable Microclimate Risk,0.0,4,15.387402592594313
2024-04-25,33.8,67.0,0.0,Borivali,19.2307,72.8567,0,Stable Microclimate Risk,0.0,4,16.288762700713754
2024-04-26,34.7,64.0,0.0,Borivali,19.2307,72.8567,0,Stable Microclimate Risk,0.0,4,8.791197122591878
2024-04-27,35.6,59.0,0.0,Borivali,19.2307,72.8567,0,Stable Microclimate Risk,0.0,4,16.670882086224488
2024-04-28,38.8,46.0,0.0,Borivali,19.2307,72.8567,0,Stable Microclimate Risk,0.0,4,14.223704755876255
2024-04-29,37.7,43.0,0.0,Borivali,19.2307,72.8567,0,Stable Microclimate Risk,0.0,4,5.4609622106130455
2024-04-30,37.1,52.0,0.0,Borivali,19.2307,72.8567,0,Stable Microclimate Risk,0.0,4,10.69807494610249
2024-05-01,34.0,63.0,0.0,Borivali,19.2307,72.8567,0,Stable Microclimate Risk,0.0,5,12.931972332891778
2024-05-02,32.9,68.0,0.0,Borivali,19.2307,72.8567,0,Stable Microclimate Risk,0.0,5,24.43843828670095
2024-05-03,32.7,76.0,0.0,Borivali,19.2307,72.8567,0,Stable Microclimate Risk,0.0,5,17.78276562266879
2024-05-04,32.7,79.0,0.0,Borivali,19.2307,72.8567,0,Stable Microclimate Risk,0.0,5,8.322592154500544
2024-05-05,34.2,73.0,0.0,Borivali,19.2307,72.8567,0,Stable Microclimate Risk,0.0,5,17.430181447088184
2024-05-06,32.7,77.0,0.0,Borivali,19.2307,72.8567,0,Stable Microclimate Risk,0.0,5,7.263480055308173
2024-05-07,32.8,76.0,0.0,Borivali,19.2307,72.8567,0,Stable Microclimate Risk,0.0,5,20.413455269435367
2024-05-08,32.5,73.0,0.0,Borivali,19.2307,72.8567,0,Stable Microclimate Risk,0.0,5,12.644376740910607
2024-05-09,32.3,76.0,0.0,Borivali,19.2307,72.8567,0,Stable Microclimate Risk,0.0,5,14.531819056304146
2024-05-10,32.7,75.0,0.0,Borivali,19.2307,72.8567,0,Stable Microclimate Risk,0.0,5,21.62898323771095
2024-05-11,33.0,77.0,0.0,Borivali,19.2307,72.8567,0,Stable Microclimate Risk,0.0,5,8.56418215707875
2024-05-12,33.3,74.0,0.0,Borivali,19.2307,72.8567,0,Stable Microclimate Risk,0.0,5,8.014409074435044
2024-05-13,34.3,72.0,1.8,Borivali,19.2307,72.8567,0,Stable Microclimate Risk,1.8,5,12.082003368269977
2024-05-14,37.0,63.0,0.0,Borivali,19.2307,72.8567,0,Stable Microclimate Risk,1.8,5,20.191894255096585
2024-05-15,35.5,68.0,0.0,Borivali,19.2307,72.8567,0,Stable Microclimate Risk,1.8,5,7.403269622615788
2024-05-16,38.4,65.0,0.1,Borivali,19.2307,72.8567,0,Stable Microclimate Risk,1.9000000000000001,5,5.0
2024-05-17,35.7,66.0,0.0,Borivali,19.2307,72.8567,0,Stable Microclimate Risk,1.9000000000000001,5,12.744205707955006
2024-05-18,34.2,78.0,0.0,Borivali,19.2307,72.8567,0,Stable Microclimate Risk,1.9000000000000001,5,17.7587039995546
2024-05-19,33.6,76.0,5.6,Borivali,19.2307,72.8567,0,Stable Microclimate Risk,7.5,5,21.001308748694147
2024-05-20,34.6,73.0,0.0,Borivali,19.2307,72.8567,0,Stable Microclimate Risk,7.5,5,12.684193189573005
2024-05-21,34.8,74.0,0.1,Borivali,19.2307,72.8567,0,Stable Microclimate Risk,7.6,5,12.942866964419988
2024-05-22,34.0,76.0,0.3,Borivali,19.2307,72.8567,0,Stable Microclimate Risk,7.9,5,20.769503671278734
2024-05-23,33.7,77.0,0.0,Borivali,19.2307,72.8567,0,Stable Microclimate Risk,7.9,5,5.651291501522897
2024-05-24,34.2,75.0,0.2,Borivali,19.2307,72.8567,0,Stable Microclimate Risk,8.1,5,13.057396124084953
2024-05-25,33.2,72.0,0.7,Borivali,19.2307,72.8567,0,Stable Microclimate Risk,8.8,5,15.95211944962529
2024-05-26,32.9,68.0,0.5,Borivali,19.2307,72.8567,0,Stable Microclimate Risk,9.3,5,17.24609360642517
2024-05-27,33.0,71.0,0.5,Borivali,19.2307,72.8567,0,Stable Microclimate Risk,9.8,5,12.450966534045588
2024-05-28,33.2,69.0,0.6,Borivali,19.2307,72.8567,0,Stable Microclimate Risk,10.4,5,15.172205058529206
2024-05-29,33.5,63.0,0.4,Borivali,19.2307,72.8567,0,Stable Microclimate Risk,10.8,5,5.0
2024-05-30,34.0,64.0,0.2,Borivali,19.2307,72.8567,0,Stable Microclimate Risk,11.0,5,11.70875793833076
2024-05-31,33.8,78.0,0.6,Borivali,19.2307,72.8567,0,Stable Microclimate Risk,11.6,5,17.26754356277234
2024-06-01,33.5,73.0,0.8,Borivali,19.2307,72.8567,0,Stable Microclimate Risk,12.4,6,10.088529828726603
2024-06-02,34.0,68.0,0.3,Borivali,19.2307,72.8567,0,Stable Microclimate Risk,12.7,6,15.294921107947987
2024-06-03,33.7,69.0,0.7,Borivali,19.2307,72.8567,0,Stable Microclimate Risk,11.6,6,17.23436250401349
2024-06-04,33.0,76.0,4.8,Borivali,19.2307,72.8567,0,Stable Microclimate Risk,16.4,6,13.287253995711175
2024-06-05,33.3,77.0,6.7,Borivali,19.2307,72.8567,0,Stable Microclimate Risk,23.1,6,15.852318854982855
2024-06-06,33.6,77.0,1.2,Borivali,19.2307,72.8567,0,Stable Microclimate Risk,24.200000000000003,6,10.186337173576938
2024-06-07,33.0,73.0,1.1,Borivali,19.2307,72.8567,0,Stable Microclimate Risk,25.3,6,13.966943601519766
2024-06-08,33.8,73.0,6.3,Borivali,19.2307,72.8567,0,Stable Microclimate Risk,31.6,6,18.051080847946114
2024-06-09,31.1,80.0,23.0,Borivali,19.2307,72.8567,0,Stable Microclimate Risk,49.0,6,15.78486480484217
2024-06-10,29.3,86.0,33.2,Borivali,19.2307,72.8567,0,Stable Microclimate Risk,82.2,6,12.067343652180323
2024-06-11,29.7,86.0,10.8,Borivali,19.2307,72.8567,0,Stable Microclimate Risk,92.9,6,16.121082021453965
2024-06-12,29.5,85.0,14.3,Borivali,19.2307,72.8567,0,Stable Microclimate Risk,106.9,6,18.57304895318309
2024-06-13,29.5,85.0,13.6,Borivali,19.2307,72.8567,0,Stable Microclimate Risk,120.5,6,5.0
2024-06-14,28.7,85.0,8.6,Borivali,19.2307,72.8567,0,Stable Microclimate Risk,128.9,6,20.79537032477949
2024-06-15,29.3,82.0,2.2,Borivali,19.2307,72.8567,0,Stable Microclimate Risk,130.4,6,13.318726306594641
2024-06-16,30.5,80.0,1.4,Borivali,19.2307,72.8567,0,Stable Microclimate Risk,131.29999999999998,6,17.12744966620115
2024-06-17,31.0,82.0,7.4,Borivali,19.2307,72.8567,0,Stable Microclimate Risk,138.2,6,20.98623461822614
2024-06-18,29.3,86.0,30.3,Borivali,19.2307,72.8567,0,Stable Microclimate Risk,167.9,6,8.14163151384767
2024-06-19,28.7,84.0,23.3,Borivali,19.2307,72.8567,0,Stable Microclimate Risk,190.79999999999998,6,11.452794987862267
2024-06-20,28.0,87.0,48.6,Borivali,19.2307,72.8567,0,Stable Microclimate Risk,239.2,6,13.557256520621475
2024-06-21,30.6,85.0,22.9,Borivali,19.2307,72.8567,0,Stable Microclimate Risk,261.5,6,11.081232394377858
2024-06-22,29.7,84.0,5.3,Borivali,19.2307,72.8567,0,Stable Microclimate Risk,266.0,6,23.67468287918404
2024-06-23,29.3,85.0,4.2,Borivali,19.2307,72.8567,0,Stable Microclimate Risk,269.9,6,10.716139530866037
2024-06-24,29.1,85.0,11.3,Borivali,19.2307,72.8567,0,Stable Microclimate Risk,280.5,6,12.222266102565667
2024-06-25,30.1,84.0,6.8,Borivali,19.2307,72.8567,0,Stable Microclimate Risk,282.5,6,16.021945158014884
2024-06-26,30.0,86.0,23.0,Borivali,19.2307,72.8567,0,Stable Microclimate Risk,298.8,6,8.989252369619557
2024-06-27,28.3,89.0,98.7,Borivali,19.2307,72.8567,0,Stable Microclimate Risk,396.3,6,13.02159644121868
2024-06-28,27.7,88.0,45.3,Borivali,19.2307,72.8567,0,Stable Microclimate Risk,440.5,6,16.587266306250875
2024-06-29,29.5,86.0,21.3,Borivali,19.2307,72.8567,0,Stable Microclimate Risk,455.50000000000006,6,13.335697978087444
2024-06-30,28.9,86.0,21.3,Borivali,19.2307,72.8567,0,Stable Microclimate Risk,453.79999999999995,6,14.533065705500258
2024-07-01,30.1,81.0,16.3,Borivali,19.2307,72.8567,0,Stable Microclimate Risk,436.9,7,12.353339437758146
2024-07-02,29.9,81.0,8.1,Borivali,19.2307,72.8567,0,Stable Microclimate Risk,434.2,7,7.427648454096165
2024-07-03,29.5,83.0,8.9,Borivali,19.2307,72.8567,0,Stable Microclimate Risk,428.8,7,16.607966056696192
2024-07-04,28.5,84.0,8.7,Borivali,19.2307,72.8567,0,Stable Microclimate Risk,423.9,7,23.774665358236206
2024-07-05,28.6,86.0,12.2,Borivali,19.2307,72.8567,0,Stable Microclimate Risk,427.5,7,15.09200815391719
2024-07-06,29.0,84.0,17.6,Borivali,19.2307,72.8567,0,Stable Microclimate Risk,442.9,7,16.126320586237746
2024-07-07,28.7,87.0,11.8,Borivali,19.2307,72.8567,0,Stable Microclimate Risk,453.3,7,18.463613775584296
2024-07-08,28.0,88.0,20.7,Borivali,19.2307,72.8567,0,Stable Microclimate Risk,466.59999999999997,7,8.653347517266504
2024-07-09,26.5,91.0,80.2,Borivali,19.2307,72.8567,0,Stable Microclimate Risk,516.5,7,23.512573290648028
2024-07-10,28.3,87.0,36.0,Borivali,19.2307,72.8567,0,Stable Microclimate Risk,529.2,7,16.01164398211401
2024-07-11,28.3,89.0,39.1,Borivali,19.2307,72.8567,0,Stable Microclimate Risk,519.7,7,23.159284495445544
2024-07-12,26.4,91.0,83.3,Borivali,19.2307,72.8567,0,Stable Microclimate Risk,580.1,7,11.334835022380053
2024-07-13,26.0,91.0,76.7,Borivali,19.2307,72.8567,0,Stable Microclimate Risk,651.5000000000001,7,24.090309612789124
2024-07-14,26.0,92.0,50.5,Borivali,19.2307,72.8567,0,Stable Microclimate Risk,697.8000000000001,7,18.875777470173915
2024-07-15,27.5,88.0,10.2,Borivali,19.2307,72.8567,0,Stable Microclimate Risk,696.7,7,17.765200429261792
2024-07-16,28.5,89.0,17.6,Borivali,19.2307,72.8567,0,Stable Microclimate Risk,707.5,7,16.17012227176574
2024-07-17,27.1,89.0,45.3,Borivali,19.2307,72.8567,0,Stable Microclimate Risk,729.8,7,13.757356909627752
2024-07-18,27.6,90.0,57.6,Borivali,19.2307,72.8567,0,Stable Microclimate Risk,688.6999999999999,7,21.00265829236936
2024-07-19,26.8,90.0,48.3,Borivali,19.2307,72.8567,0,Stable Microclimate Risk,691.7,7,15.701799349240234
2024-07-20,27.2,89.0,87.0,Borivali,19.2307,72.8567,0,Stable Microclimate Risk,757.4000000000001,7,5.164651482064238
2024-07-21,26.6,89.0,48.9,Borivali,19.2307,72.8567,0,Stable Microclimate Risk,785.0,7,9.414067691464988
2024-07-22,26.4,89.0,54.7,Borivali,19.2307,72.8567,0,Stable Microclimate Risk,823.4,7,14.070771239036263
2024-07-23,26.0,89.0,42.1,Borivali,19.2307,72.8567,0,Stable Microclimate Risk,857.4,7,16.549994915827774
2024-07-24,26.5,89.0,54.4,Borivali,19.2307,72.8567,0,Stable Microclimate Risk,902.9,7,14.71705755550052
2024-07-25,26.9,88.0,74.2,Borivali,19.2307,72.8567,0,Stable Microclimate Risk,968.4,7,21.094853948968314
2024-07-26,28.0,86.0,22.9,Borivali,19.2307,72.8567,0,Stable Microclimate Risk,979.1,7,5.244490679806876
2024-07-27,28.3,82.0,8.2,Borivali,19.2307,72.8567,0,Stable Microclimate Risk,969.7,7,15.7179396825258
2024-07-28,28.7,86.0,19.0,Borivali,19.2307,72.8567,0,Stable Microclimate Risk,976.9000000000001,7,5.910103873064227
2024-07-29,27.2,88.0,34.2,Borivali,19.2307,72.8567,0,Stable Microclimate Risk,990.4,7,18.79856147742084
2024-07-30,27.6,88.0,17.4,Borivali,19.2307,72.8567,0,Stable Microclimate Risk,927.6,7,14.527706427789987
2024-07-31,28.1,87.0,22.1,Borivali,19.2307,72.8567,0,Stable Microclimate Risk,913.6999999999999,7,17.09804986012059
2024-08-01,28.9,85.0,15.8,Borivali,19.2307,72.8567,0,Stable Microclimate Risk,890.4,8,10.680585197051169
2024-08-02,27.8,85.0,28.2,Borivali,19.2307,72.8567,0,Stable Microclimate Risk,835.3,8,21.397324658288756
2024-08-03,27.0,86.0,24.5,Borivali,19.2307,72.8567,0,Stable Microclimate Risk,783.0999999999999,8,20.208623320294258
2024-08-04,26.5,87.0,39.4,Borivali,19.2307,72.8567,0,Stable Microclimate Risk,772.0,8,17.917721515059437
2024-08-05,28.4,83.0,5.8,Borivali,19.2307,72.8567,0,Stable Microclimate Risk,767.6,8,14.352413765682796
2024-08-06,28.1,83.0,5.2,Borivali,19.2307,72.8567,0,Stable Microclimate Risk,755.2,8,17.899286426475662
2024-08-07,28.3,84.0,5.6,Borivali,19.2307,72.8567,0,Stable Microclimate Risk,715.5,8,11.465537160063256
2024-08-08,28.1,82.0,4.2,Borivali,19.2307,72.8567,0,Stable Microclimate Risk,662.1,8,19.27777829510356
2024-08-09,27.3,87.0,15.5,Borivali,19.2307,72.8567,0,Stable Microclimate Risk,629.3,8,23.247404471619603
2024-08-10,27.6,84.0,4.7,Borivali,19.2307,72.8567,0,Stable Microclimate Risk,547.0,8,20.35305279989593
2024-08-11,28.7,81.0,2.4,Borivali,19.2307,72.8567,0,Stable Microclimate Risk,500.50000000000006,8,11.351987650962952
2024-08-12,28.4,83.0,2.9,Borivali,19.2307,72.8567,0,Stable Microclimate Risk,448.7,8,16.807086586365514
2024-08-13,28.3,84.0,3.6,Borivali,19.2307,72.8567,0,Stable Microclimate Risk,410.20000000000005,8,8.534292281206762
2024-08-14,28.6,84.0,1.9,Borivali,19.2307,72.8567,0,Stable Microclimate Risk,357.7,8,17.861951555878377
2024-08-15,28.9,83.0,1.2,Borivali,19.2307,72.8567,0,Stable Microclimate Risk,284.7,8,17.253017064312694
2024-08-16,29.0,83.0,0.9,Borivali,19.2307,72.8567,0,Stable Microclimate Risk,262.70000000000005,8,5.65091830233918
2024-08-17,29.1,84.0,0.5,Borivali,19.2307,72.8567,0,Stable Microclimate Risk,255.0,8,9.191080780438181
2024-08-18,29.4,85.0,2.9,Borivali,19.2307,72.8567,0,Stable Microclimate Risk,238.9,8,13.584305516281164
2024-08-19,28.5,88.0,16.7,Borivali,19.2307,72.8567,0,Stable Microclimate Risk,221.39999999999998,8,13.49570126429587
2024-08-20,28.1,90.0,28.8,Borivali,19.2307,72.8567,0,Stable Microclimate Risk,232.8,8,8.952615322905974
2024-08-21,29.8,86.0,0.2,Borivali,19.2307,72.8567,0,Stable Microclimate Risk,210.89999999999998,8,16.944893646760917
2024-08-22,29.5,85.0,4.7,Borivali,19.2307,72.8567,0,Stable Microclimate Risk,199.8,8,16.25736804470256
2024-08-23,28.0,89.0,16.0,Borivali,19.2307,72.8567,0,Stable Microclimate Risk,187.60000000000002,8,14.028654340107403
2024-08-24,26.0,91.0,61.7,Borivali,19.2307,72.8567,0,Stable Microclimate Risk,224.8,8,11.221042499208185
2024-08-25,27.1,87.0,28.0,Borivali,19.2307,72.8567,0,Stable Microclimate Risk,213.4,8,20.243535632082818
2024-08-26,26.5,86.0,22.6,Borivali,19.2307,72.8567,0,Stable Microclimate Risk,230.2,8,23.277035565441476
2024-08-27,27.0,86.0,17.9,Borivali,19.2307,72.8567,0,Stable Microclimate Risk,242.9,8,12.582192580767314
2024-08-28,28.4,84.0,14.4,Borivali,19.2307,72.8567,0,Stable Microclimate Risk,251.70000000000002,8,11.939165414225897
2024-08-29,28.5,83.0,5.1,Borivali,19.2307,72.8567,0,Stable Microclimate Risk,252.6,8,17.456038327059982
2024-08-30,28.5,84.0,6.5,Borivali,19.2307,72.8567,0,Stable Microclimate Risk,243.6,8,13.209853101265068
2024-08-31,28.4,84.0,2.1,Borivali,19.2307,72.8567,0,Stable Microclimate Risk,241.0,8,14.303013996683829
2024-09-01,27.3,84.0,2.3,Borivali,19.2307,72.8567,0,Stable Microclimate Risk,240.9,9,18.698265758623357
2024-09-02,26.7,89.0,29.6,Borivali,19.2307,72.8567,0,Stable Microclimate Risk,267.6,9,5.453219562463536
2024-09-03,26.7,88.0,13.0,Borivali,19.2307,72.8567,0,Stable Microclimate Risk,277.0,9,21.591511624263347
2024-09-04,27.8,87.0,17.1,Borivali,19.2307,72.8567,0,Stable Microclimate Risk,292.2,9,15.363402621646706
2024-09-05,27.7,87.0,27.9,Borivali,19.2307,72.8567,0,Stable Microclimate Risk,318.90000000000003,9,12.942534277189099
2024-09-06,27.9,85.0,14.7,Borivali,19.2307,72.8567,0,Stable Microclimate Risk,332.7,9,14.553829228892756
2024-09-07,27.8,86.0,10.0,Borivali,19.2307,72.8567,0,Stable Microclimate Risk,342.2,9,14.812146775102594
2024-09-08,28.2,85.0,4.2,Borivali,19.2307,72.8567,0,Stable Microclimate Risk,343.5,9,6.343993482775373
2024-09-09,28.3,84.0,2.0,Borivali,19.2307,72.8567,0,Stable Microclimate Risk,328.8,9,22.47469113726618
2024-09-10,28.0,85.0,3.9,Borivali,19.2307,72.8567,0,Stable Microclimate Risk,303.9,9,15.206628161353093
2024-09-11,27.6,85.0,4.6,Borivali,19.2307,72.8567,0,Stable Microclimate Risk,308.3,9,17.215010652236877
2024-09-12,27.9,85.0,8.2,Borivali,19.2307,72.8567,0,Stable Microclimate Risk,311.8,9,19.757748852870215
2024-09-13,28.1,82.0,4.5,Borivali,19.2307,72.8567,0,Stable Microclimate Risk,300.3,9,9.894187712198498
2024-09-14,27.4,86.0,9.1,Borivali,19.2307,72.8567,0,Stable Microclimate Risk,247.70000000000002,9,17.367359495176142
2024-09-15,26.9,86.0,3.9,Borivali,19.2307,72.8567,0,Stable Microclimate Risk,223.6,9,13.661794545506032
2024-09-16,28.2,86.0,2.4,Borivali,19.2307,72.8567,0,Stable Microclimate Risk,203.4,9,19.23385387608247
2024-09-17,28.4,83.0,0.2,Borivali,19.2307,72.8567,0,Stable Microclimate Risk,185.70000000000002,9,5.0
2024-09-18,28.7,82.0,0.8,Borivali,19.2307,72.8567,0,Stable Microclimate Risk,172.1,9,14.504528498793656
2024-09-19,29.0,80.0,1.0,Borivali,19.2307,72.8567,0,Stable Microclimate Risk,168.0,9,11.985896721080191
2024-09-20,27.9,86.0,5.2,Borivali,19.2307,72.8567,0,Stable Microclimate Risk,166.70000000000002,9,17.161314753170778
2024-09-21,29.2,82.0,1.9,Borivali,19.2307,72.8567,0,Stable Microclimate Risk,166.5,9,17.350220936841012
2024-09-22,29.1,82.0,2.2,Borivali,19.2307,72.8567,0,Stable Microclimate Risk,166.4,9,11.46187052588987
2024-09-23,28.4,86.0,5.7,Borivali,19.2307,72.8567,0,Stable Microclimate Risk,142.5,9,11.439130679119781
2024-09-24,28.5,90.0,23.1,Borivali,19.2307,72.8567,0,Stable Microclimate Risk,152.60000000000002,9,14.446673157213352
2024-09-25,27.5,91.0,36.4,Borivali,19.2307,72.8567,0,Stable Microclimate Risk,171.89999999999998,9,10.516788863423958
2024-09-26,26.0,93.0,48.0,Borivali,19.2307,72.8567,0,Stable Microclimate Risk,192.0,9,19.209918477260636
2024-09-27,26.3,89.0,61.7,Borivali,19.2307,72.8567,0,Stable Microclimate Risk,239.0,9,13.15396399776277
2024-09-28,27.5,85.0,5.8,Borivali,19.2307,72.8567,0,Stable Microclimate Risk,234.79999999999998,9,5.0
2024-09-29,28.1,87.0,4.6,Borivali,19.2307,72.8567,0,Stable Microclimate Risk,235.20000000000002,9,13.125889716890969
2024-09-30,29.2,87.0,1.6,Borivali,19.2307,72.8567,0,Stable Microclimate Risk,234.8,9,9.807280895780139
2024-10-01,31.0,88.0,0.6,Borivali,19.2307,72.8567,0,Stable Microclimate Risk,231.5,10,29.510287589361944
2024-10-02,30.2,90.0,1.3,Borivali,19.2307,72.8567,0,Stable Microclimate Risk,228.20000000000002,10,36.01286680888714
2024-10-03,29.5,86.0,1.4,Borivali,19.2307,72.8567,0,Stable Microclimate Risk,221.4,10,46.71370902583152
2024-10-04,29.0,85.0,1.4,Borivali,19.2307,72.8567,0,Stable Microclimate Risk,218.3,10,55.643204141241156
2024-10-05,29.0,85.0,1.1,Borivali,19.2307,72.8567,0,Stable Microclimate Risk,210.29999999999998,10,50.5659223693249
2024-10-06,30.7,85.0,21.4,Borivali,19.2307,72.8567,0,Stable Microclimate Risk,227.8,10,36.33414972558798
2024-10-07,31.1,83.0,0.6,Borivali,19.2307,72.8567,0,Stable Microclimate Risk,226.0,10,39.37952097585351
2024-10-08,31.700000000000003,84.0,0.0,Borivali,19.2307,72.8567,0,Stable Microclimate Risk,225.79999999999998,10,31.40454844890503
2024-10-09,28.6,87.0,6.4,Borivali,19.2307,72.8567,0,Stable Microclimate Risk,231.4,10,47.793664820850935
2024-10-10,29.1,85.0,6.4,Borivali,19.2307,72.8567,0,Stable Microclimate Risk,236.8,10,42.6615199921684
2024-10-11,31.0,82.0,22.0,Borivali,19.2307,72.8567,0,Stable Microclimate Risk,253.6,10,28.907522632908076
2024-10-12,30.9,85.0,0.7,Borivali,19.2307,72.8567,0,Stable Microclimate Risk,252.4,10,36.28371480053612
2024-10-13,30.1,85.0,2.0,Borivali,19.2307,72.8567,0,Stable Microclimate Risk,252.2,10,43.55693411626732
2024-10-14,31.0,86.0,5.2,Borivali,19.2307,72.8567,0,Stable Microclimate Risk,251.70000000000002,10,37.18354831659222
2024-10-15,29.1,86.0,0.0,Borivali,19.2307,72.8567,0,Stable Microclimate Risk,228.60000000000002,10,46.35349869359653
2024-10-16,30.2,87.0,8.6,Borivali,19.2307,72.8567,0,Stable Microclimate Risk,200.8,10,37.471269696516096
2024-10-17,28.5,90.0,2.9,Borivali,19.2307,72.8567,0,Stable Microclimate Risk,155.70000000000002,10,54.874564291758176
2024-10-18,31.4,84.0,12.4,Borivali,19.2307,72.8567,0,Stable Microclimate Risk,106.39999999999999,10,28.81434040026708
2024-10-19,29.5,87.0,7.9,Borivali,19.2307,72.8567,0,Stable Microclimate Risk,108.5,10,50.04680623588405
2024-10-20,29.3,86.0,6.8,Borivali,19.2307,72.8567,0,Stable Microclimate Risk,110.7,10,42.288914905366376
2024-10-21,29.9,84.0,13.3,Borivali,19.2307,72.8567,0,Stable Microclimate Risk,122.4,10,40.13782381323483
2024-10-22,29.8,86.0,7.3,Borivali,19.2307,72.8567,0,Stable Microclimate Risk,129.1,10,37.13274071358828
2024-10-23,30.9,84.0,0.0,Borivali,19.2307,72.8567,0,Stable Microclimate Risk,127.8,10,35.726322598905156
2024-10-24,32.0,74.0,0.0,Borivali,19.2307,72.8567,0,Stable Microclimate Risk,126.39999999999999,10,36.87656229238989
2024-10-25,30.6,73.0,0.0,Borivali,19.2307,72.8567,0,Stable Microclimate Risk,125.0,10,42.51147377555311
2024-10-26,32.0,67.0,0.0,Borivali,19.2307,72.8567,0,Stable Microclimate Risk,123.89999999999999,10,36.892110560140175
2024-10-27,31.1,77.0,0.0,Borivali,19.2307,72.8567,0,Stable Microclimate Risk,102.5,10,39.71071272966967
2024-10-28,31.3,82.0,0.0,Borivali,19.2307,72.8567,0,Stable Microclimate Risk,101.89999999999999,10,30.448317524014815
2024-10-29,30.7,86.0,0.0,Borivali,19.2307,72.8567,0,Stable Microclimate Risk,101.89999999999999,10,37.71272054502889
2024-10-30,32.2,82.0,0.0,Borivali,19.2307,72.8567,0,Stable Microclimate Risk,95.5,10,26.965671021079338
2024-10-31,31.9,74.0,0.0,Borivali,19.2307,72.8567,0,Stable Microclimate Risk,89.1,10,39.219541186861875
2024-11-01,30.7,81.0,0.3,Borivali,19.2307,72.8567,0,Stable Microclimate Risk,67.4,11,33.382723434535116
2024-11-02,32.5,75.0,0.0,Borivali,19.2307,72.8567,0,Stable Microclimate Risk,66.7,11,33.63515511361222
2024-11-03,33.7,64.0,0.0,Borivali,19.2307,72.8567,0,Stable Microclimate Risk,64.7,11,26.831436017210496
2024-11-04,33.5,59.0,0.0,Borivali,19.2307,72.8567,0,Stable Microclimate Risk,59.5,11,32.64810100858044
2024-11-05,33.8,59.0,0.0,Borivali,19.2307,72.8567,0,Stable Microclimate Risk,59.5,11,19.751567036852528
2024-11-06,33.2,60.0,0.0,Borivali,19.2307,72.8567,0,Stable Microclimate Risk,50.9,11,28.761610797900794
2024-11-07,33.0,56.0,0.0,Borivali,19.2307,72.8567,0,Stable Microclimate Risk,48.0,11,37.74159251602755
2024-11-08,33.3,57.0,0.0,Borivali,19.2307,72.8567,0,Stable Microclimate Risk,35.599999999999994,11,21.545124948664863
2024-11-09,33.6,57.0,0.0,Borivali,19.2307,72.8567,0,Stable Microclimate Risk,27.7,11,15.258132095671527
2024-11-10,33.2,55.0,0.0,Borivali,19.2307,72.8567,0,Stable Microclimate Risk,20.900000000000002,11,15.799949830461166
2024-11-11,32.8,46.0,0.0,Borivali,19.2307,72.8567,0,Stable Microclimate Risk,7.6,11,31.03022681097334
2024-11-12,33.0,52.0,0.0,Borivali,19.2307,72.8567,0,Stable Microclimate Risk,0.3,11,16.917582293040418
2024-11-13,34.3,48.0,0.0,Borivali,19.2307,72.8567,0,Stable Microclimate Risk,0.3,11,17.105071401977067
2024-11-14,34.9,45.0,0.0,Borivali,19.2307,72.8567,0,Stable Microclimate Risk,0.3,11,17.75323260186148
2024-11-15,33.4,57.0,0.3,Borivali,19.2307,72.8567,0,Stable Microclimate Risk,0.6,11,24.992544350816242
2024-11-16,33.8,64.0,0.0,Borivali,19.2307,72.8567,0,Stable Microclimate Risk,0.6,11,23.927224320920878
2024-11-17,35.3,57.0,0.0,Borivali,19.2307,72.8567,0,Stable Microclimate Risk,0.6,11,14.411449279004287
2024-11-18,34.3,51.0,0.0,Borivali,19.2307,72.8567,0,Stable Microclimate Risk,0.6,11,25.36099573323365
2024-11-19,33.3,44.0,0.0,Borivali,19.2307,72.8567,0,Stable Microclimate Risk,0.6,11,19.87175142963936
2024-11-20,32.5,46.0,0.0,Borivali,19.2307,72.8567,0,Stable Microclimate Risk,0.6,11,25.78169097437401
2024-11-21,32.5,48.0,0.0,Borivali,19.2307,72.8567,0,Stable Microclimate Risk,0.6,11,25.303369440312544
2024-11-22,32.2,53.0,0.0,Borivali,19.2307,72.8567,0,Stable Microclimate Risk,0.3,11,35.017625725979705
2024-11-23,31.5,55.0,0.0,Borivali,19.2307,72.8567,0,Stable Microclimate Risk,0.3,11,39.335326275308645
2024-11-24,32.5,55.0,0.0,Borivali,19.2307,72.8567,0,Stable Microclimate Risk,0.3,11,31.422793263259205
2024-11-25,32.3,53.0,0.0,Borivali,19.2307,72.8567,0,Stable Microclimate Risk,0.3,11,36.217468334449656
2024-11-26,31.799999999999997,44.0,0.0,Borivali,19.2307,72.8567,0,Stable Microclimate Risk,0.3,11,27.243128996451443
2024-11-27,32.1,41.0,0.0,Borivali,19.2307,72.8567,0,Stable Microclimate Risk,0.3,11,39.769453891089015
2024-11-28,31.6,34.0,0.0,Borivali,19.2307,72.8567,0,Stable Microclimate Risk,0.3,11,41.88285977522795
2024-11-29,30.9,41.0,0.0,Borivali,19.2307,72.8567,0,Stable Microclimate Risk,0.3,11,41.911443319562075
2024-11-30,30.9,42.0,0.0,Borivali,19.2307,72.8567,0,Stable Microclimate Risk,0.3,11,47.14232787718864
2024-12-01,32.0,51.0,0.0,Borivali,19.2307,72.8567,0,Stable Microclimate Risk,0.3,12,23.71688396161113
2024-12-02,33.3,56.0,0.0,Borivali,19.2307,72.8567,0,Stable Microclimate Risk,0.3,12,22.01109265202009
2024-12-03,33.0,58.0,0.2,Borivali,19.2307,72.8567,0,Stable Microclimate Risk,0.5,12,22.656816029923576
2024-12-04,33.7,65.0,0.2,Borivali,19.2307,72.8567,0,Stable Microclimate Risk,0.7,12,25.974063285453365
2024-12-05,33.7,68.0,0.0,Borivali,19.2307,72.8567,0,Stable Microclimate Risk,0.7,12,17.11596296865592
2024-12-06,32.2,64.0,0.0,Borivali,19.2307,72.8567,0,Stable Microclimate Risk,0.4,12,34.65414241335408
2024-12-07,32.3,50.0,0.0,Borivali,19.2307,72.8567,0,Stable Microclimate Risk,0.4,12,37.15268071998358
2024-12-08,30.6,43.0,0.0,Borivali,19.2307,72.8567,0,Stable Microclimate Risk,0.4,12,43.40934783375332
2024-12-09,30.4,35.0,0.0,Borivali,19.2307,72.8567,0,Stable Microclimate Risk,0.4,12,42.485421784974186
2024-12-10,30.9,47.0,0.0,Borivali,19.2307,72.8567,0,Stable Microclimate Risk,0.4,12,33.293966628829594
2024-12-11,33.0,56.0,0.0,Borivali,19.2307,72.8567,0,Stable Microclimate Risk,0.4,12,22.09907850270651
2024-12-12,30.6,59.0,0.0,Borivali,19.2307,72.8567,0,Stable Microclimate Risk,0.4,12,46.18142785981666
2024-12-13,31.700000000000003,50.0,0.0,Borivali,19.2307,72.8567,0,Stable Microclimate Risk,0.4,12,37.59674501952665
2024-12-14,32.3,42.0,0.0,Borivali,19.2307,72.8567,0,Stable Microclimate Risk,0.4,12,30.104902403112295
2024-12-15,32.7,43.0,0.0,Borivali,19.2307,72.8567,0,Stable Microclimate Risk,0.4,12,25.943785604503866
2024-12-16,31.799999999999997,43.0,0.0,Borivali,19.2307,72.8567,0,Stable Microclimate Risk,0.4,12,23.004293967776462
2024-12-17,30.3,48.0,0.0,Borivali,19.2307,72.8567,0,Stable Microclimate Risk,0.4,12,36.27907123991113
2024-12-18,31.700000000000003,55.0,0.0,Borivali,19.2307,72.8567,0,Stable Microclimate Risk,0.4,12,43.2570954356986
2024-12-19,29.1,68.0,0.0,Borivali,19.2307,72.8567,0,Stable Microclimate Risk,0.4,12,42.03105547832099
2024-12-20,27.6,71.0,0.0,Borivali,19.2307,72.8567,0,Stable Microclimate Risk,0.4,12,57.880732439438724
2024-12-21,27.4,74.0,0.0,Borivali,19.2307,72.8567,0,Stable Microclimate Risk,0.4,12,63.10388653264267
2024-12-22,27.3,76.0,0.0,Borivali,19.2307,72.8567,0,Stable Microclimate Risk,0.4,12,52.35871999332186
2024-12-23,26.8,70.0,0.0,Borivali,19.2307,72.8567,0,Stable Microclimate Risk,0.4,12,62.39021904057208
2024-12-24,28.0,59.0,0.0,Borivali,19.2307,72.8567,0,Stable Microclimate Risk,0.2,12,59.35624435421994
2024-12-25,28.2,60.0,0.0,Borivali,19.2307,72.8567,0,Stable Microclimate Risk,0.0,12,53.59582994286959
2024-12-26,29.0,67.0,0.0,Borivali,19.2307,72.8567,0,Stable Microclimate Risk,0.0,12,63.34201527833384
2024-12-27,27.7,69.0,0.0,Borivali,19.2307,72.8567,0,Stable Microclimate Risk,0.0,12,48.023670372275696
2024-12-28,29.4,67.0,0.3,Borivali,19.2307,72.8567,0,Stable Microclimate Risk,0.3,12,52.02697598275274
2024-12-29,29.9,68.0,0.0,Borivali,19.2307,72.8567,0,Stable Microclimate Risk,0.3,12,43.03599131301768
2024-12-30,32.0,62.0,0.0,Borivali,19.2307,72.8567,0,Stable Microclimate Risk,0.3,12,35.85960077418338
2024-12-31,32.7,58.0,0.0,Borivali,19.2307,72.8567,0,Stable Microclimate Risk,0.3,12,30.239869091829547
2025-01-01,31.9,60.0,0.0,Borivali,19.2307,72.8567,0,Stable Microclimate Risk,0.3,1,28.900885681116694
2025-01-02,32.3,57.0,0.0,Borivali,19.2307,72.8567,0,Stable Microclimate Risk,0.3,1,31.444981962296715
2025-01-03,32.8,51.0,0.0,Borivali,19.2307,72.8567,0,Stable Microclimate Risk,0.3,1,18.177159409675248
2025-01-04,32.4,47.0,0.0,Borivali,19.2307,72.8567,0,Stable Microclimate Risk,0.3,1,32.74957083619031
2025-01-05,28.7,61.0,0.0,Borivali,19.2307,72.8567,0,Stable Microclimate Risk,0.3,1,52.190792329952636
2025-01-06,29.4,58.0,0.0,Borivali,19.2307,72.8567,0,Stable Microclimate Risk,0.3,1,49.92663417654885
2025-01-07,30.9,52.0,0.0,Borivali,19.2307,72.8567,0,Stable Microclimate Risk,0.3,1,43.52392495876909
2025-01-08,30.1,53.0,0.0,Borivali,19.2307,72.8567,0,Stable Microclimate Risk,0.3,1,44.604765867715216
2025-01-09,31.5,45.0,0.0,Borivali,19.2307,72.8567,0,Stable Microclimate Risk,0.3,1,35.57378043232471
2025-01-10,30.8,50.0,0.0,Borivali,19.2307,72.8567,0,Stable Microclimate Risk,0.3,1,34.39465831669354
2025-01-11,28.0,62.0,0.0,Borivali,19.2307,72.8567,0,Stable Microclimate Risk,0.3,1,51.10556284842141
2025-01-12,29.5,59.0,0.0,Borivali,19.2307,72.8567,0,Stable Microclimate Risk,0.3,1,52.10033976755333
2025-01-13,32.2,54.0,0.0,Borivali,19.2307,72.8567,0,Stable Microclimate Risk,0.3,1,38.04834369519654
2025-01-14,32.4,56.0,0.0,Borivali,19.2307,72.8567,0,Stable Microclimate Risk,0.3,1,28.54278115177307
2025-01-15,29.6,66.0,0.0,Borivali,19.2307,72.8567,0,Stable Microclimate Risk,0.3,1,45.830013736266366
2025-01-16,29.2,65.0,0.0,Borivali,19.2307,72.8567,0,Stable Microclimate Risk,0.3,1,43.34359479169784
2025-01-17,32.8,59.0,0.0,Borivali,19.2307,72.8567,0,Stable Microclimate Risk,0.3,1,33.330450893003906
2025-01-18,33.5,45.0,0.0,Borivali,19.2307,72.8567,0,Stable Microclimate Risk,0.0,1,26.82708411845889
2025-01-19,32.7,45.0,0.0,Borivali,19.2307,72.8567,0,Stable Microclimate Risk,0.0,1,37.739420515652064
2025-01-20,32.7,45.0,0.0,Borivali,19.2307,72.8567,0,Stable Microclimate Risk,0.0,1,23.64171794743462
2025-01-21,30.9,50.0,0.0,Borivali,19.2307,72.8567,0,Stable Microclimate Risk,0.0,1,36.34329383824225
2025-01-22,30.9,52.0,0.0,Borivali,19.2307,72.8567,0,Stable Microclimate Risk,0.0,1,39.3905629459612
2025-01-23,30.0,49.0,0.0,Borivali,19.2307,72.8567,0,Stable Microclimate Risk,0.0,1,46.56578102196218
2025-01-24,31.2,48.0,0.0,Borivali,19.2307,72.8567,0,Stable Microclimate Risk,0.0,1,35.45499514559518
2025-01-25,32.7,56.0,0.0,Borivali,19.2307,72.8567,0,Stable Microclimate Risk,0.0,1,23.668527881064815
2025-01-26,33.0,58.0,0.0,Borivali,19.2307,72.8567,0,Stable Microclimate Risk,0.0,1,30.74037097795119
2025-01-27,32.0,55.0,0.0,Borivali,19.2307,72.8567,0,Stable Microclimate Risk,0.0,1,35.60567681272791
2025-01-28,30.0,56.0,0.0,Borivali,19.2307,72.8567,0,Stable Microclimate Risk,0.0,1,38.75196283051471
2025-01-29,30.3,57.0,0.0,Borivali,19.2307,72.8567,0,Stable Microclimate Risk,0.0,1,48.4105473388608
2025-01-30,30.9,51.0,0.0,Borivali,19.2307,72.8567,0,Stable Microclimate Risk,0.0,1,44.08432687931636
2025-01-31,29.0,58.0,0.0,Borivali,19.2307,72.8567,0,Stable Microclimate Risk,0.0,1,49.671482486238965
2025-02-01,28.6,57.0,0.0,Borivali,19.2307,72.8567,0,Stable Microclimate Risk,0.0,2,51.66465597854684
2025-02-02,30.4,44.0,0.0,Borivali,19.2307,72.8567,0,Stable Microclimate Risk,0.0,2,43.836955522246214
2025-02-03,28.4,51.0,0.0,Borivali,19.2307,72.8567,0,Stable Microclimate Risk,0.0,2,48.09148464871871
2025-02-04,29.2,52.0,0.0,Borivali,19.2307,72.8567,0,Stable Microclimate Risk,0.0,2,48.016824062487075
2025-02-05,31.0,37.0,0.0,Borivali,19.2307,72.8567,0,Stable Microclimate Risk,0.0,2,26.90474894362077
2025-02-06,31.3,42.0,0.0,Borivali,19.2307,72.8567,0,Stable Microclimate Risk,0.0,2,40.34894489418134
2025-02-07,33.8,52.0,0.0,Borivali,19.2307,72.8567,0,Stable Microclimate Risk,0.0,2,13.992533887790717
2025-02-08,32.7,54.0,0.0,Borivali,19.2307,72.8567,0,Stable Microclimate Risk,0.0,2,35.55043247547831
2025-02-09,32.5,47.0,0.0,Borivali,19.2307,72.8567,0,Stable Microclimate Risk,0.0,2,27.516066196834412
2025-02-10,33.0,45.0,0.0,Borivali,19.2307,72.8567,0,Stable Microclimate Risk,0.0,2,25.274998423677452
2025-02-11,31.799999999999997,46.0,0.0,Borivali,19.2307,72.8567,0,Stable Microclimate Risk,0.0,2,29.994663802910818
2025-02-12,32.7,48.0,0.0,Borivali,19.2307,72.8567,0,Stable Microclimate Risk,0.0,2,26.593138963722936
2025-02-13,34.3,39.0,0.0,Borivali,19.2307,72.8567,0,Stable Microclimate Risk,0.0,2,26.059323392406867
2025-02-14,34.2,34.0,0.0,Borivali,19.2307,72.8567,0,Stable Microclimate Risk,0.0,2,7.09429005065792
2025-02-15,34.7,30.0,0.0,Borivali,19.2307,72.8567,0,Stable Microclimate Risk,0.0,2,23.084826930440926
2025-02-16,34.6,34.0,0.0,Borivali,19.2307,72.8567,0,Stable Microclimate Risk,0.0,2,18.9567840721752
2025-02-17,33.7,43.0,0.0,Borivali,19.2307,72.8567,0,Stable Microclimate Risk,0.0,2,16.33155842738057
2025-02-18,34.3,38.0,0.0,Borivali,19.2307,72.8567,0,Stable Microclimate Risk,0.0,2,13.590104701420493
2025-02-19,32.9,37.0,0.0,Borivali,19.2307,72.8567,0,Stable Microclimate Risk,0.0,2,35.28196513604102
2025-02-20,34.2,38.0,0.0,Borivali,19.2307,72.8567,0,Stable Microclimate Risk,0.0,2,14.805798933619661
2025-02-21,36.2,30.0,0.0,Borivali,19.2307,72.8567,0,Stable Microclimate Risk,0.0,2,5.0
2025-02-22,34.4,33.0,0.0,Borivali,19.2307,72.8567,0,Stable Microclimate Risk,0.0,2,24.086572711823656
2025-02-23,35.2,33.0,0.0,Borivali,19.2307,72.8567,0,Stable Microclimate Risk,0.0,2,15.559431048096222
2025-02-24,36.3,32.0,0.0,Borivali,19.2307,72.8567,0,Stable Microclimate Risk,0.0,2,5.0
2025-02-25,37.0,33.0,0.0,Borivali,19.2307,72.8567,0,Stable Microclimate Risk,0.0,2,5.0
2025-02-26,36.7,45.0,0.0,Borivali,19.2307,72.8567,0,Stable Microclimate Risk,0.0,2,5.0
2025-02-27,35.3,43.0,0.0,Borivali,19.2307,72.8567,0,Stable Microclimate Risk,0.0,2,18.80410699211304
2025-02-28,32.9,50.0,0.0,Borivali,19.2307,72.8567,0,Stable Microclimate Risk,0.0,2,32.20685482436567
2025-03-01,33.2,41.0,0.0,Borivali,19.2307,72.8567,0,Stable Microclimate Risk,0.0,3,17.660030994109714
2025-03-02,35.7,35.0,0.0,Borivali,19.2307,72.8567,0,Stable Microclimate Risk,0.0,3,16.808305306235084
2025-03-03,35.7,38.0,0.0,Borivali,19.2307,72.8567,0,Stable Microclimate Risk,0.0,3,23.80594062433687
2025-03-04,35.3,38.0,0.0,Borivali,19.2307,72.8567,0,Stable Microclimate Risk,0.0,3,14.998431636941126
2025-03-05,36.3,30.0,0.0,Borivali,19.2307,72.8567,0,Stable Microclimate Risk,0.0,3,9.090629372895993
2025-03-06,34.5,30.0,0.0,Borivali,19.2307,72.8567,0,Stable Microclimate Risk,0.0,3,17.247369564161534
2025-03-07,36.4,30.0,0.0,Borivali,19.2307,72.8567,0,Stable Microclimate Risk,0.0,3,25.43023524768557
2025-03-08,35.5,34.0,0.0,Borivali,19.2307,72.8567,0,Stable Microclimate Risk,0.0,3,9.92620253407074
2025-03-09,35.1,47.0,0.0,Borivali,19.2307,72.8567,0,Stable Microclimate Risk,0.0,3,13.192686166530072
2025-03-10,38.5,34.0,0.0,Borivali,19.2307,72.8567,0,Stable Microclimate Risk,0.0,3,17.082230190507264
2025-03-11,36.9,43.0,0.0,Borivali,19.2307,72.8567,0,Stable Microclimate Risk,0.0,3,14.730475754971303
2025-03-12,36.5,49.0,0.0,Borivali,19.2307,72.8567,0,Stable Microclimate Risk,0.0,3,10.088482098113428
2025-03-13,33.7,61.0,0.0,Borivali,19.2307,72.8567,0,Stable Microclimate Risk,0.0,3,20.609289281152353
2025-03-14,34.2,56.0,0.0,Borivali,19.2307,72.8567,0,Stable Microclimate Risk,0.0,3,26.600203610086297
2025-03-15,35.0,53.0,0.0,Borivali,19.2307,72.8567,0,Stable Microclimate Risk,0.0,3,15.980657295119537
2025-03-16,32.7,52.0,0.0,Borivali,19.2307,72.8567,0,Stable Microclimate Risk,0.0,3,10.479658551319998
2025-03-17,33.0,57.0,0.0,Borivali,19.2307,72.8567,0,Stable Microclimate Risk,0.0,3,7.255197374732624
2025-03-18,32.7,64.0,0.0,Borivali,19.2307,72.8567,0,Stable Microclimate Risk,0.0,3,16.289879906105906
2025-03-19,31.799999999999997,63.0,0.0,Borivali,19.2307,72.8567,0,Stable Microclimate Risk,0.0,3,20.519386716581288
2025-03-20,34.6,44.0,0.0,Borivali,19.2307,72.8567,0,Stable Microclimate Risk,0.0,3,17.375838732476907
2025-03-21,31.9,57.0,0.0,Borivali,19.2307,72.8567,0,Stable Microclimate Risk,0.0,3,14.987980795405731
2025-03-22,32.2,64.0,0.0,Borivali,19.2307,72.8567,0,Stable Microclimate Risk,0.0,3,12.053641741053468
2025-03-23,33.3,67.0,0.0,Borivali,19.2307,72.8567,0,Stable Microclimate Risk,0.0,3,9.53918183640955
2025-03-24,32.4,74.0,0.0,Borivali,19.2307,72.8567,0,Stable Microclimate Risk,0.0,3,19.17375663162441
2025-03-25,32.7,66.0,0.0,Borivali,19.2307,72.8567,0,Stable Microclimate Risk,0.0,3,19.568858106927927
2025-03-26,31.0,72.0,0.0,Borivali,19.2307,72.8567,0,Stable Microclimate Risk,0.0,3,7.271351066546334
2025-03-27,30.3,75.0,0.0,Borivali,19.2307,72.8567,0,Stable Microclimate Risk,0.0,3,22.94919489090342
2025-03-28,32.0,60.0,0.0,Borivali,19.2307,72.8567,0,Stable Microclimate Risk,0.0,3,17.870356104470005
2025-03-29,35.7,30.0,0.0,Borivali,19.2307,72.8567,0,Stable Microclimate Risk,0.0,3,21.997973225728966
2025-03-30,37.2,38.0,0.0,Borivali,19.2307,72.8567,0,Stable Microclimate Risk,0.0,3,8.289361257574424
2025-03-31,36.5,43.0,0.0,Borivali,19.2307,72.8567,0,Stable Microclimate Risk,0.0,3,8.170879222922807
2025-04-01,38.3,43.0,0.0,Borivali,19.2307,72.8567,0,Stable Microclimate Risk,0.0,4,14.255153451163515
2025-04-02,36.9,40.0,0.0,Borivali,19.2307,72.8567,0,Stable Microclimate Risk,0.0,4,17.51392213447597
2025-04-03,32.0,72.0,0.6,Borivali,19.2307,72.8567,0,Stable Microclimate Risk,0.6,4,23.98180411463482
2025-04-04,32.7,75.0,1.0,Borivali,19.2307,72.8567,0,Stable Microclimate Risk,1.6,4,18.530394569075657
2025-04-05,34.9,62.0,0.0,Borivali,19.2307,72.8567,0,Stable Microclimate Risk,1.6,4,13.786593615939832
2025-04-06,35.2,58.0,0.0,Borivali,19.2307,72.8567,0,Stable Microclimate Risk,1.6,4,9.86815396167054
2025-04-07,35.9,56.0,0.0,Borivali,19.2307,72.8567,0,Stable Microclimate Risk,1.6,4,21.150002863595752
2025-04-08,36.0,48.0,0.0,Borivali,19.2307,72.8567,0,Stable Microclimate Risk,1.6,4,10.176472871246425
2025-04-09,34.1,57.0,0.0,Borivali,19.2307,72.8567,0,Stable Microclimate Risk,1.6,4,23.142342773861607
2025-04-10,32.7,73.0,0.0,Borivali,19.2307,72.8567,0,Stable Microclimate Risk,1.6,4,13.578076751967453
2025-04-11,32.5,72.0,0.0,Borivali,19.2307,72.8567,0,Stable Microclimate Risk,1.6,4,22.952910363089252
2025-04-12,31.700000000000003,74.0,0.1,Borivali,19.2307,72.8567,0,Stable Microclimate Risk,1.7000000000000002,4,18.39465645029639
2025-04-13,32.2,74.0,0.0,Borivali,19.2307,72.8567,0,Stable Microclimate Risk,1.7000000000000002,4,14.315022552787708
2025-04-14,35.9,61.0,0.0,Borivali,19.2307,72.8567,0,Stable Microclimate Risk,1.7000000000000002,4,12.403018140869367
2025-04-15,34.6,61.0,0.0,Borivali,19.2307,72.8567,0,Stable Microclimate Risk,1.7000000000000002,4,13.2954606132696
2025-04-16,32.5,73.0,0.0,Borivali,19.2307,72.8567,0,Stable Microclimate Risk,1.7000000000000002,4,17.141583461876188
2025-04-17,31.9,77.0,0.0,Borivali,19.2307,72.8567,0,Stable Microclimate Risk,1.7000000000000002,4,15.385782481088583
2025-04-18,31.799999999999997,75.0,0.0,Borivali,19.2307,72.8567,0,Stable Microclimate Risk,1.7000000000000002,4,12.030942959656475
2025-04-19,32.2,74.0,0.0,Borivali,19.2307,72.8567,0,Stable Microclimate Risk,1.7000000000000002,4,14.17184294841184
2025-04-20,32.5,71.0,0.0,Borivali,19.2307,72.8567,0,Stable Microclimate Risk,1.7000000000000002,4,15.392885148595749
2025-04-21,32.2,73.0,0.0,Borivali,19.2307,72.8567,0,Stable Microclimate Risk,1.7000000000000002,4,5.0
2025-04-22,33.8,69.0,0.0,Borivali,19.2307,72.8567,0,Stable Microclimate Risk,1.7000000000000002,4,17.290840573943495
2025-04-23,34.3,71.0,0.0,Borivali,19.2307,72.8567,0,Stable Microclimate Risk,1.7000000000000002,4,10.101393876415965
2025-04-24,32.8,73.0,0.0,Borivali,19.2307,72.8567,0,Stable Microclimate Risk,1.1,4,9.233337983971275
2025-04-25,33.2,70.0,0.0,Borivali,19.2307,72.8567,0,Stable Microclimate Risk,0.10000000000000012,4,6.563278264446449
2025-04-26,32.7,70.0,0.0,Borivali,19.2307,72.8567,0,Stable Microclimate Risk,0.10000000000000012,4,6.030537510660549
2025-04-27,32.8,73.0,0.0,Borivali,19.2307,72.8567,0,Stable Microclimate Risk,0.10000000000000012,4,8.222762484438555
2025-04-28,32.3,74.0,0.0,Borivali,19.2307,72.8567,0,Stable Microclimate Risk,0.10000000000000012,4,11.454895211847548
2025-04-29,32.3,75.0,0.0,Borivali,19.2307,72.8567,0,Stable Microclimate Risk,0.10000000000000012,4,24.76629568763284
2025-04-30,32.5,74.0,0.0,Borivali,19.2307,72.8567,0,Stable Microclimate Risk,0.10000000000000012,4,12.370601620523981
2025-05-01,32.8,74.0,0.0,Borivali,19.2307,72.8567,0,Stable Microclimate Risk,0.10000000000000012,5,15.888750531340158
2025-05-02,34.0,67.0,0.0,Borivali,19.2307,72.8567,0,Stable Microclimate Risk,0.10000000000000012,5,17.002406932531642
2025-05-03,32.7,67.0,0.0,Borivali,19.2307,72.8567,0,Stable Microclimate Risk,0.0,5,15.655325931079243
2025-05-04,32.4,67.0,0.0,Borivali,19.2307,72.8567,0,Stable Microclimate Risk,0.0,5,14.612782696370031
2025-05-05,33.0,69.0,0.0,Borivali,19.2307,72.8567,0,Stable Microclimate Risk,0.0,5,9.023531182003776
2025-05-06,32.3,72.0,6.3,Borivali,19.2307,72.8567,0,Stable Microclimate Risk,6.3,5,22.25463774139606
2025-05-07,31.799999999999997,72.0,3.0,Borivali,19.2307,72.8567,0,Stable Microclimate Risk,9.3,5,24.035983218189426
2025-05-08,28.9,80.0,9.3,Borivali,19.2307,72.8567,0,Stable Microclimate Risk,18.6,5,6.586706529386571
2025-05-09,28.0,81.0,2.0,Borivali,19.2307,72.8567,0,Stable Microclimate Risk,20.6,5,9.879857045568102
2025-05-10,30.4,80.0,0.5,Borivali,19.2307,72.8567,0,Stable Microclimate Risk,21.1,5,13.600948288114969
2025-05-11,32.0,75.0,0.4,Borivali,19.2307,72.8567,0,Stable Microclimate Risk,21.5,5,10.177311025449043
2025-05-12,33.1,69.0,1.6,Borivali,19.2307,72.8567,0,Stable Microclimate Risk,23.1,5,17.529827767279325
2025-05-13,33.3,69.0,1.7,Borivali,19.2307,72.8567,0,Stable Microclimate Risk,24.8,5,11.358638987966934
2025-05-14,32.7,71.0,0.6,Borivali,19.2307,72.8567,0,Stable Microclimate Risk,25.400000000000002,5,25.825280339033014
2025-05-15,32.7,69.0,1.8,Borivali,19.2307,72.8567,0,Stable Microclimate Risk,27.200000000000003,5,20.95274297171798
2025-05-16,33.3,64.0,1.0,Borivali,19.2307,72.8567,0,Stable Microclimate Risk,28.200000000000003,5,16.062870153161075
2025-05-17,32.0,65.0,0.9,Borivali,19.2307,72.8567,0,Stable Microclimate Risk,29.1,5,20.13493131659866
2025-05-18,33.9,60.0,0.0,Borivali,19.2307,72.8567,0,Stable Microclimate Risk,29.1,5,20.529502121786543
2025-05-19,31.799999999999997,68.0,0.2,Borivali,19.2307,72.8567,0,Stable Microclimate Risk,29.3,5,12.180262559708783
2025-05-20,33.8,74.0,8.7,Borivali,19.2307,72.8567,0,Stable Microclimate Risk,38.0,5,10.918913777290175
2025-05-21,31.0,82.0,1.1,Borivali,19.2307,72.8567,0,Stable Microclimate Risk,39.1,5,15.390715314848237
2025-05-22,31.3,81.0,21.2,Borivali,19.2307,72.8567,0,Stable Microclimate Risk,60.3,5,19.308180622489722
2025-05-23,32.0,85.0,2.2,Borivali,19.2307,72.8567,0,Stable Microclimate Risk,62.5,5,15.695301993267089
2025-05-24,31.6,83.0,8.9,Borivali,19.2307,72.8567,0,Stable Microclimate Risk,71.4,5,7.115017589045014
2025-05-25,28.0,90.0,27.3,Borivali,19.2307,72.8567,0,Stable Microclimate Risk,98.7,5,10.985877780245788
2025-05-26,27.3,92.0,54.0,Borivali,19.2307,72.8567,0,Stable Microclimate Risk,152.7,5,14.63013568202811
2025-05-27,29.3,88.0,9.1,Borivali,19.2307,72.8567,0,Stable Microclimate Risk,155.5,5,14.621671978370848
2025-05-28,27.3,89.0,11.5,Borivali,19.2307,72.8567,0,Stable Microclimate Risk,164.0,5,24.862710883949042
2025-05-29,30.9,85.0,5.6,Borivali,19.2307,72.8567,0,Stable Microclimate Risk,160.3,5,8.07006028800501
2025-05-30,31.0,77.0,1.8,Borivali,19.2307,72.8567,0,Stable Microclimate Risk,160.1,5,17.527946209179373
2025-05-31,30.5,79.0,3.5,Borivali,19.2307,72.8567,0,Stable Microclimate Risk,163.1,5,22.44556554164145
2025-06-01,28.7,84.0,11.1,Borivali,19.2307,72.8567,0,Stable Microclimate Risk,173.8,6,26.35724872711398
2025-06-02,30.1,82.0,8.8,Borivali,19.2307,72.8567,0,Stable Microclimate Risk,181.0,6,12.978012884080194
2025-06-03,29.6,83.0,12.8,Borivali,19.2307,72.8567,0,Stable Microclimate Risk,192.1,6,17.457147263600998
2025-06-04,28.7,84.0,4.5,Borivali,19.2307,72.8567,0,Stable Microclimate Risk,196.0,6,17.848801785993235
2025-06-05,29.7,82.0,1.6,Borivali,19.2307,72.8567,0,Stable Microclimate Risk,195.8,6,15.977408657766453
2025-06-06,29.7,82.0,4.7,Borivali,19.2307,72.8567,0,Stable Microclimate Risk,199.5,6,14.50577399380347
2025-06-07,29.1,85.0,8.1,Borivali,19.2307,72.8567,0,Stable Microclimate Risk,206.70000000000002,6,17.17987694750023
2025-06-08,29.7,81.0,4.4,Borivali,19.2307,72.8567,0,Stable Microclimate Risk,211.10000000000002,6,5.0
2025-06-09,30.3,76.0,2.0,Borivali,19.2307,72.8567,0,Stable Microclimate Risk,212.89999999999998,6,18.410347450313157
2025-06-10,30.0,79.0,0.8,Borivali,19.2307,72.8567,0,Stable Microclimate Risk,205.0,6,15.630889518309836
2025-06-11,31.3,76.0,0.8,Borivali,19.2307,72.8567,0,Stable Microclimate Risk,204.70000000000002,6,13.887625516108674
2025-06-12,31.0,77.0,2.8,Borivali,19.2307,72.8567,0,Stable Microclimate Risk,186.29999999999998,6,25.23431097859779
2025-06-13,30.0,85.0,29.6,Borivali,19.2307,72.8567,0,Stable Microclimate Risk,213.7,6,11.625329906047238
2025-06-14,30.0,89.0,58.0,Borivali,19.2307,72.8567,0,Stable Microclimate Risk,262.8,6,12.984620054674846
2025-06-15,29.1,92.0,55.5,Borivali,19.2307,72.8567,0,Stable Microclimate Risk,291.0,6,24.95776651102367
2025-06-16,26.6,91.0,100.9,Borivali,19.2307,72.8567,0,Stable Microclimate Risk,337.9,6,10.839693475750718
2025-06-17,29.0,84.0,17.5,Borivali,19.2307,72.8567,0,Stable Microclimate Risk,346.3,6,12.249423585317306
2025-06-18,27.9,88.0,86.1,Borivali,19.2307,72.8567,0,Stable Microclimate Risk,420.90000000000003,6,14.26487288284575
2025-06-19,27.9,90.0,65.8,Borivali,19.2307,72.8567,0,Stable Microclimate Risk,481.1,6,19.203672410647748
2025-06-20,29.0,83.0,11.3,Borivali,19.2307,72.8567,0,Stable Microclimate Risk,490.59999999999997,6,16.039012536766567
2025-06-21,29.5,84.0,10.0,Borivali,19.2307,72.8567,0,Stable Microclimate Risk,497.09999999999997,6,8.536873264238686
2025-06-22,28.6,83.0,15.8,Borivali,19.2307,72.8567,0,Stable Microclimate Risk,501.8,6,12.339157184364051
2025-06-23,27.8,86.0,51.2,Borivali,19.2307,72.8567,0,Stable Microclimate Risk,544.2,6,11.963227833938943
2025-06-24,28.6,86.0,26.7,Borivali,19.2307,72.8567,0,Stable Microclimate Risk,558.1,6,14.613894773884772
2025-06-25,29.5,81.0,10.0,Borivali,19.2307,72.8567,0,Stable Microclimate Risk,563.6,6,17.129218293149144
2025-06-26,28.1,88.0,25.0,Borivali,19.2307,72.8567,0,Stable Microclimate Risk,587.0,6,17.09102877943986
2025-06-27,28.3,82.0,13.9,Borivali,19.2307,72.8567,0,Stable Microclimate Risk,596.1999999999999,6,6.119941229757989
2025-06-28,28.9,80.0,21.5,Borivali,19.2307,72.8567,0,Stable Microclimate Risk,609.5999999999999,6,20.319704937804282
2025-06-29,28.4,83.0,18.1,Borivali,19.2307,72.8567,0,Stable Microclimate Risk,623.3,6,16.262844229983116
2025-06-30,28.6,83.0,22.2,Borivali,19.2307,72.8567,0,Stable Microclimate Risk,643.5,6,21.92266023796953
2025-07-01,28.3,85.0,34.3,Borivali,19.2307,72.8567,0,Stable Microclimate Risk,677.0,7,17.22099163645336
2025-07-02,28.2,87.0,40.8,Borivali,19.2307,72.8567,0,Stable Microclimate Risk,717.0,7,20.50661478867881
2025-07-03,27.7,86.0,26.3,Borivali,19.2307,72.8567,0,Stable Microclimate Risk,740.5,7,17.332726557250634
2025-07-04,27.5,84.0,20.2,Borivali,19.2307,72.8567,0,Stable Microclimate Risk,731.1,7,21.73112878101374
2025-07-05,27.0,85.0,37.9,Borivali,19.2307,72.8567,0,Stable Microclimate Risk,711.0,7,17.611253180088895
2025-07-06,27.0,86.0,31.3,Borivali,19.2307,72.8567,0,Stable Microclimate Risk,686.8,7,14.510423767785479
2025-07-07,28.0,84.0,7.6,Borivali,19.2307,72.8567,0,Stable Microclimate Risk,593.5,7,26.362173602234407
2025-07-08,28.1,82.0,3.7,Borivali,19.2307,72.8567,0,Stable Microclimate Risk,579.7,7,19.44518561139946
2025-07-09,27.0,86.0,15.4,Borivali,19.2307,72.8567,0,Stable Microclimate Risk,509.0,7,17.868722105022066
2025-07-10,28.5,84.0,6.5,Borivali,19.2307,72.8567,0,Stable Microclimate Risk,449.70000000000005,7,8.61847791730832
2025-07-11,27.5,85.0,6.1,Borivali,19.2307,72.8567,0,Stable Microclimate Risk,444.5,7,8.558461912682311
2025-07-12,28.8,84.0,4.9,Borivali,19.2307,72.8567,0,Stable Microclimate Risk,439.40000000000003,7,16.463577410709267
2025-07-13,28.0,85.0,14.7,Borivali,19.2307,72.8567,0,Stable Microclimate Risk,438.3,7,15.727605988841203
2025-07-14,27.0,89.0,51.0,Borivali,19.2307,72.8567,0,Stable Microclimate Risk,438.1,7,11.92938717495842
2025-07-15,27.1,86.0,15.8,Borivali,19.2307,72.8567,0,Stable Microclimate Risk,427.2,7,15.7049134980603
2025-07-16,28.6,84.0,7.9,Borivali,19.2307,72.8567,0,Stable Microclimate Risk,425.09999999999997,7,22.943134640217977
2025-07-17,28.8,84.0,4.1,Borivali,19.2307,72.8567,0,Stable Microclimate Risk,404.2,7,18.477012372751492
2025-07-18,29.0,82.0,2.7,Borivali,19.2307,72.8567,0,Stable Microclimate Risk,393.0,7,9.294957451236309
2025-07-19,27.8,84.0,6.3,Borivali,19.2307,72.8567,0,Stable Microclimate Risk,377.8,7,14.442455864285282
2025-07-20,27.5,87.0,12.3,Borivali,19.2307,72.8567,0,Stable Microclimate Risk,371.99999999999994,7,10.975167595737195
2025-07-21,27.5,88.0,17.7,Borivali,19.2307,72.8567,0,Stable Microclimate Risk,367.5,7,13.061500417957195
2025-07-22,27.5,87.0,18.4,Borivali,19.2307,72.8567,0,Stable Microclimate Risk,351.6,7,12.931921671851786
2025-07-23,27.5,86.0,18.6,Borivali,19.2307,72.8567,0,Stable Microclimate Risk,329.40000000000003,7,12.611772086979974
2025-07-24,26.9,86.0,14.9,Borivali,19.2307,72.8567,0,Stable Microclimate Risk,318.0,7,8.724323140133025
2025-07-25,26.6,88.0,40.3,Borivali,19.2307,72.8567,0,Stable Microclimate Risk,338.1,7,14.361726592409049
2025-07-26,27.5,85.0,17.4,Borivali,19.2307,72.8567,0,Stable Microclimate Risk,317.59999999999997,7,12.19696181576345
2025-07-27,27.6,82.0,10.5,Borivali,19.2307,72.8567,0,Stable Microclimate Risk,296.8,7,5.0
2025-07-28,27.8,81.0,8.8,Borivali,19.2307,72.8567,0,Stable Microclimate Risk,298.0,7,25.264860122508317
2025-07-29,27.0,83.0,8.6,Borivali,19.2307,72.8567,0,Stable Microclimate Risk,302.90000000000003,7,20.44384827108336
2025-07-30,26.7,86.0,7.8,Borivali,19.2307,72.8567,0,Stable Microclimate Risk,295.29999999999995,7,13.11849637537502
2025-07-31,27.1,84.0,3.9,Borivali,19.2307,72.8567,0,Stable Microclimate Risk,292.7,7,15.094095248702992
2025-08-01,27.9,82.0,4.1,Borivali,19.2307,72.8567,0,Stable Microclimate Risk,290.7,8,9.14172826341219
2025-08-02,27.8,85.0,8.7,Borivali,19.2307,72.8567,0,Stable Microclimate Risk,294.5,8,23.47861438905433
2025-08-03,27.6,85.0,4.0,Borivali,19.2307,72.8567,0,Stable Microclimate Risk,283.79999999999995,8,24.486443473865556
2025-08-04,28.1,84.0,3.5,Borivali,19.2307,72.8567,0,Stable Microclimate Risk,236.29999999999998,8,15.783468641232623
2025-08-05,28.4,83.0,4.3,Borivali,19.2307,72.8567,0,Stable Microclimate Risk,224.8,8,20.117653220926723
2025-08-06,28.7,83.0,1.2,Borivali,19.2307,72.8567,0,Stable Microclimate Risk,218.1,8,15.876433894669619
2025-08-07,27.4,86.0,3.2,Borivali,19.2307,72.8567,0,Stable Microclimate Risk,217.2,8,8.316372805620347
2025-08-08,27.6,85.0,2.9,Borivali,19.2307,72.8567,0,Stable Microclimate Risk,217.39999999999998,8,12.940883155181714
2025-08-09,28.0,85.0,1.6,Borivali,19.2307,72.8567,0,Stable Microclimate Risk,212.7,8,15.659639833859785
2025-08-10,27.6,85.0,3.2,Borivali,19.2307,72.8567,0,Stable Microclimate Risk,203.6,8,12.727261406282778
2025-08-11,27.7,83.0,4.3,Borivali,19.2307,72.8567,0,Stable Microclimate Risk,190.2,8,13.90673361282482
2025-08-12,28.1,82.0,5.0,Borivali,19.2307,72.8567,0,Stable Microclimate Risk,176.79999999999998,8,14.543002212454427
2025-08-13,27.7,86.0,15.4,Borivali,19.2307,72.8567,0,Stable Microclimate Risk,173.6,8,14.595607510672693
2025-08-14,26.7,88.0,38.9,Borivali,19.2307,72.8567,0,Stable Microclimate Risk,197.6,8,15.261292452487416
2025-08-15,26.7,88.0,35.8,Borivali,19.2307,72.8567,0,Stable Microclimate Risk,193.10000000000002,8,9.696974668016995
2025-08-16,26.0,91.0,34.2,Borivali,19.2307,72.8567,0,Stable Microclimate Risk,209.9,8,11.414919254360319
2025-08-17,27.5,87.0,16.3,Borivali,19.2307,72.8567,0,Stable Microclimate Risk,215.70000000000002,8,8.577078671500153
2025-08-18,25.5,91.0,127.0,Borivali,19.2307,72.8567,0,Stable Microclimate Risk,333.9,8,19.889077748431003
2025-08-19,25.7,90.0,136.5,Borivali,19.2307,72.8567,0,Stable Microclimate Risk,461.79999999999995,8,5.0
2025-08-20,26.0,88.0,61.5,Borivali,19.2307,72.8567,0,Stable Microclimate Risk,515.5,8,20.767951716584626
2025-08-21,27.5,84.0,26.0,Borivali,19.2307,72.8567,0,Stable Microclimate Risk,537.5999999999999,8,21.931746986314216
2025-08-22,27.7,80.0,4.5,Borivali,19.2307,72.8567,0,Stable Microclimate Risk,538.0,8,13.489097065086893
2025-08-23,27.8,80.0,10.4,Borivali,19.2307,72.8567,0,Stable Microclimate Risk,539.7,8,5.0
2025-08-24,28.0,81.0,6.7,Borivali,19.2307,72.8567,0,Stable Microclimate Risk,542.4,8,13.193447190163548
2025-08-25,26.3,86.0,23.2,Borivali,19.2307,72.8567,0,Stable Microclimate Risk,562.1,8,14.679079193555904
2025-08-26,27.3,84.0,14.9,Borivali,19.2307,72.8567,0,Stable Microclimate Risk,572.6999999999999,8,9.947008900355433
2025-08-27,27.9,84.0,7.6,Borivali,19.2307,72.8567,0,Stable Microclimate Risk,579.1,8,12.423908030958787
2025-08-28,27.8,87.0,16.3,Borivali,19.2307,72.8567,0,Stable Microclimate Risk,592.1999999999999,8,22.650975994316756
2025-08-29,27.5,87.0,7.5,Borivali,19.2307,72.8567,0,Stable Microclimate Risk,596.8,8,18.324635811508706
2025-08-30,27.9,85.0,2.8,Borivali,19.2307,72.8567,0,Stable Microclimate Risk,598.0,8,10.3771794281095
2025-08-31,27.1,85.0,10.0,Borivali,19.2307,72.8567,0,Stable Microclimate Risk,604.8000000000001,8,7.01200415202284
2025-09-01,27.3,84.0,6.7,Borivali,19.2307,72.8567,0,Stable Microclimate Risk,607.1999999999999,9,13.364913411951145
2025-09-02,27.7,85.0,5.7,Borivali,19.2307,72.8567,0,Stable Microclimate Risk,607.9,9,13.93271610324781
2025-09-03,28.2,82.0,4.8,Borivali,19.2307,72.8567,0,Stable Microclimate Risk,597.3,9,17.480995936816583
2025-09-04,25.6,87.0,17.2,Borivali,19.2307,72.8567,0,Stable Microclimate Risk,575.6,9,12.323416437161704
2025-09-05,26.9,88.0,18.2,Borivali,19.2307,72.8567,0,Stable Microclimate Risk,558.0,9,17.557497876809308
2025-09-06,26.0,86.0,24.9,Borivali,19.2307,72.8567,0,Stable Microclimate Risk,548.7,9,24.675770200301145
2025-09-07,27.6,83.0,9.2,Borivali,19.2307,72.8567,0,Stable Microclimate Risk,541.5999999999999,9,19.077505112221314
2025-09-08,27.3,85.0,5.5,Borivali,19.2307,72.8567,0,Stable Microclimate Risk,420.1,9,14.759557463346137
2025-09-09,28.4,86.0,0.7,Borivali,19.2307,72.8567,0,Stable Microclimate Risk,284.3,9,14.084247644733527
2025-09-10,29.0,83.0,0.3,Borivali,19.2307,72.8567,0,Stable Microclimate Risk,223.1,9,13.216634329100645
2025-09-11,28.4,81.0,1.5,Borivali,19.2307,72.8567,0,Stable Microclimate Risk,198.6,9,20.903204562260722
2025-09-12,28.8,81.0,1.2,Borivali,19.2307,72.8567,0,Stable Microclimate Risk,195.3,9,11.863432770243485
2025-09-13,28.1,87.0,12.7,Borivali,19.2307,72.8567,0,Stable Microclimate Risk,197.6,9,15.226113544999913
2025-09-14,28.5,86.0,12.2,Borivali,19.2307,72.8567,0,Stable Microclimate Risk,203.1,9,15.255989509405426
2025-09-15,26.6,89.0,65.5,Borivali,19.2307,72.8567,0,Stable Microclimate Risk,245.39999999999998,9,12.49107903594234
2025-09-16,27.3,89.0,5.2,Borivali,19.2307,72.8567,0,Stable Microclimate Risk,235.7,9,8.137672260579496
2025-09-17,27.7,89.0,25.7,Borivali,19.2307,72.8567,0,Stable Microclimate Risk,253.79999999999998,9,16.61487251808834
2025-09-18,27.3,89.0,10.4,Borivali,19.2307,72.8567,0,Stable Microclimate Risk,247.9,9,14.694980140723082
2025-09-19,27.7,89.0,8.2,Borivali,19.2307,72.8567,0,Stable Microclimate Risk,248.6,9,17.50120234718285
2025-09-20,28.5,87.0,12.3,Borivali,19.2307,72.8567,0,Stable Microclimate Risk,258.09999999999997,9,12.331998467804166
2025-09-21,28.1,89.0,15.7,Borivali,19.2307,72.8567,0,Stable Microclimate Risk,263.79999999999995,9,21.10410649406524
2025-09-22,27.8,89.0,17.0,Borivali,19.2307,72.8567,0,Stable Microclimate Risk,274.1,9,10.616131093940776
2025-09-23,28.2,85.0,10.7,Borivali,19.2307,72.8567,0,Stable Microclimate Risk,279.1,9,23.560201420089463
2025-09-24,28.1,81.0,2.5,Borivali,19.2307,72.8567,0,Stable Microclimate Risk,276.8,9,6.2618174508586915
2025-09-25,27.6,84.0,3.1,Borivali,19.2307,72.8567,0,Stable Microclimate Risk,262.7,9,17.173850322784457
2025-09-26,28.6,85.0,3.0,Borivali,19.2307,72.8567,0,Stable Microclimate Risk,247.5,9,17.377153412633117
2025-09-27,27.7,85.0,14.1,Borivali,19.2307,72.8567,0,Stable Microclimate Risk,236.7,9,11.022214660295589
2025-09-28,26.0,89.0,125.7,Borivali,19.2307,72.8567,0,Stable Microclimate Risk,353.2,9,17.12196968930506
2025-09-29,27.8,78.0,15.8,Borivali,19.2307,72.8567,0,Stable Microclimate Risk,363.5,9,21.397593348800793
2025-09-30,27.0,84.0,11.2,Borivali,19.2307,72.8567,0,Stable Microclimate Risk,374.0,9,5.0
2025-10-01,28.0,86.0,12.0,Borivali,19.2307,72.8567,0,Stable Microclimate Risk,385.7,10,57.18039070412074
2025-10-02,27.4,87.0,4.1,Borivali,19.2307,72.8567,0,Stable Microclimate Risk,388.3,10,45.60031256501629
2025-10-03,28.1,85.0,2.4,Borivali,19.2307,72.8567,0,Stable Microclimate Risk,389.5,10,49.271675982383954
2025-10-04,28.3,85.0,3.1,Borivali,19.2307,72.8567,0,Stable Microclimate Risk,379.90000000000003,10,61.11249849117139
2025-10-05,27.6,84.0,0.7,Borivali,19.2307,72.8567,0,Stable Microclimate Risk,368.4,10,54.024423166373055
2025-10-06,27.9,83.0,1.1,Borivali,19.2307,72.8567,0,Stable Microclimate Risk,303.99999999999994,10,49.36393351128848
2025-10-07,28.4,85.0,2.1,Borivali,19.2307,72.8567,0,Stable Microclimate Risk,300.9,10,51.410311355076594
2025-10-08,28.9,84.0,0.3,Borivali,19.2307,72.8567,0,Stable Microclimate Risk,275.5,10,59.90619835748444
2025-10-09,31.1,76.0,0.0,Borivali,19.2307,72.8567,0,Stable Microclimate Risk,265.1,10,27.941588763969865
2025-10-10,32.5,65.0,0.1,Borivali,19.2307,72.8567,0,Stable Microclimate Risk,257.0,10,23.91011710846994
2025-10-11,33.3,62.0,0.1,Borivali,19.2307,72.8567,0,Stable Microclimate Risk,244.79999999999998,10,32.120491749231476
2025-10-12,34.3,58.0,0.1,Borivali,19.2307,72.8567,0,Stable Microclimate Risk,229.2,10,28.255178384355347
2025-10-13,34.0,55.0,0.0,Borivali,19.2307,72.8567,0,Stable Microclimate Risk,212.2,10,20.149510545215247
2025-10-14,34.7,54.0,0.0,Borivali,19.2307,72.8567,0,Stable Microclimate Risk,201.5,10,10.504736487366774
2025-10-15,34.4,56.0,1.5,Borivali,19.2307,72.8567,0,Stable Microclimate Risk,200.5,10,28.879217509045805
2025-10-16,34.5,68.0,6.2,Borivali,19.2307,72.8567,0,Stable Microclimate Risk,203.6,10,25.805545292079316
2025-10-17,35.5,62.0,0.1,Borivali,19.2307,72.8567,0,Stable Microclimate Risk,200.7,10,15.56140160547783
2025-10-18,35.2,58.0,1.1,Borivali,19.2307,72.8567,0,Stable Microclimate Risk,187.7,10,9.804654921979552
2025-10-19,34.7,60.0,0.5,Borivali,19.2307,72.8567,0,Stable Microclimate Risk,62.5,10,16.4548532958098
2025-10-20,34.5,59.0,0.2,Borivali,19.2307,72.8567,0,Stable Microclimate Risk,46.900000000000006,10,17.03153292810918
2025-10-21,33.8,61.0,5.9,Borivali,19.2307,72.8567,0,Stable Microclimate Risk,41.6,10,23.454256523077902
2025-10-22,33.4,73.0,4.8,Borivali,19.2307,72.8567,0,Stable Microclimate Risk,34.4,10,31.321673857323354
2025-10-23,34.0,70.0,6.1,Borivali,19.2307,72.8567,0,Stable Microclimate Risk,36.4,10,25.063751872353684
2025-10-24,32.5,71.0,8.7,Borivali,19.2307,72.8567,0,Stable Microclimate Risk,42.7,10,23.779786281742872
2025-10-25,29.6,83.0,13.8,Borivali,19.2307,72.8567,0,Stable Microclimate Risk,53.4,10,52.48248225009768
2025-10-26,26.3,91.0,34.3,Borivali,19.2307,72.8567,0,Stable Microclimate Risk,87.0,10,65.86566070006576
2025-10-27,29.9,87.0,13.3,Borivali,19.2307,72.8567,0,Stable Microclimate Risk,99.19999999999999,10,47.33532897929459
2025-10-28,31.2,76.0,0.4,Borivali,19.2307,72.8567,0,Stable Microclimate Risk,97.5,10,43.86603762972635
2025-10-29,30.4,78.0,0.1,Borivali,19.2307,72.8567,0,Stable Microclimate Risk,97.3,10,35.50876541909892
2025-10-30,28.1,82.0,11.5,Borivali,19.2307,72.8567,0,Stable Microclimate Risk,108.8,10,53.92087210646768
2025-10-31,28.6,82.0,8.6,Borivali,19.2307,72.8567,0,Stable Microclimate Risk,117.3,10,48.60939390987058
2025-11-01,27.9,87.0,3.1,Borivali,19.2307,72.8567,0,Stable Microclimate Risk,120.3,11,47.39403620650606
2025-11-02,27.1,88.0,4.2,Borivali,19.2307,72.8567,0,Stable Microclimate Risk,124.4,11,61.50021655469126
2025-11-03,28.1,87.0,2.5,Borivali,19.2307,72.8567,0,Stable Microclimate Risk,126.9,11,66.6577827579221
2025-11-04,27.6,86.0,1.6,Borivali,19.2307,72.8567,0,Stable Microclimate Risk,128.5,11,47.73294461080456
2025-11-05,28.0,81.0,0.1,Borivali,19.2307,72.8567,0,Stable Microclimate Risk,127.10000000000001,11,54.50526361141931
2025-11-06,28.6,81.0,0.6,Borivali,19.2307,72.8567,0,Stable Microclimate Risk,121.5,11,54.46938134204053
2025-11-07,30.9,73.0,0.0,Borivali,19.2307,72.8567,0,Stable Microclimate Risk,121.39999999999999,11,38.84872434161425
2025-11-08,32.8,57.0,0.0,Borivali,19.2307,72.8567,0,Stable Microclimate Risk,120.3,11,26.90102640408798
2025-11-09,30.9,56.0,0.0,Borivali,19.2307,72.8567,0,Stable Microclimate Risk,119.8,11,31.73725151610422
2025-11-10,31.700000000000003,57.0,0.0,Borivali,19.2307,72.8567,0,Stable Microclimate Risk,119.6,11,34.863933714700806
2025-11-11,31.5,58.0,0.0,Borivali,19.2307,72.8567,0,Stable Microclimate Risk,113.69999999999999,11,31.0495134482537
2025-11-12,32.3,45.0,0.0,Borivali,19.2307,72.8567,0,Stable Microclimate Risk,108.89999999999999,11,19.350391475107248
2025-11-13,32.8,45.0,0.0,Borivali,19.2307,72.8567,0,Stable Microclimate Risk,102.8,11,33.43962776923534
2025-11-14,32.6,48.0,0.0,Borivali,19.2307,72.8567,0,Stable Microclimate Risk,94.1,11,33.39192909921021
2025-11-15,32.7,46.0,0.0,Borivali,19.2307,72.8567,0,Stable Microclimate Risk,80.3,11,28.291638217588716
2025-11-16,32.6,42.0,0.0,Borivali,19.2307,72.8567,0,Stable Microclimate Risk,46.0,11,29.74537344102851
2025-11-17,31.9,43.0,0.0,Borivali,19.2307,72.8567,0,Stable Microclimate Risk,32.7,11,37.93825673024448
2025-11-18,31.700000000000003,44.0,0.0,Borivali,19.2307,72.8567,0,Stable Microclimate Risk,32.3,11,34.8216982838904
2025-11-19,32.3,44.0,0.0,Borivali,19.2307,72.8567,0,Stable Microclimate Risk,32.199999999999996,11,34.820087773806584
2025-11-20,32.4,48.0,0.0,Borivali,19.2307,72.8567,0,Stable Microclimate Risk,20.7,11,28.24592232896409
2025-11-21,33.3,50.0,0.0,Borivali,19.2307,72.8567,0,Stable Microclimate Risk,12.100000000000001,11,31.19325202620308
2025-11-22,32.7,54.0,0.0,Borivali,19.2307,72.8567,0,Stable Microclimate Risk,9.000000000000002,11,29.637261962996735
2025-11-23,32.2,60.0,0.0,Borivali,19.2307,72.8567,0,Stable Microclimate Risk,4.8,11,31.836926384696024
2025-11-24,32.3,63.0,0.0,Borivali,19.2307,72.8567,0,Stable Microclimate Risk,2.3,11,23.949694556439855
2025-11-25,32.5,65.0,0.0,Borivali,19.2307,72.8567,0,Stable Microclimate Risk,0.7,11,30.601445938175207
2025-11-26,32.1,66.0,0.0,Borivali,19.2307,72.8567,0,Stable Microclimate Risk,0.6,11,27.27355874586107
2025-11-27,33.2,61.0,0.0,Borivali,19.2307,72.8567,0,Stable Microclimate Risk,0.0,11,22.008586367357516
2025-11-28,32.7,58.0,0.0,Borivali,19.2307,72.8567,0,Stable Microclimate Risk,0.0,11,23.95645519175271
2025-11-29,32.4,48.0,0.0,Borivali,19.2307,72.8567,0,Stable Microclimate Risk,0.0,11,24.402158673837217
2025-11-30,31.5,48.0,0.0,Borivali,19.2307,72.8567,0,Stable Microclimate Risk,0.0,11,45.45719034841814
2025-12-01,32.0,48.0,0.0,Borivali,19.2307,72.8567,0,Stable Microclimate Risk,0.0,12,38.656695309942016
2025-12-02,31.700000000000003,53.0,0.0,Borivali,19.2307,72.8567,0,Stable Microclimate Risk,0.0,12,43.3018375107213
2025-12-03,32.8,48.0,0.0,Borivali,19.2307,72.8567,0,Stable Microclimate Risk,0.0,12,21.352191568888863
2025-12-04,33.2,46.0,0.0,Borivali,19.2307,72.8567,0,Stable Microclimate Risk,0.0,12,25.556268749554448
2025-12-05,33.6,47.0,0.0,Borivali,19.2307,72.8567,0,Stable Microclimate Risk,0.0,12,16.465795207312848
2025-12-06,32.5,48.0,0.0,Borivali,19.2307,72.8567,0,Stable Microclimate Risk,0.0,12,25.688192280681346
2025-12-07,33.0,45.0,0.0,Borivali,19.2307,72.8567,0,Stable Microclimate Risk,0.0,12,21.742698416250462
2025-12-08,33.2,49.0,0.0,Borivali,19.2307,72.8567,0,Stable Microclimate Risk,0.0,12,31.397920032207793
2025-12-09,32.6,33.0,0.0,Borivali,19.2307,72.8567,0,Stable Microclimate Risk,0.0,12,26.618851609491195
2025-12-10,32.7,33.0,0.0,Borivali,19.2307,72.8567,0,Stable Microclimate Risk,0.0,12,33.3752300018034
2025-12-11,32.5,35.0,0.0,Borivali,19.2307,72.8567,0,Stable Microclimate Risk,0.0,12,32.18727111460925
2025-12-12,31.799999999999997,41.0,0.0,Borivali,19.2307,72.8567,0,Stable Microclimate Risk,0.0,12,44.65152709385729
2025-12-13,32.5,45.0,0.0,Borivali,19.2307,72.8567,0,Stable Microclimate Risk,0.0,12,21.769445550968044
2025-12-14,31.9,42.0,0.0,Borivali,19.2307,72.8567,0,Stable Microclimate Risk,0.0,12,38.86283286560067
2025-12-15,32.0,41.0,0.0,Borivali,19.2307,72.8567,0,Stable Microclimate Risk,0.0,12,37.732204352003635
2025-12-16,32.3,41.0,0.0,Borivali,19.2307,72.8567,0,Stable Microclimate Risk,0.0,12,25.43310580986484
2025-12-17,32.6,46.0,0.0,Borivali,19.2307,72.8567,0,Stable Microclimate Risk,0.0,12,33.635666682365795
2025-12-18,32.6,44.0,0.0,Borivali,19.2307,72.8567,0,Stable Microclimate Risk,0.0,12,30.280724815131137
2025-12-19,32.7,41.0,0.0,Borivali,19.2307,72.8567,0,Stable Microclimate Risk,0.0,12,26.895952033566278
2025-12-20,32.6,38.0,0.0,Borivali,19.2307,72.8567,0,Stable Microclimate Risk,0.0,12,24.480322565139996
2025-12-21,31.9,38.0,0.0,Borivali,19.2307,72.8567,0,Stable Microclimate Risk,0.0,12,28.971119409420748
2025-12-22,31.1,39.0,0.0,Borivali,19.2307,72.8567,0,Stable Microclimate Risk,0.0,12,47.34906047892962
2025-12-23,31.799999999999997,44.0,0.0,Borivali,19.2307,72.8567,0,Stable Microclimate Risk,0.0,12,33.13674742812076
2025-12-24,31.700000000000003,43.0,0.0,Borivali,19.2307,72.8567,0,Stable Microclimate Risk,0.0,12,37.610650007657284
2025-12-25,31.0,47.0,0.0,Borivali,19.2307,72.8567,0,Stable Microclimate Risk,0.0,12,33.712169758328905
2025-12-26,30.8,47.0,0.0,Borivali,19.2307,72.8567,0,Stable Microclimate Risk,0.0,12,34.9007352688918
2025-12-27,31.5,47.0,0.0,Borivali,19.2307,72.8567,0,Stable Microclimate Risk,0.0,12,40.24325737958304
2025-12-28,31.0,47.0,0.0,Borivali,19.2307,72.8567,0,Stable Microclimate Risk,0.0,12,30.918785608909012
2025-12-29,30.7,49.0,0.0,Borivali,19.2307,72.8567,0,Stable Microclimate Risk,0.0,12,37.29059782714032
2025-12-30,28.9,62.0,0.0,Borivali,19.2307,72.8567,0,Stable Microclimate Risk,0.0,12,49.73680372202784
2025-12-31,28.3,71.0,0.0,Borivali,19.2307,72.8567,0,Stable Microclimate Risk,0.0,12,53.523529675866925
2021-01-21,29.3,63.0,0.0,Chembur,19.0622,72.8984,1,Urban Heat Island Risk,3.6,1,46.40453357491921
2021-01-22,30.1,73.0,0.0,Chembur,19.0622,72.8984,1,Urban Heat Island Risk,3.6,1,44.745765572146276
2021-01-23,31.1,66.0,0.0,Chembur,19.0622,72.8984,1,Urban Heat Island Risk,3.6,1,40.56427877908905
2021-01-24,29.9,60.0,0.0,Chembur,19.0622,72.8984,1,Urban Heat Island Risk,3.6,1,47.573187727296656
2021-01-25,29.5,62.0,0.0,Chembur,19.0622,72.8984,1,Urban Heat Island Risk,3.6,1,41.23764762332754
2021-01-26,28.5,68.0,0.0,Chembur,19.0622,72.8984,1,Urban Heat Island Risk,3.2,1,50.41255784368935
2021-01-27,27.6,69.0,0.0,Chembur,19.0622,72.8984,1,Urban Heat Island Risk,3.2,1,62.90714764271801
2021-01-28,28.0,69.0,0.0,Chembur,19.0622,72.8984,1,Urban Heat Island Risk,3.0,1,59.139902604536026
2021-01-29,28.7,61.0,0.0,Chembur,19.0622,72.8984,1,Urban Heat Island Risk,0.2,1,43.83570274259469
2021-01-30,30.5,61.0,0.0,Chembur,19.0622,72.8984,1,Urban Heat Island Risk,0.0,1,42.25739950176101
2021-01-31,31.4,60.0,0.0,Chembur,19.0622,72.8984,1,Urban Heat Island Risk,0.0,1,25.508873753125954
2021-02-01,33.1,51.0,0.0,Chembur,19.0622,72.8984,1,Urban Heat Island Risk,0.0,2,26.001341176968506
2021-02-02,33.4,45.0,0.0,Chembur,19.0622,72.8984,1,Urban Heat Island Risk,0.0,2,33.55550175039656
2021-02-03,31.7,51.0,0.0,Chembur,19.0622,72.8984,1,Urban Heat Island Risk,0.0,2,28.96053641365507
2021-02-04,30.7,58.0,0.0,Chembur,19.0622,72.8984,1,Urban Heat Island Risk,0.0,2,35.19505143920876
2021-02-05,30.4,51.0,0.0,Chembur,19.0622,72.8984,1,Urban Heat Island Risk,0.0,2,44.88681557453098
2021-02-06,31.9,43.0,0.0,Chembur,19.0622,72.8984,1,Urban Heat Island Risk,0.0,2,24.852659090618445
2021-02-07,33.3,37.0,0.0,Chembur,19.0622,72.8984,1,Urban Heat Island Risk,0.0,2,21.469558183908152
2021-02-08,33.2,39.0,0.0,Chembur,19.0622,72.8984,1,Urban Heat Island Risk,0.0,2,28.18220568790875
2021-02-09,33.2,47.0,0.0,Chembur,19.0622,72.8984,1,Urban Heat Island Risk,0.0,2,22.02857076155297
2021-02-10,31.4,55.0,0.0,Chembur,19.0622,72.8984,1,Urban Heat Island Risk,0.0,2,34.22015006394515
2021-02-11,32.7,53.0,0.0,Chembur,19.0622,72.8984,1,Urban Heat Island Risk,0.0,2,31.75426188490849
2021-02-12,30.8,59.0,0.0,Chembur,19.0622,72.8984,1,Urban Heat Island Risk,0.0,2,40.90773041768281
2021-02-13,30.8,64.0,0.0,Chembur,19.0622,72.8984,1,Urban Heat Island Risk,0.0,2,40.134091981477006
2021-02-14,30.6,68.0,0.0,Chembur,19.0622,72.8984,1,Urban Heat Island Risk,0.0,2,38.23772193698313
2021-02-15,29.1,70.0,0.0,Chembur,19.0622,72.8984,1,Urban Heat Island Risk,0.0,2,50.2836389096781
2021-02-16,28.3,77.0,0.0,Chembur,19.0622,72.8984,1,Urban Heat Island Risk,0.0,2,52.34800326616788
2021-02-17,29.3,74.0,0.0,Chembur,19.0622,72.8984,1,Urban Heat Island Risk,0.0,2,49.58902804962892
2021-02-18,31.9,64.0,1.0,Chembur,19.0622,72.8984,1,Urban Heat Island Risk,1.0,2,30.082006541076787
2021-02-19,32.5,60.0,0.1,Chembur,19.0622,72.8984,1,Urban Heat Island Risk,1.1,2,28.25382179476896
2021-02-20,32.8,53.0,0.0,Chembur,19.0622,72.8984,1,Urban Heat Island Risk,1.1,2,22.516877703906612
2021-02-21,34.5,43.0,0.0,Chembur,19.0622,72.8984,1,Urban Heat Island Risk,1.1,2,17.658295283302152
2021-02-22,33.6,55.0,0.0,Chembur,19.0622,72.8984,1,Urban Heat Island Risk,1.1,2,18.878329015189102
2021-02-23,32.2,59.0,0.0,Chembur,19.0622,72.8984,1,Urban Heat Island Risk,1.1,2,25.296434415856687
2021-02-24,33.5,58.0,0.0,Chembur,19.0622,72.8984,1,Urban Heat Island Risk,1.1,2,24.793305739276942
2021-02-25,33.5,52.0,0.0,Chembur,19.0622,72.8984,1,Urban Heat Island Risk,1.1,2,24.563698879288303
2021-02-26,30.8,64.0,0.0,Chembur,19.0622,72.8984,1,Urban Heat Island Risk,1.1,2,42.71436867474286
2021-02-27,31.7,67.0,0.0,Chembur,19.0622,72.8984,1,Urban Heat Island Risk,1.1,2,31.54437215212451
2021-02-28,34.8,54.0,0.0,Chembur,19.0622,72.8984,1,Urban Heat Island Risk,1.1,2,18.173597567517128
2021-03-01,35.6,47.0,0.0,Chembur,19.0622,72.8984,1,Urban Heat Island Risk,1.1,3,17.753987861368316
2021-03-02,34.9,42.0,0.0,Chembur,19.0622,72.8984,1,Urban Heat Island Risk,1.1,3,17.223869039157975
2021-03-03,36.7,38.0,0.0,Chembur,19.0622,72.8984,1,Urban Heat Island Risk,1.1,3,10.87173158598929
2021-03-04,36.8,34.0,0.0,Chembur,19.0622,72.8984,1,Urban Heat Island Risk,1.1,3,15.746817411355945
2021-03-05,37.1,41.0,0.0,Chembur,19.0622,72.8984,1,Urban Heat Island Risk,1.1,3,16.820701480273307
2021-03-06,31.9,76.0,0.0,Chembur,19.0622,72.8984,1,Urban Heat Island Risk,1.1,3,15.03589233453971
2021-03-07,33.3,65.0,0.0,Chembur,19.0622,72.8984,1,Urban Heat Island Risk,1.1,3,5.0
2021-03-08,32.8,62.0,0.0,Chembur,19.0622,72.8984,1,Urban Heat Island Risk,1.1,3,15.8024481198674
2021-03-09,35.3,55.0,0.0,Chembur,19.0622,72.8984,1,Urban Heat Island Risk,1.1,3,26.06265519698621
2021-03-10,33.2,60.0,0.0,Chembur,19.0622,72.8984,1,Urban Heat Island Risk,1.1,3,13.199803656215087
2021-03-11,31.5,69.0,0.0,Chembur,19.0622,72.8984,1,Urban Heat Island Risk,0.1,3,11.359614510723395
2021-03-12,33.2,62.0,0.0,Chembur,19.0622,72.8984,1,Urban Heat Island Risk,0.0,3,16.86674279855699
2021-03-13,36.2,46.0,0.0,Chembur,19.0622,72.8984,1,Urban Heat Island Risk,0.0,3,16.561891052332857
2021-03-14,35.1,44.0,0.0,Chembur,19.0622,72.8984,1,Urban Heat Island Risk,0.0,3,20.96367582708207
2021-03-15,35.1,44.0,0.0,Chembur,19.0622,72.8984,1,Urban Heat Island Risk,0.0,3,8.710659220455561
2021-03-16,34.3,51.0,0.0,Chembur,19.0622,72.8984,1,Urban Heat Island Risk,0.0,3,18.65690126287496
2021-03-17,35.2,51.0,0.0,Chembur,19.0622,72.8984,1,Urban Heat Island Risk,0.0,3,17.952110306257318
2021-03-18,33.0,57.0,0.0,Chembur,19.0622,72.8984,1,Urban Heat Island Risk,0.0,3,14.28926731529727
2021-03-19,32.7,63.0,0.0,Chembur,19.0622,72.8984,1,Urban Heat Island Risk,0.0,3,16.69343658960845
2021-03-20,31.6,73.0,0.0,Chembur,19.0622,72.8984,1,Urban Heat Island Risk,0.0,3,20.147287407991787
2021-03-21,32.5,72.0,0.0,Chembur,19.0622,72.8984,1,Urban Heat Island Risk,0.0,3,19.361576900142254
2021-03-22,34.3,68.0,0.0,Chembur,19.0622,72.8984,1,Urban Heat Island Risk,0.0,3,9.284903439631357
2021-03-23,34.3,50.0,0.0,Chembur,19.0622,72.8984,1,Urban Heat Island Risk,0.0,3,19.10079093377742
2021-03-24,36.0,47.0,0.0,Chembur,19.0622,72.8984,1,Urban Heat Island Risk,0.0,3,14.676556974837407
2021-03-25,38.7,30.0,0.0,Chembur,19.0622,72.8984,1,Urban Heat Island Risk,0.0,3,15.364370490077578
2021-03-26,37.0,30.0,0.0,Chembur,19.0622,72.8984,1,Urban Heat Island Risk,0.0,3,15.365984955008473
2021-03-27,39.1,30.0,0.0,Chembur,19.0622,72.8984,1,Urban Heat Island Risk,0.0,3,14.2487850560087
2021-03-28,34.2,57.0,0.0,Chembur,19.0622,72.8984,1,Urban Heat Island Risk,0.0,3,20.958537485535324
2021-03-29,33.0,76.0,0.0,Chembur,19.0622,72.8984,1,Urban Heat Island Risk,0.0,3,14.58141020075394
2021-03-30,31.9,76.0,0.0,Chembur,19.0622,72.8984,1,Urban Heat Island Risk,0.0,3,9.402269358084157
2021-03-31,31.4,79.0,0.0,Chembur,19.0622,72.8984,1,Urban Heat Island Risk,0.0,3,13.032350720151356
2021-04-01,32.1,76.0,0.0,Chembur,19.0622,72.8984,1,Urban Heat Island Risk,0.0,4,15.893473584052378
2021-04-02,31.5,74.0,0.1,Chembur,19.0622,72.8984,1,Urban Heat Island Risk,0.1,4,21.146073921485254
2021-04-03,30.9,73.0,0.0,Chembur,19.0622,72.8984,1,Urban Heat Island Risk,0.1,4,18.01547342474417
2021-04-04,31.5,74.0,0.0,Chembur,19.0622,72.8984,1,Urban Heat Island Risk,0.1,4,10.74732360626478
2021-04-05,32.2,78.0,0.0,Chembur,19.0622,72.8984,1,Urban Heat Island Risk,0.1,4,27.425949583394456
2021-04-06,34.4,64.0,0.0,Chembur,19.0622,72.8984,1,Urban Heat Island Risk,0.1,4,16.3238765548899
2021-04-07,33.8,68.0,0.0,Chembur,19.0622,72.8984,1,Urban Heat Island Risk,0.1,4,21.376953689995073
2021-04-08,32.0,78.0,0.0,Chembur,19.0622,72.8984,1,Urban Heat Island Risk,0.1,4,14.241427832113855
2021-04-09,32.5,75.0,0.0,Chembur,19.0622,72.8984,1,Urban Heat Island Risk,0.1,4,17.666796223527246
2021-04-10,32.8,75.0,0.0,Chembur,19.0622,72.8984,1,Urban Heat Island Risk,0.1,4,19.197342522592024
2021-04-11,34.6,73.0,0.0,Chembur,19.0622,72.8984,1,Urban Heat Island Risk,0.1,4,21.09097355877128
2021-04-12,33.8,72.0,0.0,Chembur,19.0622,72.8984,1,Urban Heat Island Risk,0.1,4,20.286841526891124
2021-04-13,36.6,65.0,0.0,Chembur,19.0622,72.8984,1,Urban Heat Island Risk,0.1,4,19.360985000364888
2021-04-14,35.8,66.0,0.0,Chembur,19.0622,72.8984,1,Urban Heat Island Risk,0.1,4,13.424566344029458
2021-04-15,34.5,73.0,0.0,Chembur,19.0622,72.8984,1,Urban Heat Island Risk,0.1,4,12.141269790219694
2021-04-16,32.5,74.0,0.0,Chembur,19.0622,72.8984,1,Urban Heat Island Risk,0.1,4,16.663037551620988
2021-04-17,32.8,77.0,0.0,Chembur,19.0622,72.8984,1,Urban Heat Island Risk,0.1,4,19.665640361705346
2021-04-18,34.7,74.0,0.0,Chembur,19.0622,72.8984,1,Urban Heat Island Risk,0.1,4,13.886396496116966
2021-04-19,33.1,76.0,0.0,Chembur,19.0622,72.8984,1,Urban Heat Island Risk,0.1,4,20.325859828571932
2021-04-20,32.5,76.0,0.0,Chembur,19.0622,72.8984,1,Urban Heat Island Risk,0.1,4,22.263083727430896
2021-04-21,32.5,75.0,0.0,Chembur,19.0622,72.8984,1,Urban Heat Island Risk,0.1,4,10.418395404632902
2021-04-22,33.3,75.0,0.0,Chembur,19.0622,72.8984,1,Urban Heat Island Risk,0.1,4,10.8153964810186
2021-04-23,33.8,70.0,0.0,Chembur,19.0622,72.8984,1,Urban Heat Island Risk,0.0,4,14.298124705473318
2021-04-24,32.7,75.0,0.0,Chembur,19.0622,72.8984,1,Urban Heat Island Risk,0.0,4,16.538063340945982
2021-04-25,34.1,76.0,0.0,Chembur,19.0622,72.8984,1,Urban Heat Island Risk,0.0,4,12.377164931164746
2021-04-26,33.9,77.0,0.0,Chembur,19.0622,72.8984,1,Urban Heat Island Risk,0.0,4,21.76101339433572
2021-04-27,34.2,73.0,0.0,Chembur,19.0622,72.8984,1,Urban Heat Island Risk,0.0,4,17.120334307592255
2021-04-28,34.7,73.0,0.0,Chembur,19.0622,72.8984,1,Urban Heat Island Risk,0.0,4,15.197235241203698
2021-04-29,34.5,77.0,0.0,Chembur,19.0622,72.8984,1,Urban Heat Island Risk,0.0,4,7.820452380657362
2021-04-30,32.9,77.0,0.0,Chembur,19.0622,72.8984,1,Urban Heat Island Risk,0.0,4,8.420920917862464
2021-05-01,34.7,72.0,0.0,Chembur,19.0622,72.8984,1,Urban Heat Island Risk,0.0,5,16.405046251409033
2021-05-02,34.1,75.0,0.0,Chembur,19.0622,72.8984,1,Urban Heat Island Risk,0.0,5,5.0
2021-05-03,34.8,73.0,0.0,Chembur,19.0622,72.8984,1,Urban Heat Island Risk,0.0,5,20.063187048220357
2021-05-04,34.1,71.0,0.0,Chembur,19.0622,72.8984,1,Urban Heat Island Risk,0.0,5,14.209230778138398
2021-05-05,33.8,73.0,0.0,Chembur,19.0622,72.8984,1,Urban Heat Island Risk,0.0,5,31.215464847973667
2021-05-06,33.3,77.0,0.0,Chembur,19.0622,72.8984,1,Urban Heat Island Risk,0.0,5,26.539581253080552
2021-05-07,33.4,76.0,0.0,Chembur,19.0622,72.8984,1,Urban Heat Island Risk,0.0,5,14.092754653762416
2021-05-08,33.8,76.0,0.0,Chembur,19.0622,72.8984,1,Urban Heat Island Risk,0.0,5,14.468314987343426
2021-05-09,33.4,75.0,0.0,Chembur,19.0622,72.8984,1,Urban Heat Island Risk,0.0,5,19.97790757001015
2021-05-10,33.7,71.0,0.0,Chembur,19.0622,72.8984,1,Urban Heat Island Risk,0.0,5,23.515863049590187
2021-05-11,33.2,71.0,0.0,Chembur,19.0622,72.8984,1,Urban Heat Island Risk,0.0,5,6.8098547128199165
2021-05-12,33.0,67.0,0.0,Chembur,19.0622,72.8984,1,Urban Heat Island Risk,0.0,5,6.068122673226567
2021-05-13,32.5,64.0,0.0,Chembur,19.0622,72.8984,1,Urban Heat Island Risk,0.0,5,11.889825972228092
2021-05-14,33.7,71.0,0.0,Chembur,19.0622,72.8984,1,Urban Heat Island Risk,0.0,5,17.91368791586932
2021-05-15,35.7,63.0,0.0,Chembur,19.0622,72.8984,1,Urban Heat Island Risk,0.0,5,17.484367952537987
2021-05-16,36.7,60.0,7.0,Chembur,19.0622,72.8984,1,Urban Heat Island Risk,7.0,5,20.34885727491925
2021-05-17,28.0,86.0,199.9,Chembur,19.0622,72.8984,1,Urban Heat Island Risk,206.9,5,9.001512358173459
2021-05-18,29.1,86.0,22.6,Chembur,19.0622,72.8984,1,Urban Heat Island Risk,229.5,5,5.0
2021-05-19,29.6,86.0,15.2,Chembur,19.0622,72.8984,1,Urban Heat Island Risk,244.70000000000002,5,19.290070976510727
2021-05-20,31.1,81.0,1.0,Chembur,19.0622,72.8984,1,Urban Heat Island Risk,245.70000000000002,5,10.859018635173827
2021-05-21,31.2,80.0,0.3,Chembur,19.0622,72.8984,1,Urban Heat Island Risk,246.0,5,5.0
2021-05-22,31.0,76.0,1.2,Chembur,19.0622,72.8984,1,Urban Heat Island Risk,247.20000000000002,5,15.725318729796909
2021-05-23,31.3,77.0,1.6,Chembur,19.0622,72.8984,1,Urban Heat Island Risk,248.8,5,18.965878441093388
2021-05-24,31.4,79.0,1.8,Chembur,19.0622,72.8984,1,Urban Heat Island Risk,250.6,5,14.389714339393613
2021-05-25,31.4,76.0,1.7,Chembur,19.0622,72.8984,1,Urban Heat Island Risk,252.3,5,12.710758069087554
2021-05-26,31.5,69.0,0.0,Chembur,19.0622,72.8984,1,Urban Heat Island Risk,252.3,5,14.203188839270467
2021-05-27,32.0,70.0,4.8,Chembur,19.0622,72.8984,1,Urban Heat Island Risk,257.1,5,13.147086187996086
2021-05-28,31.5,77.0,3.6,Chembur,19.0622,72.8984,1,Urban Heat Island Risk,260.7,5,8.259764440299165
2021-05-29,31.4,80.0,2.8,Chembur,19.0622,72.8984,1,Urban Heat Island Risk,263.5,5,11.426596615047842
2021-05-30,31.2,80.0,3.3,Chembur,19.0622,72.8984,1,Urban Heat Island Risk,266.8,5,17.606399525069072
2021-05-31,30.8,83.0,3.5,Chembur,19.0622,72.8984,1,Urban Heat Island Risk,270.3,5,16.6083927068825
2021-06-01,31.0,84.0,7.4,Chembur,19.0622,72.8984,1,Urban Heat Island Risk,277.7,6,15.840299029834101
2021-06-02,30.3,84.0,11.1,Chembur,19.0622,72.8984,1,Urban Heat Island Risk,288.8,6,10.024257590733104
2021-06-03,31.3,82.0,1.3,Chembur,19.0622,72.8984,1,Urban Heat Island Risk,290.1,6,14.092484189321665
2021-06-04,31.5,82.0,5.2,Chembur,19.0622,72.8984,1,Urban Heat Island Risk,295.3,6,5.0
2021-06-05,29.6,84.0,7.7,Chembur,19.0622,72.8984,1,Urban Heat Island Risk,303.0,6,15.89238331942695
2021-06-06,29.9,82.0,9.7,Chembur,19.0622,72.8984,1,Urban Heat Island Risk,305.7,6,22.144288539067837
2021-06-07,29.7,85.0,10.5,Chembur,19.0622,72.8984,1,Urban Heat Island Risk,116.3,6,7.629339339789471
2021-06-08,28.9,89.0,25.1,Chembur,19.0622,72.8984,1,Urban Heat Island Risk,118.8,6,12.070361633411224
2021-06-09,28.7,88.0,24.0,Chembur,19.0622,72.8984,1,Urban Heat Island Risk,127.60000000000001,6,16.64553389355065
2021-06-10,28.5,87.0,24.0,Chembur,19.0622,72.8984,1,Urban Heat Island Risk,150.6,6,21.264213172137417
2021-06-11,28.7,87.0,19.6,Chembur,19.0622,72.8984,1,Urban Heat Island Risk,169.9,6,12.758876918499253
2021-06-12,29.1,88.0,15.7,Chembur,19.0622,72.8984,1,Urban Heat Island Risk,184.4,6,11.538748353670519
2021-06-13,29.4,87.0,9.6,Chembur,19.0622,72.8984,1,Urban Heat Island Risk,192.4,6,5.155384287919585
2021-06-14,29.5,88.0,5.2,Chembur,19.0622,72.8984,1,Urban Heat Island Risk,195.8,6,15.517190646540532
2021-06-15,28.7,87.0,9.2,Chembur,19.0622,72.8984,1,Urban Heat Island Risk,203.3,6,25.21038020071872
2021-06-16,27.7,89.0,13.7,Chembur,19.0622,72.8984,1,Urban Heat Island Risk,217.0,6,16.38679230982338
2021-06-17,27.8,88.0,18.5,Chembur,19.0622,72.8984,1,Urban Heat Island Risk,230.7,6,14.888605104081433
2021-06-18,27.8,88.0,15.9,Chembur,19.0622,72.8984,1,Urban Heat Island Risk,243.0,6,16.61041155383493
2021-06-19,27.4,88.0,18.5,Chembur,19.0622,72.8984,1,Urban Heat Island Risk,258.7,6,14.94453998025699
2021-06-20,29.4,86.0,10.3,Chembur,19.0622,72.8984,1,Urban Heat Island Risk,265.7,6,10.934928138699352
2021-06-21,29.6,83.0,5.6,Chembur,19.0622,72.8984,1,Urban Heat Island Risk,267.8,6,19.116399578388528
2021-06-22,29.1,84.0,5.9,Chembur,19.0622,72.8984,1,Urban Heat Island Risk,266.29999999999995,6,16.12880761555877
2021-06-23,28.6,87.0,5.6,Chembur,19.0622,72.8984,1,Urban Heat Island Risk,260.8,6,15.088066259668286
2021-06-24,28.0,88.0,8.7,Chembur,19.0622,72.8984,1,Urban Heat Island Risk,268.2,6,10.123169863608751
2021-06-25,27.2,90.0,36.7,Chembur,19.0622,72.8984,1,Urban Heat Island Risk,299.70000000000005,6,21.517539659673794
2021-06-26,29.9,80.0,3.5,Chembur,19.0622,72.8984,1,Urban Heat Island Risk,295.5,6,18.32351372666555
2021-06-27,29.0,83.0,9.3,Chembur,19.0622,72.8984,1,Urban Heat Island Risk,295.09999999999997,6,12.235395813163489
2021-06-28,27.9,88.0,19.2,Chembur,19.0622,72.8984,1,Urban Heat Island Risk,303.79999999999995,6,20.009124268409685
2021-06-29,29.7,86.0,3.0,Chembur,19.0622,72.8984,1,Urban Heat Island Risk,281.70000000000005,6,12.512145808073964
2021-06-30,29.4,87.0,4.8,Chembur,19.0622,72.8984,1,Urban Heat Island Risk,262.5,6,11.089982537444815
2021-07-01,30.3,78.0,2.9,Chembur,19.0622,72.8984,1,Urban Heat Island Risk,241.4,7,11.201484412598564
2021-07-02,30.4,79.0,1.8,Chembur,19.0622,72.8984,1,Urban Heat Island Risk,223.6,7,6.144657234559544
2021-07-03,30.0,83.0,1.8,Chembur,19.0622,72.8984,1,Urban Heat Island Risk,209.70000000000002,7,17.35771190209103
2021-07-04,29.6,84.0,2.3,Chembur,19.0622,72.8984,1,Urban Heat Island Risk,202.4,7,5.84427560830825
2021-07-05,29.6,85.0,1.2,Chembur,19.0622,72.8984,1,Urban Heat Island Risk,198.4,7,8.857780843671186
2021-07-06,30.1,84.0,1.0,Chembur,19.0622,72.8984,1,Urban Heat Island Risk,190.20000000000002,7,5.0
2021-07-07,30.1,82.0,2.2,Chembur,19.0622,72.8984,1,Urban Heat Island Risk,178.70000000000002,7,14.569651536045535
2021-07-08,29.6,86.0,8.9,Chembur,19.0622,72.8984,1,Urban Heat Island Risk,169.10000000000002,7,14.24839769864064
2021-07-09,29.6,84.0,4.1,Chembur,19.0622,72.8984,1,Urban Heat Island Risk,157.3,7,13.36651893406818
2021-07-10,27.3,90.0,85.5,Chembur,19.0622,72.8984,1,Urban Heat Island Risk,224.3,7,9.787111526647118
2021-07-11,29.3,86.0,13.7,Chembur,19.0622,72.8984,1,Urban Heat Island Risk,227.7,7,9.1388312328168
2021-07-12,28.8,89.0,41.0,Chembur,19.0622,72.8984,1,Urban Heat Island Risk,263.1,7,17.32184931773287
2021-07-13,28.6,89.0,34.6,Chembur,19.0622,72.8984,1,Urban Heat Island Risk,291.8,7,12.247240341457562
2021-07-14,27.8,89.0,34.9,Chembur,19.0622,72.8984,1,Urban Heat Island Risk,321.1,7,16.581791607680724
2021-07-15,28.5,86.0,22.4,Chembur,19.0622,72.8984,1,Urban Heat Island Risk,334.8,7,10.573756569378887
2021-07-16,28.9,89.0,31.8,Chembur,19.0622,72.8984,1,Urban Heat Island Risk,329.90000000000003,7,15.905313713855412
2021-07-17,28.1,88.0,40.6,Chembur,19.0622,72.8984,1,Urban Heat Island Risk,367.0,7,21.516390186580317
2021-07-18,28.7,88.0,32.9,Chembur,19.0622,72.8984,1,Urban Heat Island Risk,390.6,7,17.930829001963918
2021-07-19,27.9,90.0,55.2,Chembur,19.0622,72.8984,1,Urban Heat Island Risk,426.59999999999997,7,12.937930908917599
2021-07-20,28.0,89.0,29.1,Chembur,19.0622,72.8984,1,Urban Heat Island Risk,452.70000000000005,7,16.285994851779638
2021-07-21,27.7,88.0,36.7,Chembur,19.0622,72.8984,1,Urban Heat Island Risk,484.6,7,13.796674127348934
2021-07-22,27.7,86.0,18.5,Chembur,19.0622,72.8984,1,Urban Heat Island Risk,500.2,7,15.039400923473641
2021-07-23,27.3,88.0,28.2,Chembur,19.0622,72.8984,1,Urban Heat Island Risk,526.6,7,13.371944739257483
2021-07-24,28.3,86.0,13.1,Chembur,19.0622,72.8984,1,Urban Heat Island Risk,537.9,7,14.178323970573045
2021-07-25,28.8,88.0,15.3,Chembur,19.0622,72.8984,1,Urban Heat Island Risk,550.9,7,16.060466765370876
2021-07-26,29.0,86.0,12.5,Chembur,19.0622,72.8984,1,Urban Heat Island Risk,562.1999999999999,7,10.033206502090247
2021-07-27,28.5,84.0,8.4,Chembur,19.0622,72.8984,1,Urban Heat Island Risk,569.5999999999999,7,9.920605865050108
2021-07-28,28.8,81.0,12.4,Chembur,19.0622,72.8984,1,Urban Heat Island Risk,579.8000000000001,7,8.057287230843944
2021-07-29,29.3,82.0,11.3,Chembur,19.0622,72.8984,1,Urban Heat Island Risk,582.2,7,6.9986444774814505
2021-07-30,28.6,81.0,8.4,Chembur,19.0622,72.8984,1,Urban Heat Island Risk,586.5,7,8.913586538897604
2021-07-31,29.1,80.0,2.7,Chembur,19.0622,72.8984,1,Urban Heat Island Risk,503.70000000000005,7,15.797312534020646
2021-08-01,28.7,79.0,3.1,Chembur,19.0622,72.8984,1,Urban Heat Island Risk,493.09999999999997,8,10.53606242254058
2021-08-02,28.5,82.0,4.7,Chembur,19.0622,72.8984,1,Urban Heat Island Risk,456.8,8,17.56807232115548
2021-08-03,27.7,87.0,9.8,Chembur,19.0622,72.8984,1,Urban Heat Island Risk,432.0,8,15.173568743762809
2021-08-04,27.9,85.0,5.6,Chembur,19.0622,72.8984,1,Urban Heat Island Risk,402.7,8,5.157478932809731
2021-08-05,28.9,84.0,5.9,Chembur,19.0622,72.8984,1,Urban Heat Island Risk,386.2,8,18.274877921108448
2021-08-06,28.6,84.0,3.9,Chembur,19.0622,72.8984,1,Urban Heat Island Risk,358.3,8,19.05399322795855
2021-08-07,28.6,86.0,4.0,Chembur,19.0622,72.8984,1,Urban Heat Island Risk,321.70000000000005,8,10.030686625825734
2021-08-08,28.4,88.0,3.0,Chembur,19.0622,72.8984,1,Urban Heat Island Risk,291.8,8,17.10095771447496
2021-08-09,28.6,85.0,4.2,Chembur,19.0622,72.8984,1,Urban Heat Island Risk,240.8,8,10.717508812954005
2021-08-10,28.3,86.0,4.2,Chembur,19.0622,72.8984,1,Urban Heat Island Risk,215.89999999999998,8,15.488351883741677
2021-08-11,28.5,85.0,5.5,Chembur,19.0622,72.8984,1,Urban Heat Island Risk,184.7,8,8.677507965225171
2021-08-12,28.5,84.0,3.9,Chembur,19.0622,72.8984,1,Urban Heat Island Risk,170.1,8,6.034467737327116
2021-08-13,28.4,84.0,3.7,Chembur,19.0622,72.8984,1,Urban Heat Island Risk,145.60000000000002,8,13.085914051935157
2021-08-14,27.5,87.0,9.1,Chembur,19.0622,72.8984,1,Urban Heat Island Risk,141.6,8,14.38135526862582
2021-08-15,27.6,88.0,6.7,Chembur,19.0622,72.8984,1,Urban Heat Island Risk,133.0,8,13.01160153192698
2021-08-16,28.1,87.0,3.9,Chembur,19.0622,72.8984,1,Urban Heat Island Risk,124.4,8,9.079847208887202
2021-08-17,27.1,89.0,13.7,Chembur,19.0622,72.8984,1,Urban Heat Island Risk,129.7,8,13.000504689344314
2021-08-18,26.8,91.0,21.8,Chembur,19.0622,72.8984,1,Urban Heat Island Risk,139.1,8,16.34647376290367
2021-08-19,26.2,91.0,33.4,Chembur,19.0622,72.8984,1,Urban Heat Island Risk,161.2,8,14.775534849387315
2021-08-20,27.6,86.0,26.8,Chembur,19.0622,72.8984,1,Urban Heat Island Risk,179.6,8,15.912505152996067
2021-08-21,26.3,90.0,71.7,Chembur,19.0622,72.8984,1,Urban Heat Island Risk,248.60000000000002,8,11.649423997728835
2021-08-22,27.9,87.0,3.1,Chembur,19.0622,72.8984,1,Urban Heat Island Risk,248.60000000000002,8,20.858589573580797
2021-08-23,29.0,86.0,2.3,Chembur,19.0622,72.8984,1,Urban Heat Island Risk,246.2,8,9.119133317226098
2021-08-24,28.9,88.0,1.4,Chembur,19.0622,72.8984,1,Urban Heat Island Risk,237.8,8,17.437801485433592
2021-08-25,28.4,86.0,1.6,Chembur,19.0622,72.8984,1,Urban Heat Island Risk,233.79999999999998,8,20.90945546479981
2021-08-26,28.3,85.0,3.4,Chembur,19.0622,72.8984,1,Urban Heat Island Risk,231.3,8,17.40454046374448
2021-08-27,28.5,87.0,2.1,Chembur,19.0622,72.8984,1,Urban Heat Island Risk,229.5,8,13.98737886467585
2021-08-28,28.3,85.0,0.6,Chembur,19.0622,72.8984,1,Urban Heat Island Risk,226.1,8,12.358514766685104
2021-08-29,28.7,85.0,1.4,Chembur,19.0622,72.8984,1,Urban Heat Island Risk,224.5,8,20.18043825523128
2021-08-30,27.6,86.0,6.0,Chembur,19.0622,72.8984,1,Urban Heat Island Risk,226.29999999999998,8,7.8851253736916345
2021-08-31,27.1,89.0,49.1,Chembur,19.0622,72.8984,1,Urban Heat Island Risk,271.2,8,10.149378698101781
2021-09-01,27.9,89.0,17.2,Chembur,19.0622,72.8984,1,Urban Heat Island Risk,282.9,9,13.012211172541393
2021-09-02,28.4,87.0,7.1,Chembur,19.0622,72.8984,1,Urban Heat Island Risk,286.1,9,21.18826878755999
2021-09-03,27.7,89.0,13.7,Chembur,19.0622,72.8984,1,Urban Heat Island Risk,296.09999999999997,9,16.89883818020448
2021-09-04,28.3,89.0,16.6,Chembur,19.0622,72.8984,1,Urban Heat Island Risk,303.6,9,10.159771207448774
2021-09-05,27.7,89.0,10.1,Chembur,19.0622,72.8984,1,Urban Heat Island Risk,307.0,9,13.448461473075481
2021-09-06,28.4,87.0,7.9,Chembur,19.0622,72.8984,1,Urban Heat Island Risk,311.0,9,11.928384279518529
2021-09-07,27.6,90.0,32.0,Chembur,19.0622,72.8984,1,Urban Heat Island Risk,329.3,9,11.451055038832324
2021-09-08,28.1,88.0,146.8,Chembur,19.0622,72.8984,1,Urban Heat Island Risk,454.3,9,19.894447792783897
2021-09-09,28.9,86.0,6.9,Chembur,19.0622,72.8984,1,Urban Heat Island Risk,427.8,9,8.141284353682472
2021-09-10,28.3,87.0,9.9,Chembur,19.0622,72.8984,1,Urban Heat Island Risk,410.90000000000003,9,23.043904278671867
2021-09-11,28.0,90.0,53.6,Chembur,19.0622,72.8984,1,Urban Heat Island Risk,392.80000000000007,9,19.141148450923115
2021-09-12,28.0,89.0,45.3,Chembur,19.0622,72.8984,1,Urban Heat Island Risk,435.0,9,20.45430835301849
2021-09-13,27.4,88.0,27.4,Chembur,19.0622,72.8984,1,Urban Heat Island Risk,460.1,9,12.685302439873709
2021-09-14,28.9,83.0,6.0,Chembur,19.0622,72.8984,1,Urban Heat Island Risk,464.70000000000005,9,14.250296404604454
2021-09-15,28.1,85.0,6.0,Chembur,19.0622,72.8984,1,Urban Heat Island Risk,469.1,9,7.83424092737644
2021-09-16,29.0,83.0,4.4,Chembur,19.0622,72.8984,1,Urban Heat Island Risk,470.1,9,12.376687964665985
2021-09-17,28.9,82.0,3.3,Chembur,19.0622,72.8984,1,Urban Heat Island Risk,471.3,9,17.468274238215756
2021-09-18,27.8,87.0,3.3,Chembur,19.0622,72.8984,1,Urban Heat Island Risk,474.00000000000006,9,21.48031530890698
2021-09-19,27.6,89.0,6.4,Chembur,19.0622,72.8984,1,Urban Heat Island Risk,479.0,9,9.464215915987742
2021-09-20,28.0,88.0,10.2,Chembur,19.0622,72.8984,1,Urban Heat Island Risk,483.2,9,13.17247031507367
2021-09-21,27.7,89.0,17.8,Chembur,19.0622,72.8984,1,Urban Heat Island Risk,451.90000000000003,9,14.243503898837389
2021-09-22,27.3,90.0,19.7,Chembur,19.0622,72.8984,1,Urban Heat Island Risk,454.40000000000003,9,8.021053989037574
2021-09-23,27.7,89.0,6.6,Chembur,19.0622,72.8984,1,Urban Heat Island Risk,453.90000000000003,9,17.956746208792
2021-09-24,29.0,85.0,2.0,Chembur,19.0622,72.8984,1,Urban Heat Island Risk,442.20000000000005,9,11.380048341286955
2021-09-25,28.6,85.0,2.2,Chembur,19.0622,72.8984,1,Urban Heat Island Risk,427.8,9,14.02304824411488
2021-09-26,28.6,83.0,2.8,Chembur,19.0622,72.8984,1,Urban Heat Island Risk,420.50000000000006,9,12.740253140440611
2021-09-27,27.1,87.0,5.2,Chembur,19.0622,72.8984,1,Urban Heat Island Risk,417.8,9,11.053307471401627
2021-09-28,27.0,89.0,14.3,Chembur,19.0622,72.8984,1,Urban Heat Island Risk,400.1,9,14.964775072597227
2021-09-29,28.3,87.0,30.7,Chembur,19.0622,72.8984,1,Urban Heat Island Risk,284.0,9,13.921952107159889
2021-09-30,28.3,87.0,4.4,Chembur,19.0622,72.8984,1,Urban Heat Island Risk,281.5,9,13.140710588606673
2021-10-01,29.5,87.0,0.2,Chembur,19.0622,72.8984,1,Urban Heat Island Risk,271.8,10,42.52435855826496
2021-10-02,29.2,87.0,0.8,Chembur,19.0622,72.8984,1,Urban Heat Island Risk,219.0,10,49.464290020581444
2021-10-03,30.9,87.0,0.2,Chembur,19.0622,72.8984,1,Urban Heat Island Risk,173.89999999999998,10,46.501419675794764
2021-10-04,31.0,86.0,0.0,Chembur,19.0622,72.8984,1,Urban Heat Island Risk,146.5,10,38.36610283086231
2021-10-05,31.3,86.0,0.9,Chembur,19.0622,72.8984,1,Urban Heat Island Risk,141.4,10,40.94725774122231
2021-10-06,31.8,86.0,7.4,Chembur,19.0622,72.8984,1,Urban Heat Island Risk,142.8,10,26.182223707566013
2021-10-07,32.4,85.0,2.4,Chembur,19.0622,72.8984,1,Urban Heat Island Risk,140.8,10,30.52214052980219
2021-10-08,29.7,86.0,6.8,Chembur,19.0622,72.8984,1,Urban Heat Island Risk,144.29999999999998,10,39.546491738478004
2021-10-09,29.0,87.0,5.2,Chembur,19.0622,72.8984,1,Urban Heat Island Risk,146.20000000000002,10,41.615375362340494
2021-10-10,29.6,85.0,6.2,Chembur,19.0622,72.8984,1,Urban Heat Island Risk,146.0,10,41.90314296270481
2021-10-11,29.7,87.0,14.6,Chembur,19.0622,72.8984,1,Urban Heat Island Risk,150.4,10,50.9928300054012
2021-10-12,30.6,86.0,0.7,Chembur,19.0622,72.8984,1,Urban Heat Island Risk,133.3,10,44.68341247668155
2021-10-13,31.4,83.0,1.6,Chembur,19.0622,72.8984,1,Urban Heat Island Risk,115.2,10,36.615023610272004
2021-10-14,32.4,78.0,0.7,Chembur,19.0622,72.8984,1,Urban Heat Island Risk,109.3,10,22.06983053388369
2021-10-15,33.4,67.0,0.0,Chembur,19.0622,72.8984,1,Urban Heat Island Risk,107.3,10,23.08526340972699
2021-10-16,32.0,68.0,0.0,Chembur,19.0622,72.8984,1,Urban Heat Island Risk,105.1,10,33.50850004450868
2021-10-17,31.0,71.0,0.0,Chembur,19.0622,72.8984,1,Urban Heat Island Risk,102.3,10,38.544347814559664
2021-10-18,30.5,78.0,1.1,Chembur,19.0622,72.8984,1,Urban Heat Island Risk,98.2,10,31.28103208259627
2021-10-19,29.7,80.0,0.5,Chembur,19.0622,72.8984,1,Urban Heat Island Risk,84.4,10,40.58174409323398
2021-10-20,30.1,82.0,0.0,Chembur,19.0622,72.8984,1,Urban Heat Island Risk,53.7,10,42.44627784592308
2021-10-21,31.7,78.0,0.0,Chembur,19.0622,72.8984,1,Urban Heat Island Risk,49.300000000000004,10,36.38145454758595
2021-10-22,32.6,71.0,0.0,Chembur,19.0622,72.8984,1,Urban Heat Island Risk,49.1,10,17.61936089450026
2021-10-23,31.5,75.0,0.0,Chembur,19.0622,72.8984,1,Urban Heat Island Risk,48.300000000000004,10,34.02271345593404
2021-10-24,30.0,78.0,0.0,Chembur,19.0622,72.8984,1,Urban Heat Island Risk,48.1,10,44.04857718272809
2021-10-25,30.8,78.0,0.0,Chembur,19.0622,72.8984,1,Urban Heat Island Risk,48.1,10,43.04805994258106
2021-10-26,32.5,72.0,0.0,Chembur,19.0622,72.8984,1,Urban Heat Island Risk,47.2,10,32.63095458785385
2021-10-27,33.6,62.0,0.0,Chembur,19.0622,72.8984,1,Urban Heat Island Risk,39.800000000000004,10,25.846189927377353
2021-10-28,34.1,56.0,0.0,Chembur,19.0622,72.8984,1,Urban Heat Island Risk,37.400000000000006,10,16.100297466490325
2021-10-29,33.8,44.0,0.0,Chembur,19.0622,72.8984,1,Urban Heat Island Risk,30.599999999999998,10,12.259989314383477
2021-10-30,33.5,44.0,0.0,Chembur,19.0622,72.8984,1,Urban Heat Island Risk,25.4,10,21.534736214692995
2021-10-31,33.0,51.0,0.0,Chembur,19.0622,72.8984,1,Urban Heat Island Risk,19.2,10,31.341492459376134
2021-11-01,32.6,65.0,0.0,Chembur,19.0622,72.8984,1,Urban Heat Island Risk,4.6,11,35.56727263762215
2021-11-02,33.7,65.0,0.0,Chembur,19.0622,72.8984,1,Urban Heat Island Risk,3.9,11,25.919412178155575
2021-11-03,34.2,58.0,0.0,Chembur,19.0622,72.8984,1,Urban Heat Island Risk,2.3,11,21.680037447341988
2021-11-04,32.8,58.0,0.0,Chembur,19.0622,72.8984,1,Urban Heat Island Risk,1.6,11,29.36486490859651
2021-11-05,32.7,68.0,1.6,Chembur,19.0622,72.8984,1,Urban Heat Island Risk,3.2,11,25.252739599529413
2021-11-06,31.7,78.0,0.1,Chembur,19.0622,72.8984,1,Urban Heat Island Risk,3.3000000000000003,11,33.0496985322319
2021-11-07,29.7,74.0,0.0,Chembur,19.0622,72.8984,1,Urban Heat Island Risk,3.3000000000000003,11,53.378680962465
2021-11-08,32.1,67.0,0.0,Chembur,19.0622,72.8984,1,Urban Heat Island Risk,2.2,11,26.720543304373944
2021-11-09,32.9,59.0,0.0,Chembur,19.0622,72.8984,1,Urban Heat Island Risk,1.7000000000000002,11,34.973893953549265
2021-11-10,32.7,54.0,0.0,Chembur,19.0622,72.8984,1,Urban Heat Island Risk,1.7000000000000002,11,26.423192560873026
2021-11-11,33.0,46.0,0.0,Chembur,19.0622,72.8984,1,Urban Heat Island Risk,1.7000000000000002,11,32.96049387880873
2021-11-12,32.5,46.0,0.0,Chembur,19.0622,72.8984,1,Urban Heat Island Risk,1.7000000000000002,11,22.132591619178974
2021-11-13,33.2,55.0,0.0,Chembur,19.0622,72.8984,1,Urban Heat Island Risk,1.7000000000000002,11,28.129521005823232
2021-11-14,33.0,64.0,0.0,Chembur,19.0622,72.8984,1,Urban Heat Island Risk,1.7000000000000002,11,22.649482653595225
2021-11-15,33.0,63.0,0.0,Chembur,19.0622,72.8984,1,Urban Heat Island Risk,1.7000000000000002,11,19.256997373712398
2021-11-16,34.0,66.0,0.0,Chembur,19.0622,72.8984,1,Urban Heat Island Risk,1.7000000000000002,11,21.759336878721395
2021-11-17,32.7,74.0,2.1,Chembur,19.0622,72.8984,1,Urban Heat Island Risk,3.8000000000000003,11,33.08069227631316
2021-11-18,30.5,83.0,2.2,Chembur,19.0622,72.8984,1,Urban Heat Island Risk,6.0,11,36.27529280703252
2021-11-19,31.9,83.0,0.7,Chembur,19.0622,72.8984,1,Urban Heat Island Risk,6.7,11,25.071586864374673
2021-11-20,33.0,77.0,1.1,Chembur,19.0622,72.8984,1,Urban Heat Island Risk,7.800000000000001,11,25.87410951165856
2021-11-21,33.3,79.0,7.9,Chembur,19.0622,72.8984,1,Urban Heat Island Risk,15.700000000000001,11,24.19615668944744
2021-11-22,29.2,84.0,2.3,Chembur,19.0622,72.8984,1,Urban Heat Island Risk,18.0,11,50.60826480443916
2021-11-23,31.0,84.0,0.0,Chembur,19.0622,72.8984,1,Urban Heat Island Risk,18.0,11,42.414639523489114
2021-11-24,32.2,79.0,0.0,Chembur,19.0622,72.8984,1,Urban Heat Island Risk,18.0,11,30.569590760304184
2021-11-25,33.1,72.0,0.0,Chembur,19.0622,72.8984,1,Urban Heat Island Risk,18.0,11,35.04418324063798
2021-11-26,33.0,69.0,0.0,Chembur,19.0622,72.8984,1,Urban Heat Island Risk,16.4,11,27.454507056009795
2021-11-27,33.1,70.0,0.0,Chembur,19.0622,72.8984,1,Urban Heat Island Risk,16.3,11,24.03453413663216
2021-11-28,32.7,62.0,0.0,Chembur,19.0622,72.8984,1,Urban Heat Island Risk,16.3,11,19.975496537819176
2021-11-29,33.0,53.0,0.0,Chembur,19.0622,72.8984,1,Urban Heat Island Risk,16.3,11,25.020035731752497
2021-11-30,33.0,56.0,0.0,Chembur,19.0622,72.8984,1,Urban Heat Island Risk,16.3,11,24.651398606277656
2021-12-01,25.2,80.0,41.4,Chembur,19.0622,72.8984,1,Urban Heat Island Risk,57.7,12,75.33485731474069
2021-12-02,25.3,87.0,56.7,Chembur,19.0622,72.8984,1,Urban Heat Island Risk,114.4,12,72.27908478700094
2021-12-03,27.5,87.0,0.8,Chembur,19.0622,72.8984,1,Urban Heat Island Risk,115.2,12,51.60315439183692
2021-12-04,28.1,86.0,0.1,Chembur,19.0622,72.8984,1,Urban Heat Island Risk,115.3,12,54.96127193205518
2021-12-05,27.2,86.0,0.2,Chembur,19.0622,72.8984,1,Urban Heat Island Risk,115.5,12,62.557655858645276
2021-12-06,29.5,80.0,0.0,Chembur,19.0622,72.8984,1,Urban Heat Island Risk,115.5,12,53.80682346360584
2021-12-07,30.6,71.0,0.0,Chembur,19.0622,72.8984,1,Urban Heat Island Risk,115.5,12,44.37085317040362
2021-12-08,31.5,65.0,0.0,Chembur,19.0622,72.8984,1,Urban Heat Island Risk,113.4,12,38.637566604890715
2021-12-09,30.4,66.0,0.0,Chembur,19.0622,72.8984,1,Urban Heat Island Risk,111.2,12,41.36709663974249
2021-12-10,31.7,65.0,0.0,Chembur,19.0622,72.8984,1,Urban Heat Island Risk,110.5,12,35.64156002711725
2021-12-11,31.5,69.0,0.0,Chembur,19.0622,72.8984,1,Urban Heat Island Risk,109.4,12,41.08085783686412
2021-12-12,32.1,69.0,0.0,Chembur,19.0622,72.8984,1,Urban Heat Island Risk,101.5,12,24.76944634593508
2021-12-13,29.8,69.0,0.0,Chembur,19.0622,72.8984,1,Urban Heat Island Risk,99.2,12,42.71947003058188
2021-12-14,29.0,71.0,0.0,Chembur,19.0622,72.8984,1,Urban Heat Island Risk,99.2,12,45.137156256218795
2021-12-15,27.8,78.0,0.0,Chembur,19.0622,72.8984,1,Urban Heat Island Risk,99.2,12,57.69576559363061
2021-12-16,28.6,79.0,0.0,Chembur,19.0622,72.8984,1,Urban Heat Island Risk,99.2,12,57.4177775449206
2021-12-17,28.5,74.0,0.0,Chembur,19.0622,72.8984,1,Urban Heat Island Risk,99.2,12,48.848461899727965
2021-12-18,29.9,70.0,0.0,Chembur,19.0622,72.8984,1,Urban Heat Island Risk,99.2,12,31.948478162652815
2021-12-19,30.3,66.0,0.0,Chembur,19.0622,72.8984,1,Urban Heat Island Risk,99.2,12,39.572229608210975
2021-12-20,30.4,68.0,0.0,Chembur,19.0622,72.8984,1,Urban Heat Island Risk,99.2,12,45.63403532675371
2021-12-21,29.1,71.0,0.0,Chembur,19.0622,72.8984,1,Urban Heat Island Risk,99.2,12,51.12148284808272
2021-12-22,28.5,74.0,0.0,Chembur,19.0622,72.8984,1,Urban Heat Island Risk,57.8,12,53.97426457238622
2021-12-23,28.5,73.0,0.0,Chembur,19.0622,72.8984,1,Urban Heat Island Risk,1.099999999999993,12,50.43336682396094
2021-12-24,26.7,81.0,0.0,Chembur,19.0622,72.8984,1,Urban Heat Island Risk,0.29999999999999294,12,55.638179652234406
2021-12-25,26.7,80.0,0.0,Chembur,19.0622,72.8984,1,Urban Heat Island Risk,0.1999999999999929,12,64.60980494145568
2021-12-26,28.7,76.0,0.0,Chembur,19.0622,72.8984,1,Urban Heat Island Risk,0.0,12,46.528590949826885
2021-12-27,29.9,71.0,0.0,Chembur,19.0622,72.8984,1,Urban Heat Island Risk,0.0,12,54.82048366690229
2021-12-28,28.5,73.0,0.0,Chembur,19.0622,72.8984,1,Urban Heat Island Risk,0.0,12,54.685869375105916
2021-12-29,28.0,64.0,0.0,Chembur,19.0622,72.8984,1,Urban Heat Island Risk,0.0,12,51.76342515389691
2021-12-30,30.5,64.0,0.0,Chembur,19.0622,72.8984,1,Urban Heat Island Risk,0.0,12,37.44307376305686
2021-12-31,31.9,64.0,0.0,Chembur,19.0622,72.8984,1,Urban Heat Island Risk,0.0,12,32.10194563359874
2022-01-01,31.8,62.0,0.0,Chembur,19.0622,72.8984,1,Urban Heat Island Risk,0.0,1,31.935823723224576
2022-01-02,31.1,63.0,0.0,Chembur,19.0622,72.8984,1,Urban Heat Island Risk,0.0,1,42.68416887764977
2022-01-03,31.4,66.0,0.0,Chembur,19.0622,72.8984,1,Urban Heat Island Risk,0.0,1,36.33208084872024
2022-01-04,31.7,71.0,0.0,Chembur,19.0622,72.8984,1,Urban Heat Island Risk,0.0,1,30.04184130545736
2022-01-05,29.0,78.0,0.0,Chembur,19.0622,72.8984,1,Urban Heat Island Risk,0.0,1,58.45220342577891
2022-01-06,28.4,78.0,0.0,Chembur,19.0622,72.8984,1,Urban Heat Island Risk,0.0,1,52.64654165760112
2022-01-07,27.9,77.0,0.0,Chembur,19.0622,72.8984,1,Urban Heat Island Risk,0.0,1,59.07753171317783
2022-01-08,25.0,83.0,2.3,Chembur,19.0622,72.8984,1,Urban Heat Island Risk,2.2999999999999927,1,68.62553412944285
2022-01-09,25.9,56.0,0.0,Chembur,19.0622,72.8984,1,Urban Heat Island Risk,2.2999999999999927,1,68.38224480538929
2022-01-10,24.7,55.0,0.0,Chembur,19.0622,72.8984,1,Urban Heat Island Risk,2.2999999999999927,1,74.92221662238265
2022-01-11,25.0,70.0,0.0,Chembur,19.0622,72.8984,1,Urban Heat Island Risk,2.2999999999999927,1,62.2184202061859
2022-01-12,25.5,66.0,0.0,Chembur,19.0622,72.8984,1,Urban Heat Island Risk,2.2999999999999927,1,78.90970888563655
2022-01-13,26.4,70.0,0.0,Chembur,19.0622,72.8984,1,Urban Heat Island Risk,2.2999999999999927,1,70.18655563794607
2022-01-14,26.3,74.0,0.0,Chembur,19.0622,72.8984,1,Urban Heat Island Risk,2.2999999999999927,1,62.31402341927004
2022-01-15,29.3,65.0,0.0,Chembur,19.0622,72.8984,1,Urban Heat Island Risk,2.2999999999999927,1,41.78865129772072
2022-01-16,31.9,57.0,0.0,Chembur,19.0622,72.8984,1,Urban Heat Island Risk,2.2999999999999927,1,34.30447473568444
2022-01-17,31.2,63.0,0.0,Chembur,19.0622,72.8984,1,Urban Heat Island Risk,2.2999999999999927,1,36.96682183040532
2022-01-18,29.5,65.0,0.0,Chembur,19.0622,72.8984,1,Urban Heat Island Risk,2.2999999999999927,1,47.94501140948282
2022-01-19,29.7,67.0,0.0,Chembur,19.0622,72.8984,1,Urban Heat Island Risk,2.2999999999999927,1,45.99122031430379
2022-01-20,28.0,68.0,0.0,Chembur,19.0622,72.8984,1,Urban Heat Island Risk,2.2999999999999927,1,57.1978716131963
2022-01-21,27.6,82.0,0.0,Chembur,19.0622,72.8984,1,Urban Heat Island Risk,2.2999999999999927,1,64.16986183029236
2022-01-22,27.1,79.0,1.0,Chembur,19.0622,72.8984,1,Urban Heat Island Risk,3.2999999999999927,1,62.60718269230989
2022-01-23,23.8,58.0,0.4,Chembur,19.0622,72.8984,1,Urban Heat Island Risk,3.6999999999999926,1,73.21838917211696
2022-01-24,24.7,55.0,0.0,Chembur,19.0622,72.8984,1,Urban Heat Island Risk,3.6999999999999926,1,80.17948093022893
2022-01-25,25.9,54.0,0.0,Chembur,19.0622,72.8984,1,Urban Heat Island Risk,3.6999999999999926,1,74.76973948410811
2022-01-26,27.7,53.0,0.0,Chembur,19.0622,72.8984,1,Urban Heat Island Risk,3.6999999999999926,1,72.1269503392271
2022-01-27,29.7,51.0,0.0,Chembur,19.0622,72.8984,1,Urban Heat Island Risk,3.6999999999999926,1,39.41586316713535
2022-01-28,31.1,43.0,0.0,Chembur,19.0622,72.8984,1,Urban Heat Island Risk,3.6999999999999926,1,38.31441006575137
2022-01-29,31.5,47.0,0.0,Chembur,19.0622,72.8984,1,Urban Heat Island Risk,1.3999999999999928,1,24.422839817388393
2022-01-30,30.4,54.0,0.0,Chembur,19.0622,72.8984,1,Urban Heat Island Risk,1.3999999999999928,1,43.83241244856272
2022-01-31,29.7,54.0,0.0,Chembur,19.0622,72.8984,1,Urban Heat Island Risk,1.3999999999999928,1,42.29233184249948
2022-02-01,29.9,63.0,0.0,Chembur,19.0622,72.8984,1,Urban Heat Island Risk,1.3999999999999928,2,53.51722897412477
2022-02-02,28.4,76.0,0.0,Chembur,19.0622,72.8984,1,Urban Heat Island Risk,1.3999999999999928,2,48.52692514990709
2022-02-03,26.7,83.0,0.0,Chembur,19.0622,72.8984,1,Urban Heat Island Risk,1.3999999999999928,2,53.58741814349703
2022-02-04,26.5,73.0,0.0,Chembur,19.0622,72.8984,1,Urban Heat Island Risk,1.3999999999999928,2,60.810347963154065
2022-02-05,28.1,68.0,0.0,Chembur,19.0622,72.8984,1,Urban Heat Island Risk,1.3999999999999928,2,44.222561143914305
2022-02-06,28.0,67.0,0.0,Chembur,19.0622,72.8984,1,Urban Heat Island Risk,1.3999999999999928,2,58.422163939203216
2022-02-07,26.5,79.0,0.0,Chembur,19.0622,72.8984,1,Urban Heat Island Risk,1.3999999999999928,2,52.84125143538506
2022-02-08,26.1,78.0,0.0,Chembur,19.0622,72.8984,1,Urban Heat Island Risk,1.3999999999999928,2,65.57562123924912
2022-02-09,26.9,77.0,0.0,Chembur,19.0622,72.8984,1,Urban Heat Island Risk,1.3999999999999928,2,50.51094090071902
2022-02-10,30.7,54.0,0.0,Chembur,19.0622,72.8984,1,Urban Heat Island Risk,1.3999999999999928,2,37.76517764398346
2022-02-11,32.7,43.0,0.0,Chembur,19.0622,72.8984,1,Urban Heat Island Risk,1.3999999999999928,2,36.25022411235599
2022-02-12,31.3,48.0,0.0,Chembur,19.0622,72.8984,1,Urban Heat Island Risk,0.3999999999999929,2,37.76990612384564
2022-02-13,30.7,57.0,0.0,Chembur,19.0622,72.8984,1,Urban Heat Island Risk,0.0,2,35.049198641842004
2022-02-14,29.5,51.0,0.0,Chembur,19.0622,72.8984,1,Urban Heat Island Risk,0.0,2,46.01064922197125
2022-02-15,27.7,63.0,0.0,Chembur,19.0622,72.8984,1,Urban Heat Island Risk,0.0,2,56.45675102688891
2022-02-16,27.0,78.0,0.0,Chembur,19.0622,72.8984,1,Urban Heat Island Risk,0.0,2,62.696485062550366
2022-02-17,27.4,79.0,0.0,Chembur,19.0622,72.8984,1,Urban Heat Island Risk,0.0,2,51.232374850262545
2022-02-18,28.6,76.0,0.0,Chembur,19.0622,72.8984,1,Urban Heat Island Risk,0.0,2,54.22950303590331
2022-02-19,30.1,73.0,0.0,Chembur,19.0622,72.8984,1,Urban Heat Island Risk,0.0,2,29.244708508652785
2022-02-20,31.5,61.0,0.0,Chembur,19.0622,72.8984,1,Urban Heat Island Risk,0.0,2,31.683910571514275
2022-02-21,31.7,53.0,0.0,Chembur,19.0622,72.8984,1,Urban Heat Island Risk,0.0,2,31.25863078774228
2022-02-22,30.9,63.0,0.0,Chembur,19.0622,72.8984,1,Urban Heat Island Risk,0.0,2,41.399967463689535
2022-02-23,30.4,63.0,0.0,Chembur,19.0622,72.8984,1,Urban Heat Island Risk,0.0,2,41.17982093005102
2022-02-24,30.7,59.0,0.0,Chembur,19.0622,72.8984,1,Urban Heat Island Risk,0.0,2,32.33885139738524
2022-02-25,31.2,54.0,0.0,Chembur,19.0622,72.8984,1,Urban Heat Island Risk,0.0,2,31.608367704248263
2022-02-26,31.0,60.0,0.0,Chembur,19.0622,72.8984,1,Urban Heat Island Risk,0.0,2,38.660066714403705
2022-02-27,31.6,52.0,0.0,Chembur,19.0622,72.8984,1,Urban Heat Island Risk,0.0,2,33.871329957343875
2022-02-28,32.8,47.0,0.0,Chembur,19.0622,72.8984,1,Urban Heat Island Risk,0.0,2,24.57104611848795
2022-03-01,33.0,49.0,0.0,Chembur,19.0622,72.8984,1,Urban Heat Island Risk,0.0,3,12.595831052440104
2022-03-02,35.0,48.0,0.0,Chembur,19.0622,72.8984,1,Urban Heat Island Risk,0.0,3,18.480839985796443
2022-03-03,35.8,41.0,0.0,Chembur,19.0622,72.8984,1,Urban Heat Island Risk,0.0,3,12.411537135653926
2022-03-04,35.0,35.0,0.0,Chembur,19.0622,72.8984,1,Urban Heat Island Risk,0.0,3,14.559543779854634
2022-03-05,34.7,46.0,0.0,Chembur,19.0622,72.8984,1,Urban Heat Island Risk,0.0,3,25.849682940402715
2022-03-06,34.7,49.0,0.0,Chembur,19.0622,72.8984,1,Urban Heat Island Risk,0.0,3,7.881586815580385
2022-03-07,32.7,52.0,0.0,Chembur,19.0622,72.8984,1,Urban Heat Island Risk,0.0,3,5.740786342126707
2022-03-08,36.5,50.0,0.0,Chembur,19.0622,72.8984,1,Urban Heat Island Risk,0.0,3,18.917948323993034
2022-03-09,34.5,52.0,0.1,Chembur,19.0622,72.8984,1,Urban Heat Island Risk,0.0999999999999929,3,11.606784693529484
2022-03-10,34.3,52.0,0.0,Chembur,19.0622,72.8984,1,Urban Heat Island Risk,0.0999999999999929,3,13.408812361286898
2022-03-11,33.7,49.0,0.0,Chembur,19.0622,72.8984,1,Urban Heat Island Risk,0.0999999999999929,3,11.094218109344428
2022-03-12,36.8,50.0,0.0,Chembur,19.0622,72.8984,1,Urban Heat Island Risk,0.0999999999999929,3,13.700999296162438
2022-03-13,36.7,45.0,0.0,Chembur,19.0622,72.8984,1,Urban Heat Island Risk,0.0999999999999929,3,22.992690560481705
2022-03-14,36.5,34.0,0.0,Chembur,19.0622,72.8984,1,Urban Heat Island Risk,0.0999999999999929,3,19.010642293090598
2022-03-15,36.5,41.0,0.0,Chembur,19.0622,72.8984,1,Urban Heat Island Risk,0.0999999999999929,3,19.311117559434884
2022-03-16,35.8,43.0,0.0,Chembur,19.0622,72.8984,1,Urban Heat Island Risk,0.0999999999999929,3,7.918864721036773
2022-03-17,36.0,42.0,0.0,Chembur,19.0622,72.8984,1,Urban Heat Island Risk,0.0999999999999929,3,9.244231317235654
2022-03-18,35.3,52.0,0.0,Chembur,19.0622,72.8984,1,Urban Heat Island Risk,0.0999999999999929,3,5.0
2022-03-19,32.5,69.0,0.0,Chembur,19.0622,72.8984,1,Urban Heat Island Risk,0.0999999999999929,3,10.95309589458623
2022-03-20,30.7,77.0,0.0,Chembur,19.0622,72.8984,1,Urban Heat Island Risk,0.0999999999999929,3,19.783515931928292
2022-03-21,31.0,73.0,0.0,Chembur,19.0622,72.8984,1,Urban Heat Island Risk,0.0999999999999929,3,17.584732578741853
2022-03-22,34.7,44.0,0.0,Chembur,19.0622,72.8984,1,Urban Heat Island Risk,0.0999999999999929,3,13.89243368523938
2022-03-23,38.5,30.0,0.0,Chembur,19.0622,72.8984,1,Urban Heat Island Risk,0.0999999999999929,3,14.888498581409735
2022-03-24,34.2,44.0,0.0,Chembur,19.0622,72.8984,1,Urban Heat Island Risk,0.0999999999999929,3,11.555572287122972
2022-03-25,32.5,72.0,0.0,Chembur,19.0622,72.8984,1,Urban Heat Island Risk,0.0999999999999929,3,16.02379441200892
2022-03-26,32.9,76.0,0.0,Chembur,19.0622,72.8984,1,Urban Heat Island Risk,0.0999999999999929,3,18.829391397403075
2022-03-27,32.8,75.0,0.0,Chembur,19.0622,72.8984,1,Urban Heat Island Risk,0.0999999999999929,3,6.9205660629476355
2022-03-28,32.8,79.0,0.0,Chembur,19.0622,72.8984,1,Urban Heat Island Risk,0.0999999999999929,3,16.49823843918674
2022-03-29,34.0,66.0,0.0,Chembur,19.0622,72.8984,1,Urban Heat Island Risk,0.0999999999999929,3,19.662174354773335
2022-03-30,34.3,67.0,0.0,Chembur,19.0622,72.8984,1,Urban Heat Island Risk,0.0,3,12.924498555183153
2022-03-31,32.4,72.0,0.0,Chembur,19.0622,72.8984,1,Urban Heat Island Risk,0.0,3,18.503503060602917
2022-04-01,33.5,74.0,0.0,Chembur,19.0622,72.8984,1,Urban Heat Island Risk,0.0,4,29.073272222362764
2022-04-02,31.5,77.0,0.0,Chembur,19.0622,72.8984,1,Urban Heat Island Risk,0.0,4,14.47828603506554
2022-04-03,32.0,78.0,0.0,Chembur,19.0622,72.8984,1,Urban Heat Island Risk,0.0,4,16.966535250026617
2022-04-04,32.5,79.0,0.0,Chembur,19.0622,72.8984,1,Urban Heat Island Risk,0.0,4,11.309714581693042
2022-04-05,32.7,80.0,0.0,Chembur,19.0622,72.8984,1,Urban Heat Island Risk,0.0,4,15.906255813010253
2022-04-06,32.5,79.0,0.0,Chembur,19.0622,72.8984,1,Urban Heat Island Risk,0.0,4,17.30135812491152
2022-04-07,33.0,78.0,0.0,Chembur,19.0622,72.8984,1,Urban Heat Island Risk,0.0,4,15.97421170135069
2022-04-08,33.9,78.0,0.0,Chembur,19.0622,72.8984,1,Urban Heat Island Risk,0.0,4,9.901523401455716
2022-04-09,32.5,79.0,0.0,Chembur,19.0622,72.8984,1,Urban Heat Island Risk,0.0,4,16.031808856627254
2022-04-10,33.1,72.0,0.0,Chembur,19.0622,72.8984,1,Urban Heat Island Risk,0.0,4,22.310979693588184
2022-04-11,33.0,73.0,0.0,Chembur,19.0622,72.8984,1,Urban Heat Island Risk,0.0,4,17.243178822572638
2022-04-12,34.1,71.0,0.0,Chembur,19.0622,72.8984,1,Urban Heat Island Risk,0.0,4,19.809935945359207
2022-04-13,35.3,67.0,0.0,Chembur,19.0622,72.8984,1,Urban Heat Island Risk,0.0,4,13.814940149936861
2022-04-14,32.5,76.0,0.0,Chembur,19.0622,72.8984,1,Urban Heat Island Risk,0.0,4,18.74950119711855
2022-04-15,32.5,73.0,0.0,Chembur,19.0622,72.8984,1,Urban Heat Island Risk,0.0,4,16.396339191082628
2022-04-16,32.0,77.0,0.0,Chembur,19.0622,72.8984,1,Urban Heat Island Risk,0.0,4,10.245446351563839
2022-04-17,32.5,73.0,0.0,Chembur,19.0622,72.8984,1,Urban Heat Island Risk,0.0,4,16.592605023994373
2022-04-18,32.0,75.0,0.0,Chembur,19.0622,72.8984,1,Urban Heat Island Risk,0.0,4,10.041516682798449
2022-04-19,32.7,76.0,0.0,Chembur,19.0622,72.8984,1,Urban Heat Island Risk,0.0,4,11.83559862557604
2022-04-20,33.4,74.0,0.0,Chembur,19.0622,72.8984,1,Urban Heat Island Risk,0.0,4,15.94664153646187
2022-04-21,38.8,45.0,0.0,Chembur,19.0622,72.8984,1,Urban Heat Island Risk,0.0,4,16.48622136690062
2022-04-22,36.8,56.0,0.0,Chembur,19.0622,72.8984,1,Urban Heat Island Risk,0.0,4,9.053837674614353
2022-04-23,37.5,67.0,0.0,Chembur,19.0622,72.8984,1,Urban Heat Island Risk,0.0,4,20.26992885591438
2022-04-24,34.4,76.0,0.0,Chembur,19.0622,72.8984,1,Urban Heat Island Risk,0.0,4,17.860031391502364
2022-04-25,37.0,58.0,0.0,Chembur,19.0622,72.8984,1,Urban Heat Island Risk,0.0,4,11.47635782194558
2022-04-26,34.4,66.0,0.0,Chembur,19.0622,72.8984,1,Urban Heat Island Risk,0.0,4,7.312076017754123
2022-04-27,35.9,59.0,0.0,Chembur,19.0622,72.8984,1,Urban Heat Island Risk,0.0,4,14.275477104592843
2022-04-28,36.7,60.0,0.0,Chembur,19.0622,72.8984,1,Urban Heat Island Risk,0.0,4,12.7702814306942
2022-04-29,33.8,75.0,0.0,Chembur,19.0622,72.8984,1,Urban Heat Island Risk,0.0,4,15.565702285265115
2022-04-30,33.5,75.0,0.0,Chembur,19.0622,72.8984,1,Urban Heat Island Risk,0.0,4,13.184416694222168
2022-05-01,33.5,77.0,0.0,Chembur,19.0622,72.8984,1,Urban Heat Island Risk,0.0,5,5.0
2022-05-02,33.1,74.0,0.0,Chembur,19.0622,72.8984,1,Urban Heat Island Risk,0.0,5,13.058265308494208
2022-05-03,33.4,74.0,0.0,Chembur,19.0622,72.8984,1,Urban Heat Island Risk,0.0,5,13.471904444658435
2022-05-04,33.2,74.0,0.0,Chembur,19.0622,72.8984,1,Urban Heat Island Risk,0.0,5,18.168305123870294
2022-05-05,33.6,77.0,0.0,Chembur,19.0622,72.8984,1,Urban Heat Island Risk,0.0,5,11.509001626944752
2022-05-06,33.3,75.0,0.1,Chembur,19.0622,72.8984,1,Urban Heat Island Risk,0.0999999999999929,5,23.393373366862832
2022-05-07,33.5,77.0,0.0,Chembur,19.0622,72.8984,1,Urban Heat Island Risk,0.0999999999999929,5,5.441797246741215
2022-05-08,33.7,78.0,0.0,Chembur,19.0622,72.8984,1,Urban Heat Island Risk,0.0999999999999929,5,21.555837489013122
2022-05-09,33.1,78.0,0.0,Chembur,19.0622,72.8984,1,Urban Heat Island Risk,0.0999999999999929,5,13.878405145609475
2022-05-10,33.2,73.0,0.0,Chembur,19.0622,72.8984,1,Urban Heat Island Risk,0.0999999999999929,5,19.297924361717783
2022-05-11,33.0,74.0,0.0,Chembur,19.0622,72.8984,1,Urban Heat Island Risk,0.0999999999999929,5,15.399007420293666
2022-05-12,33.1,69.0,0.0,Chembur,19.0622,72.8984,1,Urban Heat Island Risk,0.0999999999999929,5,20.697777680127345
2022-05-13,32.6,69.0,0.0,Chembur,19.0622,72.8984,1,Urban Heat Island Risk,0.0999999999999929,5,13.063190177235944
2022-05-14,32.8,69.0,0.0,Chembur,19.0622,72.8984,1,Urban Heat Island Risk,0.0999999999999929,5,9.506897874110939
2022-05-15,33.4,70.0,0.0,Chembur,19.0622,72.8984,1,Urban Heat Island Risk,0.0999999999999929,5,22.102521436355318
2022-05-16,33.2,72.0,0.0,Chembur,19.0622,72.8984,1,Urban Heat Island Risk,0.0999999999999929,5,14.432596770589294
2022-05-17,33.3,71.0,0.0,Chembur,19.0622,72.8984,1,Urban Heat Island Risk,0.0999999999999929,5,16.107792368121054
2022-05-18,32.8,70.0,0.0,Chembur,19.0622,72.8984,1,Urban Heat Island Risk,0.0999999999999929,5,21.173759570223975
2022-05-19,32.7,71.0,0.0,Chembur,19.0622,72.8984,1,Urban Heat Island Risk,0.0999999999999929,5,9.840223789527826
2022-05-20,32.5,66.0,0.1,Chembur,19.0622,72.8984,1,Urban Heat Island Risk,0.1999999999999929,5,17.977454488196287
2022-05-21,33.0,62.0,0.1,Chembur,19.0622,72.8984,1,Urban Heat Island Risk,0.29999999999999294,5,12.050526217685546
2022-05-22,33.0,64.0,1.0,Chembur,19.0622,72.8984,1,Urban Heat Island Risk,1.299999999999993,5,14.33915322177814
2022-05-23,33.3,67.0,2.7,Chembur,19.0622,72.8984,1,Urban Heat Island Risk,3.999999999999993,5,15.361394826921444
2022-05-24,33.1,67.0,0.4,Chembur,19.0622,72.8984,1,Urban Heat Island Risk,4.399999999999993,5,7.49889069276532
2022-05-25,32.9,68.0,0.6,Chembur,19.0622,72.8984,1,Urban Heat Island Risk,4.999999999999993,5,11.105814785897827
2022-05-26,33.3,62.0,0.0,Chembur,19.0622,72.8984,1,Urban Heat Island Risk,4.999999999999993,5,21.755364462065696
2022-05-27,33.7,59.0,0.0,Chembur,19.0622,72.8984,1,Urban Heat Island Risk,4.899999999999993,5,19.43095594292398
2022-05-28,33.5,59.0,0.0,Chembur,19.0622,72.8984,1,Urban Heat Island Risk,4.899999999999993,5,14.686802113363825
2022-05-29,33.6,59.0,0.1,Chembur,19.0622,72.8984,1,Urban Heat Island Risk,4.999999999999993,5,16.215617292564467
2022-05-30,33.1,62.0,0.1,Chembur,19.0622,72.8984,1,Urban Heat Island Risk,5.099999999999993,5,13.528787471817711
2022-05-31,33.3,64.0,0.0,Chembur,19.0622,72.8984,1,Urban Heat Island Risk,5.099999999999993,5,21.78291692913991
2022-06-01,32.7,65.0,0.0,Chembur,19.0622,72.8984,1,Urban Heat Island Risk,5.099999999999993,6,13.99823711102918
2022-06-02,32.7,67.0,0.0,Chembur,19.0622,72.8984,1,Urban Heat Island Risk,5.099999999999993,6,16.15921046067424
2022-06-03,32.3,69.0,0.0,Chembur,19.0622,72.8984,1,Urban Heat Island Risk,5.099999999999993,6,20.730150720710327
2022-06-04,32.9,69.0,0.0,Chembur,19.0622,72.8984,1,Urban Heat Island Risk,5.099999999999993,6,11.113142575770468
2022-06-05,32.8,70.0,0.0,Chembur,19.0622,72.8984,1,Urban Heat Island Risk,5.099999999999993,6,22.79394592248447
2022-06-06,32.6,69.0,0.0,Chembur,19.0622,72.8984,1,Urban Heat Island Risk,5.099999999999993,6,7.347692951283116
2022-06-07,33.2,71.0,1.0,Chembur,19.0622,72.8984,1,Urban Heat Island Risk,6.099999999999993,6,23.148210655563993
2022-06-08,32.3,76.0,2.5,Chembur,19.0622,72.8984,1,Urban Heat Island Risk,8.599999999999994,6,13.136622080240127
2022-06-09,31.5,76.0,7.3,Chembur,19.0622,72.8984,1,Urban Heat Island Risk,15.899999999999993,6,13.78650626087359
2022-06-10,31.3,79.0,13.8,Chembur,19.0622,72.8984,1,Urban Heat Island Risk,29.599999999999994,6,5.549949144085286
2022-06-11,30.3,82.0,25.2,Chembur,19.0622,72.8984,1,Urban Heat Island Risk,54.69999999999999,6,12.726026413111535
2022-06-12,28.9,83.0,15.9,Chembur,19.0622,72.8984,1,Urban Heat Island Risk,69.6,6,9.80096734486558
2022-06-13,30.1,81.0,8.0,Chembur,19.0622,72.8984,1,Urban Heat Island Risk,74.89999999999999,6,11.961768273132638
2022-06-14,31.0,78.0,2.5,Chembur,19.0622,72.8984,1,Urban Heat Island Risk,77.0,6,14.313445171055601
2022-06-15,30.5,78.0,6.1,Chembur,19.0622,72.8984,1,Urban Heat Island Risk,82.49999999999999,6,19.78895807236453
2022-06-16,30.6,80.0,5.1,Chembur,19.0622,72.8984,1,Urban Heat Island Risk,87.6,6,16.038016757003128
2022-06-17,30.3,81.0,3.0,Chembur,19.0622,72.8984,1,Urban Heat Island Risk,90.6,6,16.53838326700557
2022-06-18,30.3,79.0,6.6,Chembur,19.0622,72.8984,1,Urban Heat Island Risk,97.19999999999999,6,9.522403055772187
2022-06-19,28.9,84.0,36.7,Chembur,19.0622,72.8984,1,Urban Heat Island Risk,133.8,6,10.59622955198635
2022-06-20,27.2,89.0,54.8,Chembur,19.0622,72.8984,1,Urban Heat Island Risk,188.5,6,23.99362509175656
2022-06-21,28.4,87.0,23.0,Chembur,19.0622,72.8984,1,Urban Heat Island Risk,211.5,6,11.323994826183768
2022-06-22,29.7,86.0,26.9,Chembur,19.0622,72.8984,1,Urban Heat Island Risk,238.4,6,23.28104126028648
2022-06-23,29.1,87.0,46.8,Chembur,19.0622,72.8984,1,Urban Heat Island Risk,285.2,6,13.784694005595668
2022-06-24,30.4,86.0,17.5,Chembur,19.0622,72.8984,1,Urban Heat Island Risk,302.7,6,15.01143968071752
2022-06-25,29.8,85.0,15.6,Chembur,19.0622,72.8984,1,Urban Heat Island Risk,318.3,6,20.351825801149648
2022-06-26,28.5,87.0,15.7,Chembur,19.0622,72.8984,1,Urban Heat Island Risk,334.0,6,21.359462109693283
2022-06-27,28.8,86.0,31.7,Chembur,19.0622,72.8984,1,Urban Heat Island Risk,365.7,6,14.445937198604563
2022-06-28,28.6,86.0,10.0,Chembur,19.0622,72.8984,1,Urban Heat Island Risk,374.7,6,13.058784732392306
2022-06-29,28.9,86.0,16.0,Chembur,19.0622,72.8984,1,Urban Heat Island Risk,388.2,6,14.720397757388934
2022-06-30,28.3,88.0,41.6,Chembur,19.0622,72.8984,1,Urban Heat Island Risk,422.5,6,16.689787641160592
2022-07-01,26.9,90.0,43.4,Chembur,19.0622,72.8984,1,Urban Heat Island Risk,452.09999999999997,7,19.456518434348776
2022-07-02,28.0,87.0,23.9,Chembur,19.0622,72.8984,1,Urban Heat Island Risk,450.79999999999995,7,15.021149294970758
2022-07-03,27.7,87.0,20.5,Chembur,19.0622,72.8984,1,Urban Heat Island Risk,455.4,7,18.094431490115767
2022-07-04,27.5,87.0,28.2,Chembur,19.0622,72.8984,1,Urban Heat Island Risk,475.6,7,23.191798661354703
2022-07-05,27.0,89.0,55.5,Chembur,19.0622,72.8984,1,Urban Heat Island Risk,528.6,7,16.906548061323925
2022-07-06,27.2,88.0,35.6,Chembur,19.0622,72.8984,1,Urban Heat Island Risk,558.1,7,16.55826428002389
2022-07-07,27.5,87.0,37.2,Chembur,19.0622,72.8984,1,Urban Heat Island Risk,590.1999999999999,7,7.405445874549661
2022-07-08,29.1,84.0,25.0,Chembur,19.0622,72.8984,1,Urban Heat Island Risk,612.1999999999999,7,5.0
2022-07-09,27.4,88.0,37.8,Chembur,19.0622,72.8984,1,Urban Heat Island Risk,643.4,7,16.94187864615084
2022-07-10,26.7,89.0,52.5,Chembur,19.0622,72.8984,1,Urban Heat Island Risk,659.2,7,14.525878843595638
2022-07-11,26.0,90.0,79.9,Chembur,19.0622,72.8984,1,Urban Heat Island Risk,684.3,7,12.42608662542629
2022-07-12,26.4,90.0,65.0,Chembur,19.0622,72.8984,1,Urban Heat Island Risk,726.3,7,16.217651020931722
2022-07-13,26.4,88.0,68.3,Chembur,19.0622,72.8984,1,Urban Heat Island Risk,767.6999999999999,7,14.69798135401546
2022-07-14,26.5,88.0,60.2,Chembur,19.0622,72.8984,1,Urban Heat Island Risk,781.1,7,20.638901253169493
2022-07-15,28.5,84.0,25.3,Chembur,19.0622,72.8984,1,Urban Heat Island Risk,788.9,7,15.43055434129489
2022-07-16,28.5,84.0,24.8,Chembur,19.0622,72.8984,1,Urban Heat Island Risk,798.1,7,11.265383574649162
2022-07-17,29.3,83.0,10.3,Chembur,19.0622,72.8984,1,Urban Heat Island Risk,792.6999999999999,7,19.950831194796443
2022-07-18,26.6,89.0,30.3,Chembur,19.0622,72.8984,1,Urban Heat Island Risk,791.3000000000001,7,13.914344625268988
2022-07-19,27.0,88.0,34.3,Chembur,19.0622,72.8984,1,Urban Heat Island Risk,815.6,7,17.632683418361538
2022-07-20,28.1,84.0,13.4,Chembur,19.0622,72.8984,1,Urban Heat Island Risk,813.0,7,12.612946469035997
2022-07-21,28.4,82.0,6.0,Chembur,19.0622,72.8984,1,Urban Heat Island Risk,777.4,7,11.750865572512819
2022-07-22,29.4,81.0,4.8,Chembur,19.0622,72.8984,1,Urban Heat Island Risk,738.8000000000001,7,15.420841150928482
2022-07-23,27.4,86.0,28.2,Chembur,19.0622,72.8984,1,Urban Heat Island Risk,743.1,7,15.064143217718426
2022-07-24,26.9,87.0,25.8,Chembur,19.0622,72.8984,1,Urban Heat Island Risk,748.4000000000001,7,17.399135176834164
2022-07-25,28.5,84.0,10.2,Chembur,19.0622,72.8984,1,Urban Heat Island Risk,730.4,7,13.656771233451288
2022-07-26,27.9,85.0,4.1,Chembur,19.0622,72.8984,1,Urban Heat Island Risk,679.0,7,5.818201081148013
2022-07-27,28.8,85.0,6.5,Chembur,19.0622,72.8984,1,Urban Heat Island Risk,649.9,7,12.836130582058058
2022-07-28,29.3,84.0,2.5,Chembur,19.0622,72.8984,1,Urban Heat Island Risk,615.2,7,18.96909233571908
2022-07-29,29.8,84.0,1.1,Chembur,19.0622,72.8984,1,Urban Heat Island Risk,591.3000000000001,7,13.513119603784467
2022-07-30,29.7,82.0,0.2,Chembur,19.0622,72.8984,1,Urban Heat Island Risk,553.6999999999999,7,13.76808298742726
2022-07-31,29.5,82.0,2.0,Chembur,19.0622,72.8984,1,Urban Heat Island Risk,503.20000000000005,7,19.931882529529688
2022-08-01,29.5,81.0,2.1,Chembur,19.0622,72.8984,1,Urban Heat Island Risk,425.4,8,11.440133863705386
2022-08-02,29.6,81.0,2.8,Chembur,19.0622,72.8984,1,Urban Heat Island Risk,363.2,8,7.285983908785502
2022-08-03,29.4,83.0,10.3,Chembur,19.0622,72.8984,1,Urban Heat Island Risk,305.2,8,14.196844402372529
2022-08-04,29.0,85.0,13.6,Chembur,19.0622,72.8984,1,Urban Heat Island Risk,258.6,8,12.579130243756314
2022-08-05,27.6,88.0,27.2,Chembur,19.0622,72.8984,1,Urban Heat Island Risk,260.5,8,10.16876840123373
2022-08-06,28.0,87.0,33.7,Chembur,19.0622,72.8984,1,Urban Heat Island Risk,269.4,8,14.123107720506546
2022-08-07,28.1,88.0,56.5,Chembur,19.0622,72.8984,1,Urban Heat Island Risk,315.6,8,17.45752823623392
2022-08-08,27.7,87.0,32.6,Chembur,19.0622,72.8984,1,Urban Heat Island Risk,317.9,8,14.953557192160922
2022-08-09,27.2,87.0,71.3,Chembur,19.0622,72.8984,1,Urban Heat Island Risk,354.90000000000003,8,16.53490536343119
2022-08-10,27.8,86.0,37.6,Chembur,19.0622,72.8984,1,Urban Heat Island Risk,379.1,8,24.067038492577115
2022-08-11,28.5,83.0,23.1,Chembur,19.0622,72.8984,1,Urban Heat Island Risk,396.2,8,13.28560569221218
2022-08-12,28.5,82.0,16.1,Chembur,19.0622,72.8984,1,Urban Heat Island Risk,407.5,8,16.391743173223347
2022-08-13,29.0,81.0,13.1,Chembur,19.0622,72.8984,1,Urban Heat Island Risk,392.4,8,12.453933187004328
2022-08-14,28.6,79.0,11.0,Chembur,19.0622,72.8984,1,Urban Heat Island Risk,377.59999999999997,8,10.768201400565136
2022-08-15,27.3,86.0,29.0,Chembur,19.0622,72.8984,1,Urban Heat Island Risk,396.4,8,12.075461732911151
2022-08-16,26.6,87.0,64.1,Chembur,19.0622,72.8984,1,Urban Heat Island Risk,456.40000000000003,8,12.606207142391558
2022-08-17,27.9,84.0,19.3,Chembur,19.0622,72.8984,1,Urban Heat Island Risk,469.20000000000005,8,16.797378987735627
2022-08-18,28.2,82.0,10.5,Chembur,19.0622,72.8984,1,Urban Heat Island Risk,477.20000000000005,8,26.745378933503787
2022-08-19,28.4,83.0,11.9,Chembur,19.0622,72.8984,1,Urban Heat Island Risk,488.0,8,11.4197828186208
2022-08-20,28.4,84.0,6.2,Chembur,19.0622,72.8984,1,Urban Heat Island Risk,494.0,8,12.916873471922688
2022-08-21,28.2,83.0,5.8,Chembur,19.0622,72.8984,1,Urban Heat Island Risk,497.8,8,14.68438493444376
2022-08-22,27.6,84.0,9.1,Chembur,19.0622,72.8984,1,Urban Heat Island Risk,504.8,8,16.978994243548737
2022-08-23,28.5,84.0,7.9,Chembur,19.0622,72.8984,1,Urban Heat Island Risk,509.9,8,16.317754059773925
2022-08-24,28.4,84.0,7.8,Chembur,19.0622,72.8984,1,Urban Heat Island Risk,507.40000000000003,8,21.420478969740586
2022-08-25,28.0,85.0,6.1,Chembur,19.0622,72.8984,1,Urban Heat Island Risk,499.90000000000003,8,5.0
2022-08-26,28.4,83.0,2.2,Chembur,19.0622,72.8984,1,Urban Heat Island Risk,474.90000000000003,8,5.0
2022-08-27,28.5,81.0,1.8,Chembur,19.0622,72.8984,1,Urban Heat Island Risk,443.00000000000006,8,12.520609139949254
2022-08-28,28.5,83.0,2.0,Chembur,19.0622,72.8984,1,Urban Heat Island Risk,388.5,8,20.486500937718546
2022-08-29,29.1,83.0,1.2,Chembur,19.0622,72.8984,1,Urban Heat Island Risk,357.1,8,7.171759841972019
2022-08-30,29.9,84.0,0.6,Chembur,19.0622,72.8984,1,Urban Heat Island Risk,286.4,8,5.0
2022-08-31,30.0,86.0,18.7,Chembur,19.0622,72.8984,1,Urban Heat Island Risk,267.5,8,17.855897031096042
2022-09-01,29.4,86.0,1.7,Chembur,19.0622,72.8984,1,Urban Heat Island Risk,246.1,9,16.21828611851357
2022-09-02,30.9,85.0,10.0,Chembur,19.0622,72.8984,1,Urban Heat Island Risk,240.0,9,9.54895796600285
2022-09-03,30.4,85.0,0.9,Chembur,19.0622,72.8984,1,Urban Heat Island Risk,227.79999999999998,9,10.07230199639535
2022-09-04,29.0,86.0,9.9,Chembur,19.0622,72.8984,1,Urban Heat Island Risk,226.7,9,10.151281401826628
2022-09-05,29.5,81.0,1.8,Chembur,19.0622,72.8984,1,Urban Heat Island Risk,199.5,9,15.552676587369701
2022-09-06,29.5,82.0,4.9,Chembur,19.0622,72.8984,1,Urban Heat Island Risk,140.3,9,11.868423619084965
2022-09-07,30.6,86.0,20.1,Chembur,19.0622,72.8984,1,Urban Heat Island Risk,141.1,9,17.470319594877598
2022-09-08,29.0,88.0,39.7,Chembur,19.0622,72.8984,1,Urban Heat Island Risk,170.3,9,5.0
2022-09-09,30.1,86.0,27.0,Chembur,19.0622,72.8984,1,Urban Heat Island Risk,185.4,9,10.715740674361005
2022-09-10,30.0,87.0,13.2,Chembur,19.0622,72.8984,1,Urban Heat Island Risk,192.4,9,9.369730195444749
2022-09-11,29.7,86.0,25.5,Chembur,19.0622,72.8984,1,Urban Heat Island Risk,212.1,9,13.718296608137539
2022-09-12,29.0,87.0,21.8,Chembur,19.0622,72.8984,1,Urban Heat Island Risk,224.8,9,12.309761207549307
2022-09-13,27.1,88.0,51.7,Chembur,19.0622,72.8984,1,Urban Heat Island Risk,268.6,9,18.989218899478832
2022-09-14,28.0,87.0,81.9,Chembur,19.0622,72.8984,1,Urban Heat Island Risk,342.7,9,5.7033161416997125
2022-09-15,28.3,86.0,68.7,Chembur,19.0622,72.8984,1,Urban Heat Island Risk,405.30000000000007,9,15.22745738165376
2022-09-16,26.6,89.0,96.6,Chembur,19.0622,72.8984,1,Urban Heat Island Risk,499.7,9,17.791682116058528
2022-09-17,27.9,88.0,36.6,Chembur,19.0622,72.8984,1,Urban Heat Island Risk,534.5,9,24.283237182809774
2022-09-18,27.0,88.0,61.8,Chembur,19.0622,72.8984,1,Urban Heat Island Risk,594.3000000000001,9,12.591170144532624
2022-09-19,28.3,81.0,2.9,Chembur,19.0622,72.8984,1,Urban Heat Island Risk,596.0,9,16.622293021762584
2022-09-20,26.7,86.0,15.0,Chembur,19.0622,72.8984,1,Urban Heat Island Risk,610.4,9,5.980686037188175
2022-09-21,27.5,86.0,12.3,Chembur,19.0622,72.8984,1,Urban Heat Island Risk,604.0,9,5.0
2022-09-22,26.2,88.0,18.0,Chembur,19.0622,72.8984,1,Urban Heat Island Risk,620.3,9,19.2238718789085
2022-09-23,28.5,81.0,4.0,Chembur,19.0622,72.8984,1,Urban Heat Island Risk,614.3,9,14.972198531759647
2022-09-24,27.7,85.0,5.2,Chembur,19.0622,72.8984,1,Urban Heat Island Risk,618.6,9,20.892563448992114
2022-09-25,27.9,84.0,4.7,Chembur,19.0622,72.8984,1,Urban Heat Island Risk,613.4000000000001,9,8.132985555151254
2022-09-26,28.3,83.0,3.0,Chembur,19.0622,72.8984,1,Urban Heat Island Risk,614.6,9,17.599510697643762
2022-09-27,28.5,84.0,0.9,Chembur,19.0622,72.8984,1,Urban Heat Island Risk,610.6,9,24.344089202719267
2022-09-28,28.5,85.0,2.3,Chembur,19.0622,72.8984,1,Urban Heat Island Risk,592.8,9,17.09852804178633
2022-09-29,28.5,87.0,2.0,Chembur,19.0622,72.8984,1,Urban Heat Island Risk,555.1,9,16.382907527955243
2022-09-30,29.5,87.0,2.2,Chembur,19.0622,72.8984,1,Urban Heat Island Risk,530.3000000000001,9,15.04278040412175
2022-10-01,28.4,87.0,10.3,Chembur,19.0622,72.8984,1,Urban Heat Island Risk,527.4,10,44.54559271437044
2022-10-02,29.0,85.0,0.7,Chembur,19.0622,72.8984,1,Urban Heat Island Risk,502.59999999999997,10,55.77786467855174
2022-10-03,29.1,85.0,0.6,Chembur,19.0622,72.8984,1,Urban Heat Island Risk,481.4,10,45.379045134307994
2022-10-04,29.9,84.0,0.0,Chembur,19.0622,72.8984,1,Urban Heat Island Risk,429.7,10,46.42241628191509
2022-10-05,30.5,86.0,2.4,Chembur,19.0622,72.8984,1,Urban Heat Island Risk,350.2,10,32.68482846714373
2022-10-06,30.0,84.0,3.5,Chembur,19.0622,72.8984,1,Urban Heat Island Risk,285.0,10,37.43603501079443
2022-10-07,27.5,85.0,27.7,Chembur,19.0622,72.8984,1,Urban Heat Island Risk,216.1,10,64.67543699611117
2022-10-08,27.8,85.0,31.9,Chembur,19.0622,72.8984,1,Urban Heat Island Risk,211.4,10,54.063488555210775
2022-10-09,29.4,83.0,1.1,Chembur,19.0622,72.8984,1,Urban Heat Island Risk,150.7,10,53.999710713546065
2022-10-10,30.3,84.0,0.2,Chembur,19.0622,72.8984,1,Urban Heat Island Risk,148.0,10,41.242180038040736
2022-10-11,30.4,86.0,11.1,Chembur,19.0622,72.8984,1,Urban Heat Island Risk,144.1,10,31.85717780187739
2022-10-12,28.7,87.0,13.8,Chembur,19.0622,72.8984,1,Urban Heat Island Risk,145.6,10,55.16033799865861
2022-10-13,30.1,88.0,2.1,Chembur,19.0622,72.8984,1,Urban Heat Island Risk,129.70000000000002,10,39.817205077888616
2022-10-14,31.0,85.0,14.5,Chembur,19.0622,72.8984,1,Urban Heat Island Risk,140.20000000000002,10,41.16011073425189
2022-10-15,32.4,74.0,0.9,Chembur,19.0622,72.8984,1,Urban Heat Island Risk,135.89999999999998,10,29.85938767103375
2022-10-16,32.5,65.0,0.0,Chembur,19.0622,72.8984,1,Urban Heat Island Risk,131.2,10,21.451075526952312
2022-10-17,30.4,80.0,6.4,Chembur,19.0622,72.8984,1,Urban Heat Island Risk,134.6,10,41.88814049351952
2022-10-18,28.0,87.0,7.4,Chembur,19.0622,72.8984,1,Urban Heat Island Risk,141.1,10,65.64778237743066
2022-10-19,30.0,86.0,4.4,Chembur,19.0622,72.8984,1,Urban Heat Island Risk,143.20000000000002,10,45.79826562590563
2022-10-20,30.0,86.0,0.7,Chembur,19.0622,72.8984,1,Urban Heat Island Risk,141.9,10,43.04574456830601
2022-10-21,31.3,83.0,3.8,Chembur,19.0622,72.8984,1,Urban Heat Island Risk,143.5,10,41.343383676451154
2022-10-22,30.9,79.0,1.3,Chembur,19.0622,72.8984,1,Urban Heat Island Risk,134.49999999999997,10,39.286675659348894
2022-10-23,31.9,65.0,0.0,Chembur,19.0622,72.8984,1,Urban Heat Island Risk,133.79999999999998,10,33.61433781798065
2022-10-24,31.1,69.0,0.0,Chembur,19.0622,72.8984,1,Urban Heat Island Risk,133.2,10,31.641874139204482
2022-10-25,30.5,75.0,0.0,Chembur,19.0622,72.8984,1,Urban Heat Island Risk,133.2,10,41.66924012894799
2022-10-26,31.0,72.0,0.0,Chembur,19.0622,72.8984,1,Urban Heat Island Risk,130.79999999999998,10,42.843883748751395
2022-10-27,31.1,70.0,0.0,Chembur,19.0622,72.8984,1,Urban Heat Island Risk,127.3,10,32.919689239499874
2022-10-28,31.6,66.0,0.0,Chembur,19.0622,72.8984,1,Urban Heat Island Risk,99.6,10,41.3891457729014
2022-10-29,32.3,59.0,0.0,Chembur,19.0622,72.8984,1,Urban Heat Island Risk,67.7,10,29.841469879274385
2022-10-30,32.3,57.0,0.0,Chembur,19.0622,72.8984,1,Urban Heat Island Risk,66.60000000000001,10,25.86115244230731
2022-10-31,32.3,59.0,0.0,Chembur,19.0622,72.8984,1,Urban Heat Island Risk,66.4,10,35.28816038460124
2022-11-01,32.0,56.0,0.0,Chembur,19.0622,72.8984,1,Urban Heat Island Risk,55.300000000000004,11,30.566028821308652
2022-11-02,32.0,62.0,0.0,Chembur,19.0622,72.8984,1,Urban Heat Island Risk,41.5,11,35.79757443743054
2022-11-03,33.7,55.0,0.0,Chembur,19.0622,72.8984,1,Urban Heat Island Risk,39.4,11,20.907873505373963
2022-11-04,33.9,54.0,0.0,Chembur,19.0622,72.8984,1,Urban Heat Island Risk,24.900000000000002,11,20.934202615683823
2022-11-05,33.8,53.0,0.0,Chembur,19.0622,72.8984,1,Urban Heat Island Risk,24.000000000000004,11,24.267801021671474
2022-11-06,33.5,57.0,0.0,Chembur,19.0622,72.8984,1,Urban Heat Island Risk,24.000000000000004,11,24.95448528795003
2022-11-07,32.3,63.0,0.0,Chembur,19.0622,72.8984,1,Urban Heat Island Risk,17.6,11,20.322341097741322
2022-11-08,32.7,61.0,0.0,Chembur,19.0622,72.8984,1,Urban Heat Island Risk,10.200000000000001,11,22.427114632861358
2022-11-09,32.2,59.0,0.0,Chembur,19.0622,72.8984,1,Urban Heat Island Risk,5.8,11,35.51371659062073
2022-11-10,32.9,59.0,0.0,Chembur,19.0622,72.8984,1,Urban Heat Island Risk,5.1,11,26.23931705549227
2022-11-11,33.5,53.0,0.0,Chembur,19.0622,72.8984,1,Urban Heat Island Risk,1.3,11,20.881343486142892
2022-11-12,33.5,55.0,0.0,Chembur,19.0622,72.8984,1,Urban Heat Island Risk,0.0,11,16.70712992371263
2022-11-13,33.3,55.0,0.0,Chembur,19.0622,72.8984,1,Urban Heat Island Risk,0.0,11,19.234651726954105
2022-11-14,33.0,64.0,0.0,Chembur,19.0622,72.8984,1,Urban Heat Island Risk,0.0,11,16.224340133523597
2022-11-15,32.0,67.0,0.0,Chembur,19.0622,72.8984,1,Urban Heat Island Risk,0.0,11,31.493596406492337
2022-11-16,32.7,61.0,0.0,Chembur,19.0622,72.8984,1,Urban Heat Island Risk,0.0,11,25.04114543042808
2022-11-17,32.8,55.0,0.0,Chembur,19.0622,72.8984,1,Urban Heat Island Risk,0.0,11,22.63372721174011
2022-11-18,32.2,46.0,0.0,Chembur,19.0622,72.8984,1,Urban Heat Island Risk,0.0,11,30.526049540826886
2022-11-19,31.9,45.0,0.0,Chembur,19.0622,72.8984,1,Urban Heat Island Risk,0.0,11,34.38651982093037
2022-11-20,30.7,47.0,0.0,Chembur,19.0622,72.8984,1,Urban Heat Island Risk,0.0,11,49.8326563277164
2022-11-21,30.3,49.0,0.0,Chembur,19.0622,72.8984,1,Urban Heat Island Risk,0.0,11,34.07391623551726
2022-11-22,31.3,54.0,0.0,Chembur,19.0622,72.8984,1,Urban Heat Island Risk,0.0,11,41.76357188316927
2022-11-23,31.9,52.0,0.0,Chembur,19.0622,72.8984,1,Urban Heat Island Risk,0.0,11,37.43217447174204
2022-11-24,31.8,57.0,0.0,Chembur,19.0622,72.8984,1,Urban Heat Island Risk,0.0,11,29.237869636449823
2022-11-25,32.4,61.0,0.0,Chembur,19.0622,72.8984,1,Urban Heat Island Risk,0.0,11,30.749513106263496
2022-11-26,32.6,65.0,0.0,Chembur,19.0622,72.8984,1,Urban Heat Island Risk,0.0,11,26.31183375331192
2022-11-27,31.1,67.0,0.0,Chembur,19.0622,72.8984,1,Urban Heat Island Risk,0.0,11,38.02844290209369
2022-11-28,30.7,66.0,0.0,Chembur,19.0622,72.8984,1,Urban Heat Island Risk,0.0,11,46.912321733689424
2022-11-29,30.3,69.0,0.0,Chembur,19.0622,72.8984,1,Urban Heat Island Risk,0.0,11,44.66136449648989
2022-11-30,32.6,64.0,0.0,Chembur,19.0622,72.8984,1,Urban Heat Island Risk,0.0,11,31.143041866167206
2022-12-01,33.0,59.0,0.0,Chembur,19.0622,72.8984,1,Urban Heat Island Risk,0.0,12,24.181786733560124
2022-12-02,32.5,59.0,0.0,Chembur,19.0622,72.8984,1,Urban Heat Island Risk,0.0,12,21.74638334204499
2022-12-03,31.5,60.0,0.0,Chembur,19.0622,72.8984,1,Urban Heat Island Risk,0.0,12,33.790992280631286
2022-12-04,32.8,63.0,0.0,Chembur,19.0622,72.8984,1,Urban Heat Island Risk,0.0,12,33.499707440986256
2022-12-05,32.2,67.0,0.0,Chembur,19.0622,72.8984,1,Urban Heat Island Risk,0.0,12,23.230827383718413
2022-12-06,32.7,67.0,0.0,Chembur,19.0622,72.8984,1,Urban Heat Island Risk,0.0,12,22.757886492449842
2022-12-07,32.5,66.0,0.0,Chembur,19.0622,72.8984,1,Urban Heat Island Risk,0.0,12,29.798005347837005
2022-12-08,31.7,62.0,0.0,Chembur,19.0622,72.8984,1,Urban Heat Island Risk,0.0,12,28.77672607576369
2022-12-09,30.8,49.0,0.0,Chembur,19.0622,72.8984,1,Urban Heat Island Risk,0.0,12,34.837382764423936
2022-12-10,31.9,55.0,0.0,Chembur,19.0622,72.8984,1,Urban Heat Island Risk,0.0,12,30.44867375802579
2022-12-11,31.4,55.0,0.0,Chembur,19.0622,72.8984,1,Urban Heat Island Risk,0.0,12,28.57191297904926
2022-12-12,32.4,61.0,0.0,Chembur,19.0622,72.8984,1,Urban Heat Island Risk,0.0,12,24.862724102251498
2022-12-13,32.9,65.0,0.0,Chembur,19.0622,72.8984,1,Urban Heat Island Risk,0.0,12,30.41713958393655
2022-12-14,32.6,64.0,0.2,Chembur,19.0622,72.8984,1,Urban Heat Island Risk,0.2,12,22.063151088845174
2022-12-15,32.1,69.0,0.0,Chembur,19.0622,72.8984,1,Urban Heat Island Risk,0.2,12,23.44397266085914
2022-12-16,33.8,67.0,0.0,Chembur,19.0622,72.8984,1,Urban Heat Island Risk,0.2,12,18.649875102330544
2022-12-17,34.0,66.0,0.0,Chembur,19.0622,72.8984,1,Urban Heat Island Risk,0.2,12,24.326444179215898
2022-12-18,33.8,61.0,0.0,Chembur,19.0622,72.8984,1,Urban Heat Island Risk,0.2,12,20.815390960015566
2022-12-19,31.8,57.0,0.0,Chembur,19.0622,72.8984,1,Urban Heat Island Risk,0.2,12,30.810427942755233
2022-12-20,30.9,55.0,0.0,Chembur,19.0622,72.8984,1,Urban Heat Island Risk,0.2,12,38.45512732091137
2022-12-21,31.5,60.0,0.0,Chembur,19.0622,72.8984,1,Urban Heat Island Risk,0.2,12,26.10479616903507
2022-12-22,31.5,65.0,0.0,Chembur,19.0622,72.8984,1,Urban Heat Island Risk,0.2,12,37.30686160220849
2022-12-23,30.0,60.0,0.0,Chembur,19.0622,72.8984,1,Urban Heat Island Risk,0.2,12,45.25050849035155
2022-12-24,29.3,50.0,0.0,Chembur,19.0622,72.8984,1,Urban Heat Island Risk,0.2,12,45.25345762952139
2022-12-25,28.0,64.0,0.0,Chembur,19.0622,72.8984,1,Urban Heat Island Risk,0.2,12,59.69628922564875
2022-12-26,28.5,71.0,0.0,Chembur,19.0622,72.8984,1,Urban Heat Island Risk,0.2,12,46.19585283856814
2022-12-27,30.1,67.0,0.0,Chembur,19.0622,72.8984,1,Urban Heat Island Risk,0.2,12,48.4062116329345
2022-12-28,30.7,67.0,0.0,Chembur,19.0622,72.8984,1,Urban Heat Island Risk,0.2,12,40.13913499464293
2022-12-29,31.1,66.0,0.0,Chembur,19.0622,72.8984,1,Urban Heat Island Risk,0.2,12,35.417237050609124
2022-12-30,31.0,64.0,0.0,Chembur,19.0622,72.8984,1,Urban Heat Island Risk,0.2,12,37.56729848982511
2022-12-31,29.9,63.0,0.0,Chembur,19.0622,72.8984,1,Urban Heat Island Risk,0.2,12,43.3636761709453
2023-01-01,27.8,65.0,0.0,Chembur,19.0622,72.8984,1,Urban Heat Island Risk,0.2,1,61.901414482088576
2023-01-02,29.6,68.0,0.0,Chembur,19.0622,72.8984,1,Urban Heat Island Risk,0.2,1,40.21660436264493
2023-01-03,29.6,67.0,0.0,Chembur,19.0622,72.8984,1,Urban Heat Island Risk,0.2,1,41.787403804267
2023-01-04,29.1,69.0,0.0,Chembur,19.0622,72.8984,1,Urban Heat Island Risk,0.0,1,53.61484779369572
2023-01-05,30.3,69.0,0.0,Chembur,19.0622,72.8984,1,Urban Heat Island Risk,0.0,1,38.65565865741403
2023-01-06,32.1,63.0,0.0,Chembur,19.0622,72.8984,1,Urban Heat Island Risk,0.0,1,35.93599871999128
2023-01-07,32.5,61.0,0.0,Chembur,19.0622,72.8984,1,Urban Heat Island Risk,0.0,1,37.66384658171021
2023-01-08,31.9,58.0,0.0,Chembur,19.0622,72.8984,1,Urban Heat Island Risk,0.0,1,30.557691531958508
2023-01-09,31.2,50.0,0.0,Chembur,19.0622,72.8984,1,Urban Heat Island Risk,0.0,1,39.940144966209864
2023-01-10,31.6,49.0,0.0,Chembur,19.0622,72.8984,1,Urban Heat Island Risk,0.0,1,28.498205259967367
2023-01-11,29.9,58.0,0.0,Chembur,19.0622,72.8984,1,Urban Heat Island Risk,0.0,1,47.67366649033905
2023-01-12,28.6,70.0,0.0,Chembur,19.0622,72.8984,1,Urban Heat Island Risk,0.0,1,52.2637865966005
2023-01-13,27.0,74.0,0.0,Chembur,19.0622,72.8984,1,Urban Heat Island Risk,0.0,1,62.69852474413441
2023-01-14,26.5,63.0,0.0,Chembur,19.0622,72.8984,1,Urban Heat Island Risk,0.0,1,59.93880630648969
2023-01-15,26.3,67.0,0.0,Chembur,19.0622,72.8984,1,Urban Heat Island Risk,0.0,1,55.99458292216412
2023-01-16,26.2,74.0,0.0,Chembur,19.0622,72.8984,1,Urban Heat Island Risk,0.0,1,67.3829269904142
2023-01-17,27.5,73.0,0.0,Chembur,19.0622,72.8984,1,Urban Heat Island Risk,0.0,1,47.182984237602724
2023-01-18,29.7,70.0,0.0,Chembur,19.0622,72.8984,1,Urban Heat Island Risk,0.0,1,43.44658087212066
2023-01-19,28.5,70.0,0.0,Chembur,19.0622,72.8984,1,Urban Heat Island Risk,0.0,1,56.539242665433186
2023-01-20,28.0,71.0,0.0,Chembur,19.0622,72.8984,1,Urban Heat Island Risk,0.0,1,55.626155346031844
2023-01-21,27.7,68.0,0.0,Chembur,19.0622,72.8984,1,Urban Heat Island Risk,0.0,1,66.10837989061574
2023-01-22,27.4,59.0,0.0,Chembur,19.0622,72.8984,1,Urban Heat Island Risk,0.0,1,63.19221242957555
2023-01-23,26.2,54.0,0.0,Chembur,19.0622,72.8984,1,Urban Heat Island Risk,0.0,1,61.59717472503879
2023-01-24,26.0,56.0,0.0,Chembur,19.0622,72.8984,1,Urban Heat Island Risk,0.0,1,66.13656689925719
2023-01-25,27.0,53.0,0.0,Chembur,19.0622,72.8984,1,Urban Heat Island Risk,0.0,1,60.09647982061116
2023-01-26,27.7,56.0,0.0,Chembur,19.0622,72.8984,1,Urban Heat Island Risk,0.0,1,48.455782849936035
2023-01-27,33.0,64.0,0.0,Chembur,19.0622,72.8984,1,Urban Heat Island Risk,0.0,1,21.63133875091157
2023-01-28,31.3,73.0,0.0,Chembur,19.0622,72.8984,1,Urban Heat Island Risk,0.0,1,33.16286213176736
2023-01-29,26.4,87.0,1.0,Chembur,19.0622,72.8984,1,Urban Heat Island Risk,1.0,1,53.55223081905366
2023-01-30,28.5,77.0,0.0,Chembur,19.0622,72.8984,1,Urban Heat Island Risk,1.0,1,52.07080067459155
2023-01-31,30.9,63.0,0.0,Chembur,19.0622,72.8984,1,Urban Heat Island Risk,1.0,1,36.98797411006814
2023-02-01,34.0,51.0,0.0,Chembur,19.0622,72.8984,1,Urban Heat Island Risk,1.0,2,12.302197160108797
2023-02-02,34.4,50.0,0.0,Chembur,19.0622,72.8984,1,Urban Heat Island Risk,1.0,2,20.42106432638667
2023-02-03,32.7,52.0,0.0,Chembur,19.0622,72.8984,1,Urban Heat Island Risk,1.0,2,31.612697056788114
2023-02-04,32.1,54.0,0.0,Chembur,19.0622,72.8984,1,Urban Heat Island Risk,1.0,2,32.56850572765777
2023-02-05,31.4,60.0,0.0,Chembur,19.0622,72.8984,1,Urban Heat Island Risk,1.0,2,33.779659123955156
2023-02-06,29.9,64.0,0.0,Chembur,19.0622,72.8984,1,Urban Heat Island Risk,1.0,2,46.85721075875928
2023-02-07,31.8,59.0,0.0,Chembur,19.0622,72.8984,1,Urban Heat Island Risk,1.0,2,36.534435135716784
2023-02-08,31.6,58.0,0.0,Chembur,19.0622,72.8984,1,Urban Heat Island Risk,1.0,2,35.803684515265104
2023-02-09,34.2,51.0,0.0,Chembur,19.0622,72.8984,1,Urban Heat Island Risk,1.0,2,15.410272081159512
2023-02-10,32.0,55.0,0.0,Chembur,19.0622,72.8984,1,Urban Heat Island Risk,1.0,2,33.3830038275559
2023-02-11,32.2,49.0,0.0,Chembur,19.0622,72.8984,1,Urban Heat Island Risk,1.0,2,36.84406992079405
2023-02-12,33.2,44.0,0.0,Chembur,19.0622,72.8984,1,Urban Heat Island Risk,1.0,2,22.216854706941334
2023-02-13,34.3,37.0,0.0,Chembur,19.0622,72.8984,1,Urban Heat Island Risk,1.0,2,29.456363362328837
2023-02-14,33.5,40.0,0.0,Chembur,19.0622,72.8984,1,Urban Heat Island Risk,1.0,2,20.87184533007308
2023-02-15,33.6,43.0,0.0,Chembur,19.0622,72.8984,1,Urban Heat Island Risk,1.0,2,23.09536840003401
2023-02-16,35.4,35.0,0.0,Chembur,19.0622,72.8984,1,Urban Heat Island Risk,1.0,2,9.37090535330166
2023-02-17,34.7,35.0,0.0,Chembur,19.0622,72.8984,1,Urban Heat Island Risk,1.0,2,17.81635417960129
2023-02-18,35.4,34.0,0.0,Chembur,19.0622,72.8984,1,Urban Heat Island Risk,1.0,2,5.0
2023-02-19,36.1,41.0,0.0,Chembur,19.0622,72.8984,1,Urban Heat Island Risk,0.0,2,6.036457672583053
2023-02-20,31.4,61.0,0.0,Chembur,19.0622,72.8984,1,Urban Heat Island Risk,0.0,2,29.93939399825717
2023-02-21,32.5,62.0,0.0,Chembur,19.0622,72.8984,1,Urban Heat Island Risk,0.0,2,29.843358406128118
2023-02-22,30.5,66.0,0.0,Chembur,19.0622,72.8984,1,Urban Heat Island Risk,0.0,2,45.47223687754454
2023-02-23,33.3,49.0,0.0,Chembur,19.0622,72.8984,1,Urban Heat Island Risk,0.0,2,27.863364268906103
2023-02-24,34.7,42.0,0.0,Chembur,19.0622,72.8984,1,Urban Heat Island Risk,0.0,2,5.0
2023-02-25,34.3,38.0,0.0,Chembur,19.0622,72.8984,1,Urban Heat Island Risk,0.0,2,29.177014931306083
2023-02-26,35.3,39.0,0.0,Chembur,19.0622,72.8984,1,Urban Heat Island Risk,0.0,2,14.776399703104358
2023-02-27,35.3,40.0,0.0,Chembur,19.0622,72.8984,1,Urban Heat Island Risk,0.0,2,9.417504297535015
2023-02-28,33.7,48.0,0.0,Chembur,19.0622,72.8984,1,Urban Heat Island Risk,0.0,2,23.152306261621355
2023-03-01,33.2,51.0,0.0,Chembur,19.0622,72.8984,1,Urban Heat Island Risk,0.0,3,15.880949112513463
2023-03-02,35.6,45.0,0.0,Chembur,19.0622,72.8984,1,Urban Heat Island Risk,0.0,3,11.665756415242182
2023-03-03,34.2,54.0,0.0,Chembur,19.0622,72.8984,1,Urban Heat Island Risk,0.0,3,15.989583336710378
2023-03-04,34.7,60.0,0.0,Chembur,19.0622,72.8984,1,Urban Heat Island Risk,0.0,3,11.962638561898464
2023-03-05,36.7,54.0,0.0,Chembur,19.0622,72.8984,1,Urban Heat Island Risk,0.0,3,12.978190036549886
2023-03-06,36.8,41.0,0.1,Chembur,19.0622,72.8984,1,Urban Heat Island Risk,0.1,3,11.568604321224578
2023-03-07,36.5,44.0,0.0,Chembur,19.0622,72.8984,1,Urban Heat Island Risk,0.1,3,7.836643551301736
2023-03-08,35.7,47.0,0.0,Chembur,19.0622,72.8984,1,Urban Heat Island Risk,0.1,3,15.72918235107692
2023-03-09,37.0,32.0,0.0,Chembur,19.0622,72.8984,1,Urban Heat Island Risk,0.1,3,17.92649718258169
2023-03-10,35.7,30.0,0.0,Chembur,19.0622,72.8984,1,Urban Heat Island Risk,0.1,3,17.57441798038186
2023-03-11,37.3,37.0,0.0,Chembur,19.0622,72.8984,1,Urban Heat Island Risk,0.1,3,19.09962626317617
2023-03-12,38.2,38.0,0.0,Chembur,19.0622,72.8984,1,Urban Heat Island Risk,0.1,3,16.621701050074343
2023-03-13,37.8,48.0,0.0,Chembur,19.0622,72.8984,1,Urban Heat Island Risk,0.1,3,12.336372508915483
2023-03-14,37.0,61.0,0.0,Chembur,19.0622,72.8984,1,Urban Heat Island Risk,0.1,3,19.198319322155946
2023-03-15,35.2,58.0,0.0,Chembur,19.0622,72.8984,1,Urban Heat Island Risk,0.1,3,8.212412300790325
2023-03-16,32.8,65.0,13.3,Chembur,19.0622,72.8984,1,Urban Heat Island Risk,13.4,3,10.496643087437599
2023-03-17,31.1,74.0,0.7,Chembur,19.0622,72.8984,1,Urban Heat Island Risk,14.1,3,10.178999642883777
2023-03-18,31.3,77.0,0.0,Chembur,19.0622,72.8984,1,Urban Heat Island Risk,14.1,3,20.40028029569655
2023-03-19,30.3,72.0,0.0,Chembur,19.0622,72.8984,1,Urban Heat Island Risk,14.1,3,19.71394257070038
2023-03-20,30.0,65.0,0.0,Chembur,19.0622,72.8984,1,Urban Heat Island Risk,14.1,3,17.436526185224974
2023-03-21,29.5,70.0,0.7,Chembur,19.0622,72.8984,1,Urban Heat Island Risk,14.8,3,20.359649326058985
2023-03-22,30.5,70.0,0.0,Chembur,19.0622,72.8984,1,Urban Heat Island Risk,14.8,3,10.603586087940059
2023-03-23,30.6,71.0,0.4,Chembur,19.0622,72.8984,1,Urban Heat Island Risk,15.200000000000001,3,16.742975599304902
2023-03-24,30.7,73.0,0.0,Chembur,19.0622,72.8984,1,Urban Heat Island Risk,15.200000000000001,3,14.37412785808418
2023-03-25,30.2,67.0,0.0,Chembur,19.0622,72.8984,1,Urban Heat Island Risk,15.200000000000001,3,19.23441051942457
2023-03-26,30.0,67.0,0.0,Chembur,19.0622,72.8984,1,Urban Heat Island Risk,15.200000000000001,3,14.423878837239013
2023-03-27,30.3,74.0,0.0,Chembur,19.0622,72.8984,1,Urban Heat Island Risk,15.100000000000001,3,13.075285557949595
2023-03-28,30.4,76.0,0.0,Chembur,19.0622,72.8984,1,Urban Heat Island Risk,15.100000000000001,3,17.70454259280495
2023-03-29,30.4,77.0,0.0,Chembur,19.0622,72.8984,1,Urban Heat Island Risk,15.100000000000001,3,19.380845835956166
2023-03-30,30.0,73.0,0.2,Chembur,19.0622,72.8984,1,Urban Heat Island Risk,15.3,3,11.65827402576599
2023-03-31,29.9,73.0,0.4,Chembur,19.0622,72.8984,1,Urban Heat Island Risk,15.700000000000001,3,14.69462164323812
2023-04-01,30.5,73.0,0.0,Chembur,19.0622,72.8984,1,Urban Heat Island Risk,15.700000000000001,4,9.707796831791736
2023-04-02,30.5,75.0,0.0,Chembur,19.0622,72.8984,1,Urban Heat Island Risk,15.700000000000001,4,5.0
2023-04-03,30.6,75.0,0.0,Chembur,19.0622,72.8984,1,Urban Heat Island Risk,15.700000000000001,4,16.002298157068644
2023-04-04,31.3,78.0,0.0,Chembur,19.0622,72.8984,1,Urban Heat Island Risk,15.700000000000001,4,18.04452678127316
2023-04-05,31.5,80.0,0.0,Chembur,19.0622,72.8984,1,Urban Heat Island Risk,15.700000000000001,4,16.310334045433628
2023-04-06,33.5,70.0,0.0,Chembur,19.0622,72.8984,1,Urban Heat Island Risk,2.4,4,5.252191411228164
2023-04-07,34.6,53.0,0.0,Chembur,19.0622,72.8984,1,Urban Heat Island Risk,1.7,4,13.245752849617627
2023-04-08,35.5,54.0,0.0,Chembur,19.0622,72.8984,1,Urban Heat Island Risk,1.7,4,5.0
2023-04-09,36.3,56.0,0.0,Chembur,19.0622,72.8984,1,Urban Heat Island Risk,1.7,4,21.848505538270924
2023-04-10,36.4,59.0,0.0,Chembur,19.0622,72.8984,1,Urban Heat Island Risk,1.7,4,9.56972708940957
2023-04-11,35.4,60.0,0.0,Chembur,19.0622,72.8984,1,Urban Heat Island Risk,1.0,4,21.27701804729948
2023-04-12,36.2,53.0,0.0,Chembur,19.0622,72.8984,1,Urban Heat Island Risk,1.0,4,19.72934821842073
2023-04-13,35.7,49.0,0.0,Chembur,19.0622,72.8984,1,Urban Heat Island Risk,0.6000000000000001,4,10.497048237319692
2023-04-14,35.7,58.0,0.0,Chembur,19.0622,72.8984,1,Urban Heat Island Risk,0.6000000000000001,4,9.336075243661275
2023-04-15,35.7,61.0,0.0,Chembur,19.0622,72.8984,1,Urban Heat Island Risk,0.6000000000000001,4,16.75185108193169
2023-04-16,34.5,70.0,0.0,Chembur,19.0622,72.8984,1,Urban Heat Island Risk,0.6000000000000001,4,10.778379814084644
2023-04-17,34.5,70.0,0.0,Chembur,19.0622,72.8984,1,Urban Heat Island Risk,0.6000000000000001,4,15.512423210791038
2023-04-18,37.7,49.0,0.0,Chembur,19.0622,72.8984,1,Urban Heat Island Risk,0.6000000000000001,4,12.585862045965408
2023-04-19,37.0,45.0,0.0,Chembur,19.0622,72.8984,1,Urban Heat Island Risk,0.6000000000000001,4,6.0942079276718335
2023-04-20,35.4,60.0,0.0,Chembur,19.0622,72.8984,1,Urban Heat Island Risk,0.4,4,5.0
2023-04-21,32.8,71.0,0.0,Chembur,19.0622,72.8984,1,Urban Heat Island Risk,0.0,4,16.133421242472984
2023-04-22,32.1,77.0,0.0,Chembur,19.0622,72.8984,1,Urban Heat Island Risk,0.0,4,12.192211268346874
2023-04-23,32.0,74.0,0.0,Chembur,19.0622,72.8984,1,Urban Heat Island Risk,0.0,4,12.234550915429338
2023-04-24,32.8,77.0,0.0,Chembur,19.0622,72.8984,1,Urban Heat Island Risk,0.0,4,18.479319195468925
2023-04-25,33.2,77.0,0.0,Chembur,19.0622,72.8984,1,Urban Heat Island Risk,0.0,4,20.867211383162225
2023-04-26,31.9,73.0,0.0,Chembur,19.0622,72.8984,1,Urban Heat Island Risk,0.0,4,13.637276393190954
2023-04-27,32.4,71.0,0.0,Chembur,19.0622,72.8984,1,Urban Heat Island Risk,0.0,4,13.297006465450693
2023-04-28,32.4,72.0,0.0,Chembur,19.0622,72.8984,1,Urban Heat Island Risk,0.0,4,17.500715165569417
2023-04-29,32.1,69.0,0.4,Chembur,19.0622,72.8984,1,Urban Heat Island Risk,0.4,4,8.215322151502123
2023-04-30,32.0,70.0,0.5,Chembur,19.0622,72.8984,1,Urban Heat Island Risk,0.9,4,16.115765273738486
2023-05-01,32.1,67.0,2.1,Chembur,19.0622,72.8984,1,Urban Heat Island Risk,3.0,5,17.75942985911077
2023-05-02,32.0,66.0,0.7,Chembur,19.0622,72.8984,1,Urban Heat Island Risk,3.7,5,18.401151042088145
2023-05-03,32.3,66.0,0.0,Chembur,19.0622,72.8984,1,Urban Heat Island Risk,3.7,5,5.316236487487675
2023-05-04,32.1,72.0,0.5,Chembur,19.0622,72.8984,1,Urban Heat Island Risk,4.2,5,11.193223650955296
2023-05-05,32.8,73.0,0.4,Chembur,19.0622,72.8984,1,Urban Heat Island Risk,4.6,5,10.608683735882668
2023-05-06,32.4,75.0,0.1,Chembur,19.0622,72.8984,1,Urban Heat Island Risk,4.7,5,15.499434772046065
2023-05-07,30.5,78.0,8.2,Chembur,19.0622,72.8984,1,Urban Heat Island Risk,12.899999999999999,5,17.40372289883992
2023-05-08,32.7,72.0,0.5,Chembur,19.0622,72.8984,1,Urban Heat Island Risk,13.399999999999999,5,22.483552037229906
2023-05-09,33.5,73.0,0.0,Chembur,19.0622,72.8984,1,Urban Heat Island Risk,13.399999999999999,5,12.525172598159635
2023-05-10,34.5,77.0,0.0,Chembur,19.0622,72.8984,1,Urban Heat Island Risk,13.399999999999999,5,12.51213750845393
2023-05-11,35.0,77.0,0.0,Chembur,19.0622,72.8984,1,Urban Heat Island Risk,13.399999999999999,5,20.748360094393735
2023-05-12,34.5,78.0,0.0,Chembur,19.0622,72.8984,1,Urban Heat Island Risk,13.399999999999999,5,16.482884692651524
2023-05-13,33.8,75.0,0.0,Chembur,19.0622,72.8984,1,Urban Heat Island Risk,13.399999999999999,5,21.33825755593987
2023-05-14,33.7,74.0,0.0,Chembur,19.0622,72.8984,1,Urban Heat Island Risk,13.399999999999999,5,16.44364001504918
2023-05-15,33.7,72.0,0.5,Chembur,19.0622,72.8984,1,Urban Heat Island Risk,13.899999999999999,5,9.214416906433645
2023-05-16,34.1,69.0,0.3,Chembur,19.0622,72.8984,1,Urban Heat Island Risk,14.2,5,8.334358226110968
2023-05-17,33.9,70.0,0.0,Chembur,19.0622,72.8984,1,Urban Heat Island Risk,14.2,5,7.242438754705355
2023-05-18,33.7,74.0,0.1,Chembur,19.0622,72.8984,1,Urban Heat Island Risk,14.299999999999999,5,18.310259173792367
2023-05-19,34.0,76.0,0.2,Chembur,19.0622,72.8984,1,Urban Heat Island Risk,14.499999999999998,5,20.94298411543504
2023-05-20,33.1,73.0,0.0,Chembur,19.0622,72.8984,1,Urban Heat Island Risk,14.099999999999998,5,24.246810706931903
2023-05-21,33.4,70.0,0.0,Chembur,19.0622,72.8984,1,Urban Heat Island Risk,13.599999999999998,5,19.215526661616202
2023-05-22,33.5,73.0,0.0,Chembur,19.0622,72.8984,1,Urban Heat Island Risk,11.499999999999998,5,20.814192887674928
2023-05-23,34.0,75.0,0.0,Chembur,19.0622,72.8984,1,Urban Heat Island Risk,10.799999999999999,5,12.099918336731577
2023-05-24,33.8,72.0,0.0,Chembur,19.0622,72.8984,1,Urban Heat Island Risk,10.799999999999999,5,9.217920916280717
2023-05-25,33.7,63.0,0.0,Chembur,19.0622,72.8984,1,Urban Heat Island Risk,10.299999999999999,5,19.250396662087766
2023-05-26,33.2,63.0,2.0,Chembur,19.0622,72.8984,1,Urban Heat Island Risk,11.899999999999999,5,17.088403761197004
2023-05-27,34.2,60.0,0.0,Chembur,19.0622,72.8984,1,Urban Heat Island Risk,11.799999999999999,5,15.537221871704462
2023-05-28,34.3,64.0,0.0,Chembur,19.0622,72.8984,1,Urban Heat Island Risk,3.6,5,16.93685740316495
2023-05-29,34.1,73.0,0.0,Chembur,19.0622,72.8984,1,Urban Heat Island Risk,3.1,5,16.61592741229103
2023-05-30,34.3,77.0,0.0,Chembur,19.0622,72.8984,1,Urban Heat Island Risk,3.1,5,21.41908429926781
2023-05-31,35.0,76.0,0.0,Chembur,19.0622,72.8984,1,Urban Heat Island Risk,3.1,5,21.47492792408478
2023-06-01,34.0,78.0,0.0,Chembur,19.0622,72.8984,1,Urban Heat Island Risk,3.1,6,17.721101761701735
2023-06-02,33.9,70.0,0.0,Chembur,19.0622,72.8984,1,Urban Heat Island Risk,3.1,6,19.22901436281464
2023-06-03,35.0,65.0,0.1,Chembur,19.0622,72.8984,1,Urban Heat Island Risk,3.2,6,17.57031276212388
2023-06-04,34.1,68.0,0.8,Chembur,19.0622,72.8984,1,Urban Heat Island Risk,4.0,6,12.694151339826906
2023-06-05,33.7,69.0,0.4,Chembur,19.0622,72.8984,1,Urban Heat Island Risk,3.9000000000000004,6,18.7828233745657
2023-06-06,34.3,67.0,0.1,Chembur,19.0622,72.8984,1,Urban Heat Island Risk,3.7,6,8.027524655703692
2023-06-07,34.0,67.0,0.0,Chembur,19.0622,72.8984,1,Urban Heat Island Risk,3.7,6,20.269457761479416
2023-06-08,34.5,66.0,0.8,Chembur,19.0622,72.8984,1,Urban Heat Island Risk,4.4,6,9.027385301169826
2023-06-09,33.5,74.0,4.0,Chembur,19.0622,72.8984,1,Urban Heat Island Risk,8.2,6,16.429016433973665
2023-06-10,33.7,72.0,3.6,Chembur,19.0622,72.8984,1,Urban Heat Island Risk,11.8,6,10.774230207869206
2023-06-11,33.2,71.0,3.8,Chembur,19.0622,72.8984,1,Urban Heat Island Risk,15.6,6,17.766944915372132
2023-06-12,32.7,76.0,5.3,Chembur,19.0622,72.8984,1,Urban Heat Island Risk,20.9,6,14.830373870360456
2023-06-13,31.5,78.0,5.6,Chembur,19.0622,72.8984,1,Urban Heat Island Risk,26.5,6,7.026220209183338
2023-06-14,30.7,77.0,2.8,Chembur,19.0622,72.8984,1,Urban Heat Island Risk,29.3,6,17.103498155092396
2023-06-15,32.4,72.0,2.8,Chembur,19.0622,72.8984,1,Urban Heat Island Risk,32.1,6,12.110396115836448
2023-06-16,31.8,73.0,4.6,Chembur,19.0622,72.8984,1,Urban Heat Island Risk,34.7,6,19.405733604066846
2023-06-17,31.9,77.0,6.6,Chembur,19.0622,72.8984,1,Urban Heat Island Risk,41.3,6,15.006628443672037
2023-06-18,31.6,77.0,4.6,Chembur,19.0622,72.8984,1,Urban Heat Island Risk,45.9,6,16.97710492694019
2023-06-19,31.9,75.0,2.4,Chembur,19.0622,72.8984,1,Urban Heat Island Risk,48.3,6,10.21215522492394
2023-06-20,32.0,76.0,1.1,Chembur,19.0622,72.8984,1,Urban Heat Island Risk,49.4,6,12.053338842863191
2023-06-21,32.0,77.0,2.9,Chembur,19.0622,72.8984,1,Urban Heat Island Risk,52.3,6,12.706806819494577
2023-06-22,32.0,74.0,1.9,Chembur,19.0622,72.8984,1,Urban Heat Island Risk,54.199999999999996,6,19.28351240121278
2023-06-23,31.3,79.0,2.9,Chembur,19.0622,72.8984,1,Urban Heat Island Risk,57.1,6,23.386885439027445
2023-06-24,29.7,84.0,20.7,Chembur,19.0622,72.8984,1,Urban Heat Island Risk,77.69999999999999,6,10.974141241285619
2023-06-25,28.0,86.0,32.9,Chembur,19.0622,72.8984,1,Urban Heat Island Risk,109.8,6,20.3842407232884
2023-06-26,27.2,89.0,23.2,Chembur,19.0622,72.8984,1,Urban Heat Island Risk,132.6,6,5.0
2023-06-27,27.5,89.0,23.2,Chembur,19.0622,72.8984,1,Urban Heat Island Risk,155.7,6,9.029052994538553
2023-06-28,28.3,88.0,45.7,Chembur,19.0622,72.8984,1,Urban Heat Island Risk,201.4,6,10.206107719066125
2023-06-29,27.3,89.0,50.0,Chembur,19.0622,72.8984,1,Urban Heat Island Risk,250.6,6,8.237456552796388
2023-06-30,27.3,89.0,55.8,Chembur,19.0622,72.8984,1,Urban Heat Island Risk,302.4,6,7.0820580510621
2023-07-01,28.7,88.0,40.5,Chembur,19.0622,72.8984,1,Urban Heat Island Risk,339.3,7,17.064994560688987
2023-07-02,28.9,87.0,34.7,Chembur,19.0622,72.8984,1,Urban Heat Island Risk,370.2,7,13.929661511360694
2023-07-03,29.4,86.0,8.6,Chembur,19.0622,72.8984,1,Urban Heat Island Risk,373.5,7,16.897026988025548
2023-07-04,29.7,87.0,48.3,Chembur,19.0622,72.8984,1,Urban Heat Island Risk,416.2,7,18.452363430607566
2023-07-05,28.8,88.0,35.9,Chembur,19.0622,72.8984,1,Urban Heat Island Risk,449.3,7,16.32808496586267
2023-07-06,27.5,91.0,97.5,Chembur,19.0622,72.8984,1,Urban Heat Island Risk,544.0,7,18.28881588075187
2023-07-07,28.3,88.0,50.7,Chembur,19.0622,72.8984,1,Urban Heat Island Risk,590.1,7,14.652338568788654
2023-07-08,30.2,82.0,13.0,Chembur,19.0622,72.8984,1,Urban Heat Island Risk,596.5,7,9.065033058471277
2023-07-09,29.7,80.0,10.8,Chembur,19.0622,72.8984,1,Urban Heat Island Risk,602.7,7,20.28907090410398
2023-07-10,29.2,80.0,3.5,Chembur,19.0622,72.8984,1,Urban Heat Island Risk,603.8,7,12.054439336094365
2023-07-11,30.0,80.0,4.3,Chembur,19.0622,72.8984,1,Urban Heat Island Risk,607.0,7,10.32201850618787
2023-07-12,27.5,88.0,12.2,Chembur,19.0622,72.8984,1,Urban Heat Island Risk,616.3,7,14.110410620978008
2023-07-13,27.8,88.0,10.9,Chembur,19.0622,72.8984,1,Urban Heat Island Risk,625.3,7,10.435945403517435
2023-07-14,27.9,88.0,32.7,Chembur,19.0622,72.8984,1,Urban Heat Island Risk,655.1,7,12.912848090052838
2023-07-15,27.9,87.0,16.7,Chembur,19.0622,72.8984,1,Urban Heat Island Risk,651.0999999999999,7,16.720269607817333
2023-07-16,28.4,89.0,30.5,Chembur,19.0622,72.8984,1,Urban Heat Island Risk,648.6999999999999,7,16.741708696230635
2023-07-17,27.9,89.0,63.8,Chembur,19.0622,72.8984,1,Urban Heat Island Risk,689.3000000000001,7,10.510849667871852
2023-07-18,26.9,89.0,67.7,Chembur,19.0622,72.8984,1,Urban Heat Island Risk,733.8,7,12.561473135256277
2023-07-19,27.7,89.0,44.8,Chembur,19.0622,72.8984,1,Urban Heat Island Risk,732.9,7,20.371665023851218
2023-07-20,28.4,86.0,36.4,Chembur,19.0622,72.8984,1,Urban Heat Island Risk,719.3,7,17.482000588669706
2023-07-21,28.0,87.0,40.9,Chembur,19.0622,72.8984,1,Urban Heat Island Risk,704.4,7,25.375325196742708
2023-07-22,26.9,89.0,42.7,Chembur,19.0622,72.8984,1,Urban Heat Island Risk,706.6,7,20.90064086870764
2023-07-23,28.2,88.0,34.8,Chembur,19.0622,72.8984,1,Urban Heat Island Risk,706.6999999999999,7,20.721465342799696
2023-07-24,28.6,87.0,58.2,Chembur,19.0622,72.8984,1,Urban Heat Island Risk,756.3000000000001,7,8.06065724772099
2023-07-25,27.6,88.0,44.1,Chembur,19.0622,72.8984,1,Urban Heat Island Risk,752.1,7,18.819301758167114
2023-07-26,27.5,89.0,93.9,Chembur,19.0622,72.8984,1,Urban Heat Island Risk,810.1,7,14.734465991515446
2023-07-27,27.6,88.0,90.9,Chembur,19.0622,72.8984,1,Urban Heat Island Risk,803.5,7,12.245090982308753
2023-07-28,27.5,89.0,49.8,Chembur,19.0622,72.8984,1,Urban Heat Island Risk,802.6,7,15.840076702662643
2023-07-29,29.3,82.0,12.3,Chembur,19.0622,72.8984,1,Urban Heat Island Risk,801.9,7,19.72605767305742
2023-07-30,29.3,81.0,9.3,Chembur,19.0622,72.8984,1,Urban Heat Island Risk,800.4,7,17.504157955021057
2023-07-31,29.0,83.0,9.9,Chembur,19.0622,72.8984,1,Urban Heat Island Risk,806.8000000000001,7,10.6076309932897
2023-08-01,29.4,82.0,6.1,Chembur,19.0622,72.8984,1,Urban Heat Island Risk,808.6,8,18.712294567963102
2023-08-02,29.1,82.0,15.1,Chembur,19.0622,72.8984,1,Urban Heat Island Risk,811.5,8,11.81206228962018
2023-08-03,29.3,82.0,6.3,Chembur,19.0622,72.8984,1,Urban Heat Island Risk,806.9000000000001,8,16.08341559482143
2023-08-04,28.9,83.0,2.5,Chembur,19.0622,72.8984,1,Urban Heat Island Risk,776.7,8,13.483249662614329
2023-08-05,29.8,81.0,3.8,Chembur,19.0622,72.8984,1,Urban Heat Island Risk,763.8000000000001,8,13.905668741321872
2023-08-06,29.3,81.0,2.8,Chembur,19.0622,72.8984,1,Urban Heat Island Risk,736.1,8,18.831214875202548
2023-08-07,29.5,81.0,2.2,Chembur,19.0622,72.8984,1,Urban Heat Island Risk,674.5,8,9.79903140092051
2023-08-08,29.5,81.0,2.3,Chembur,19.0622,72.8984,1,Urban Heat Island Risk,609.0999999999999,8,24.725975371384664
2023-08-09,29.5,81.0,3.0,Chembur,19.0622,72.8984,1,Urban Heat Island Risk,567.3,8,5.894569653527519
2023-08-10,28.9,83.0,7.3,Chembur,19.0622,72.8984,1,Urban Heat Island Risk,538.2,8,12.011661583725715
2023-08-11,29.5,80.0,3.7,Chembur,19.0622,72.8984,1,Urban Heat Island Risk,501.00000000000006,8,16.851059449708703
2023-08-12,27.7,84.0,5.4,Chembur,19.0622,72.8984,1,Urban Heat Island Risk,463.7,8,17.92157083217655
2023-08-13,29.7,80.0,5.0,Chembur,19.0622,72.8984,1,Urban Heat Island Risk,433.9,8,14.497621397141474
2023-08-14,29.9,78.0,2.6,Chembur,19.0622,72.8984,1,Urban Heat Island Risk,378.3,8,14.713046484992288
2023-08-15,28.7,81.0,3.5,Chembur,19.0622,72.8984,1,Urban Heat Island Risk,337.70000000000005,8,17.052750426638084
2023-08-16,29.5,82.0,4.5,Chembur,19.0622,72.8984,1,Urban Heat Island Risk,248.3,8,13.844652612711599
2023-08-17,29.8,81.0,3.5,Chembur,19.0622,72.8984,1,Urban Heat Island Risk,160.9,8,21.96590628967453
2023-08-18,29.4,79.0,2.0,Chembur,19.0622,72.8984,1,Urban Heat Island Risk,113.1,8,19.19674557115801
2023-08-19,29.2,82.0,4.1,Chembur,19.0622,72.8984,1,Urban Heat Island Risk,104.9,8,19.364121755028172
2023-08-20,28.4,86.0,10.5,Chembur,19.0622,72.8984,1,Urban Heat Island Risk,106.1,8,10.169216383147916
2023-08-21,29.2,84.0,3.8,Chembur,19.0622,72.8984,1,Urban Heat Island Risk,100.0,8,14.603057877971485
2023-08-22,29.2,84.0,6.1,Chembur,19.0622,72.8984,1,Urban Heat Island Risk,100.0,8,13.497670256396482
2023-08-23,29.9,80.0,3.8,Chembur,19.0622,72.8984,1,Urban Heat Island Risk,88.7,8,9.971993121552671
2023-08-24,29.3,83.0,6.5,Chembur,19.0622,72.8984,1,Urban Heat Island Risk,88.9,8,16.800820919728835
2023-08-25,29.0,84.0,6.2,Chembur,19.0622,72.8984,1,Urban Heat Island Risk,92.6,8,12.311771211100918
2023-08-26,28.4,86.0,14.3,Chembur,19.0622,72.8984,1,Urban Heat Island Risk,103.10000000000001,8,18.277019149251185
2023-08-27,28.3,87.0,15.1,Chembur,19.0622,72.8984,1,Urban Heat Island Risk,115.4,8,9.64904218552834
2023-08-28,28.0,86.0,4.1,Chembur,19.0622,72.8984,1,Urban Heat Island Risk,117.30000000000001,8,23.595203064209105
2023-08-29,29.1,84.0,3.6,Chembur,19.0622,72.8984,1,Urban Heat Island Risk,118.60000000000001,8,10.51833670703969
2023-08-30,29.8,84.0,0.7,Chembur,19.0622,72.8984,1,Urban Heat Island Risk,116.30000000000001,8,16.09651168600218
2023-08-31,30.5,83.0,0.7,Chembur,19.0622,72.8984,1,Urban Heat Island Risk,109.69999999999999,8,18.959296551940337
2023-09-01,31.0,84.0,1.2,Chembur,19.0622,72.8984,1,Urban Heat Island Risk,107.2,9,12.146797848999435
2023-09-02,29.2,87.0,2.6,Chembur,19.0622,72.8984,1,Urban Heat Island Risk,104.4,9,19.262343217164755
2023-09-03,29.6,84.0,10.0,Chembur,19.0622,72.8984,1,Urban Heat Island Risk,109.4,9,8.854082010997919
2023-09-04,30.0,82.0,2.2,Chembur,19.0622,72.8984,1,Urban Heat Island Risk,109.00000000000001,9,22.260588495912803
2023-09-05,29.6,81.0,2.4,Chembur,19.0622,72.8984,1,Urban Heat Island Risk,107.9,9,15.070746324828791
2023-09-06,30.4,79.0,1.0,Chembur,19.0622,72.8984,1,Urban Heat Island Risk,104.4,9,12.017942960155601
2023-09-07,28.8,82.0,10.2,Chembur,19.0622,72.8984,1,Urban Heat Island Risk,111.10000000000001,9,13.504091137862828
2023-09-08,28.6,87.0,50.6,Chembur,19.0622,72.8984,1,Urban Heat Island Risk,159.7,9,19.044596346963598
2023-09-09,29.5,86.0,15.9,Chembur,19.0622,72.8984,1,Urban Heat Island Risk,171.5,9,12.077723540747808
2023-09-10,29.5,86.0,5.5,Chembur,19.0622,72.8984,1,Urban Heat Island Risk,166.5,9,11.253211552886112
2023-09-11,29.3,86.0,4.7,Chembur,19.0622,72.8984,1,Urban Heat Island Risk,167.39999999999998,9,13.892317012081309
2023-09-12,29.6,83.0,4.7,Chembur,19.0622,72.8984,1,Urban Heat Island Risk,166.0,9,9.11518943615016
2023-09-13,28.9,85.0,3.6,Chembur,19.0622,72.8984,1,Urban Heat Island Risk,165.8,9,24.102719539709078
2023-09-14,29.3,84.0,2.2,Chembur,19.0622,72.8984,1,Urban Heat Island Risk,161.5,9,12.168027043926383
2023-09-15,29.8,80.0,2.1,Chembur,19.0622,72.8984,1,Urban Heat Island Risk,157.4,9,19.158083930902016
2023-09-16,29.0,82.0,7.3,Chembur,19.0622,72.8984,1,Urban Heat Island Risk,150.4,9,16.047350418238864
2023-09-17,29.7,80.0,8.2,Chembur,19.0622,72.8984,1,Urban Heat Island Risk,143.5,9,10.07732974759016
2023-09-18,27.7,88.0,30.9,Chembur,19.0622,72.8984,1,Urban Heat Island Risk,170.29999999999998,9,14.970226453936354
2023-09-19,28.9,86.0,12.3,Chembur,19.0622,72.8984,1,Urban Heat Island Risk,179.0,9,18.92001389655374
2023-09-20,28.6,87.0,11.1,Chembur,19.0622,72.8984,1,Urban Heat Island Risk,189.4,9,14.058693324568468
2023-09-21,28.6,88.0,20.7,Chembur,19.0622,72.8984,1,Urban Heat Island Risk,209.39999999999998,9,20.96556472925514
2023-09-22,28.6,89.0,14.9,Chembur,19.0622,72.8984,1,Urban Heat Island Risk,223.1,9,20.10757696390932
2023-09-23,29.0,89.0,35.3,Chembur,19.0622,72.8984,1,Urban Heat Island Risk,255.8,9,19.59457427329165
2023-09-24,28.6,88.0,15.3,Chembur,19.0622,72.8984,1,Urban Heat Island Risk,261.1,9,12.701716138635016
2023-09-25,28.9,87.0,17.7,Chembur,19.0622,72.8984,1,Urban Heat Island Risk,276.6,9,9.600787761092565
2023-09-26,29.5,87.0,4.4,Chembur,19.0622,72.8984,1,Urban Heat Island Risk,278.59999999999997,9,11.932061973186027
2023-09-27,29.6,89.0,21.0,Chembur,19.0622,72.8984,1,Urban Heat Island Risk,298.59999999999997,9,15.981204703333603
2023-09-28,30.5,89.0,22.6,Chembur,19.0622,72.8984,1,Urban Heat Island Risk,311.0,9,17.728933567661777
2023-09-29,31.0,89.0,25.9,Chembur,19.0622,72.8984,1,Urban Heat Island Risk,286.29999999999995,9,5.0
2023-09-30,33.0,86.0,13.2,Chembur,19.0622,72.8984,1,Urban Heat Island Risk,283.59999999999997,9,14.959433991941248
2023-10-01,31.4,87.0,0.8,Chembur,19.0622,72.8984,1,Urban Heat Island Risk,278.9,10,36.190446126615925
2023-10-02,29.6,85.0,3.2,Chembur,19.0622,72.8984,1,Urban Heat Island Risk,277.4,10,44.21227871842223
2023-10-03,30.1,81.0,0.1,Chembur,19.0622,72.8984,1,Urban Heat Island Risk,272.8,10,49.223035861746055
2023-10-04,30.4,83.0,2.9,Chembur,19.0622,72.8984,1,Urban Heat Island Risk,272.09999999999997,10,43.175567037921034
2023-10-05,31.0,84.0,0.1,Chembur,19.0622,72.8984,1,Urban Heat Island Risk,270.0,10,44.217626207071156
2023-10-06,30.4,83.0,0.7,Chembur,19.0622,72.8984,1,Urban Heat Island Risk,268.59999999999997,10,39.986864064915515
2023-10-07,30.9,84.0,0.2,Chembur,19.0622,72.8984,1,Urban Heat Island Risk,261.49999999999994,10,42.920720795867965
2023-10-08,32.0,82.0,0.3,Chembur,19.0622,72.8984,1,Urban Heat Island Risk,253.59999999999997,10,40.17533197263759
2023-10-09,32.8,78.0,0.0,Chembur,19.0622,72.8984,1,Urban Heat Island Risk,222.7,10,34.02513391302999
2023-10-10,32.4,74.0,0.0,Chembur,19.0622,72.8984,1,Urban Heat Island Risk,210.39999999999998,10,24.272625366189676
2023-10-11,31.7,79.0,0.0,Chembur,19.0622,72.8984,1,Urban Heat Island Risk,199.29999999999998,10,32.431619612288095
2023-10-12,32.0,82.0,0.0,Chembur,19.0622,72.8984,1,Urban Heat Island Risk,178.59999999999997,10,30.27417647275102
2023-10-13,33.6,82.0,0.0,Chembur,19.0622,72.8984,1,Urban Heat Island Risk,163.7,10,25.379606008714966
2023-10-14,33.1,83.0,0.0,Chembur,19.0622,72.8984,1,Urban Heat Island Risk,128.39999999999998,10,29.198434441739323
2023-10-15,33.9,83.0,0.7,Chembur,19.0622,72.8984,1,Urban Heat Island Risk,113.8,10,17.03886996320466
2023-10-16,33.5,69.0,0.0,Chembur,19.0622,72.8984,1,Urban Heat Island Risk,96.1,10,23.83919256958469
2023-10-17,32.7,73.0,1.0,Chembur,19.0622,72.8984,1,Urban Heat Island Risk,92.7,10,17.933696672552635
2023-10-18,34.3,71.0,0.0,Chembur,19.0622,72.8984,1,Urban Heat Island Risk,71.7,10,26.17639169567613
2023-10-19,34.3,61.0,0.0,Chembur,19.0622,72.8984,1,Urban Heat Island Risk,49.099999999999994,10,16.404795463283214
2023-10-20,34.8,65.0,0.0,Chembur,19.0622,72.8984,1,Urban Heat Island Risk,23.2,10,16.412653032555834
2023-10-21,35.4,65.0,0.1,Chembur,19.0622,72.8984,1,Urban Heat Island Risk,10.1,10,11.185084763393036
2023-10-22,34.2,69.0,0.0,Chembur,19.0622,72.8984,1,Urban Heat Island Risk,9.299999999999999,10,25.263471208400393
2023-10-23,35.3,65.0,0.0,Chembur,19.0622,72.8984,1,Urban Heat Island Risk,6.1,10,5.0
2023-10-24,34.9,59.0,0.0,Chembur,19.0622,72.8984,1,Urban Heat Island Risk,6.0,10,15.48361495503713
2023-10-25,34.4,58.0,0.0,Chembur,19.0622,72.8984,1,Urban Heat Island Risk,3.1,10,17.87090621251152
2023-10-26,34.6,56.0,0.0,Chembur,19.0622,72.8984,1,Urban Heat Island Risk,3.0,10,14.998484728708245
2023-10-27,34.8,53.0,0.0,Chembur,19.0622,72.8984,1,Urban Heat Island Risk,2.3000000000000003,10,24.764466061511513
2023-10-28,34.7,54.0,0.0,Chembur,19.0622,72.8984,1,Urban Heat Island Risk,2.1,10,12.263352705721129
2023-10-29,35.2,52.0,0.0,Chembur,19.0622,72.8984,1,Urban Heat Island Risk,1.8,10,17.725647552844958
2023-10-30,35.3,57.0,0.0,Chembur,19.0622,72.8984,1,Urban Heat Island Risk,1.7999999999999998,10,15.081263943530434
2023-10-31,35.1,57.0,0.0,Chembur,19.0622,72.8984,1,Urban Heat Island Risk,1.7999999999999998,10,20.740929596010904
2023-11-01,34.5,56.0,0.0,Chembur,19.0622,72.8984,1,Urban Heat Island Risk,1.7999999999999998,11,14.497387909445806
2023-11-02,34.5,56.0,0.0,Chembur,19.0622,72.8984,1,Urban Heat Island Risk,1.7999999999999998,11,14.168488837714538
2023-11-03,35.0,55.0,0.0,Chembur,19.0622,72.8984,1,Urban Heat Island Risk,1.7999999999999998,11,20.480349537386992
2023-11-04,35.8,52.0,0.0,Chembur,19.0622,72.8984,1,Urban Heat Island Risk,1.7999999999999998,11,12.593273208317235
2023-11-05,35.6,57.0,0.0,Chembur,19.0622,72.8984,1,Urban Heat Island Risk,1.1,11,5.0
2023-11-06,35.8,54.0,0.0,Chembur,19.0622,72.8984,1,Urban Heat Island Risk,1.1,11,7.770141594350331
2023-11-07,34.7,54.0,0.0,Chembur,19.0622,72.8984,1,Urban Heat Island Risk,0.10000000000000012,11,18.63191326924029
2023-11-08,33.2,67.0,0.0,Chembur,19.0622,72.8984,1,Urban Heat Island Risk,0.10000000000000012,11,29.38882110773293
2023-11-09,34.0,74.0,0.0,Chembur,19.0622,72.8984,1,Urban Heat Island Risk,0.10000000000000012,11,17.270513400701894
2023-11-10,33.5,71.0,1.1,Chembur,19.0622,72.8984,1,Urban Heat Island Risk,1.2000000000000002,11,8.928720050915295
2023-11-11,35.5,62.0,0.0,Chembur,19.0622,72.8984,1,Urban Heat Island Risk,1.1,11,14.782782595351833
2023-11-12,35.7,50.0,0.0,Chembur,19.0622,72.8984,1,Urban Heat Island Risk,1.1,11,5.0
2023-11-13,34.9,54.0,0.0,Chembur,19.0622,72.8984,1,Urban Heat Island Risk,1.1,11,5.479972676054619
2023-11-14,34.3,61.0,0.0,Chembur,19.0622,72.8984,1,Urban Heat Island Risk,1.1,11,5.0
2023-11-15,34.4,62.0,0.0,Chembur,19.0622,72.8984,1,Urban Heat Island Risk,1.1,11,22.469904300988716
2023-11-16,34.5,59.0,0.0,Chembur,19.0622,72.8984,1,Urban Heat Island Risk,1.1,11,18.476420585358166
2023-11-17,34.2,58.0,0.0,Chembur,19.0622,72.8984,1,Urban Heat Island Risk,1.1,11,18.405051429772058
2023-11-18,34.2,60.0,0.0,Chembur,19.0622,72.8984,1,Urban Heat Island Risk,1.1,11,26.478455148147127
2023-11-19,32.8,61.0,0.0,Chembur,19.0622,72.8984,1,Urban Heat Island Risk,1.1,11,30.653290081782046
2023-11-20,34.7,59.0,0.0,Chembur,19.0622,72.8984,1,Urban Heat Island Risk,1.1,11,24.78150021360957
2023-11-21,34.7,57.0,0.0,Chembur,19.0622,72.8984,1,Urban Heat Island Risk,1.1,11,9.736322639165003
2023-11-22,34.1,48.0,0.0,Chembur,19.0622,72.8984,1,Urban Heat Island Risk,1.1,11,19.927246880230175
2023-11-23,33.7,52.0,0.0,Chembur,19.0622,72.8984,1,Urban Heat Island Risk,1.1,11,14.283099791926578
2023-11-24,34.9,58.0,0.0,Chembur,19.0622,72.8984,1,Urban Heat Island Risk,1.1,11,14.41975500738934
2023-11-25,34.0,65.0,0.0,Chembur,19.0622,72.8984,1,Urban Heat Island Risk,1.1,11,19.42358739783328
2023-11-26,31.6,76.0,2.4,Chembur,19.0622,72.8984,1,Urban Heat Island Risk,3.5,11,37.399734852982014
2023-11-27,30.8,75.0,0.9,Chembur,19.0622,72.8984,1,Urban Heat Island Risk,4.4,11,39.02781940570949
2023-11-28,30.5,71.0,0.0,Chembur,19.0622,72.8984,1,Urban Heat Island Risk,4.4,11,43.61703569139958
2023-11-29,29.3,70.0,0.0,Chembur,19.0622,72.8984,1,Urban Heat Island Risk,4.4,11,50.81720066569447
2023-11-30,30.2,77.0,0.0,Chembur,19.0622,72.8984,1,Urban Heat Island Risk,4.4,11,52.974643386915716
2023-12-01,30.1,78.0,0.3,Chembur,19.0622,72.8984,1,Urban Heat Island Risk,3.6,12,41.19018339023604
2023-12-02,32.1,75.0,0.0,Chembur,19.0622,72.8984,1,Urban Heat Island Risk,3.6,12,26.728219830001432
2023-12-03,33.8,66.0,0.0,Chembur,19.0622,72.8984,1,Urban Heat Island Risk,3.6,12,23.03041807658206
2023-12-04,33.7,68.0,0.3,Chembur,19.0622,72.8984,1,Urban Heat Island Risk,3.9,12,18.355266530968933
2023-12-05,33.3,63.0,0.0,Chembur,19.0622,72.8984,1,Urban Heat Island Risk,3.9,12,32.04313717551602
2023-12-06,32.0,64.0,0.0,Chembur,19.0622,72.8984,1,Urban Heat Island Risk,3.9,12,30.583909805273837
2023-12-07,31.8,65.0,0.0,Chembur,19.0622,72.8984,1,Urban Heat Island Risk,3.9,12,30.305451493963375
2023-12-08,32.3,64.0,0.0,Chembur,19.0622,72.8984,1,Urban Heat Island Risk,3.9,12,27.943421394244425
2023-12-09,32.8,61.0,0.0,Chembur,19.0622,72.8984,1,Urban Heat Island Risk,3.9,12,31.058753784024887
2023-12-10,33.3,60.0,0.0,Chembur,19.0622,72.8984,1,Urban Heat Island Risk,3.9,12,23.84459841717592
2023-12-11,32.7,56.0,0.0,Chembur,19.0622,72.8984,1,Urban Heat Island Risk,3.9,12,24.824999232681407
2023-12-12,31.7,56.0,0.0,Chembur,19.0622,72.8984,1,Urban Heat Island Risk,3.9,12,42.026759588117656
2023-12-13,31.4,60.0,0.0,Chembur,19.0622,72.8984,1,Urban Heat Island Risk,3.9,12,31.119150796691255
2023-12-14,33.0,57.0,0.0,Chembur,19.0622,72.8984,1,Urban Heat Island Risk,3.9,12,26.511163703498305
2023-12-15,32.4,51.0,0.0,Chembur,19.0622,72.8984,1,Urban Heat Island Risk,3.9,12,32.99486409138449
2023-12-16,32.2,54.0,0.0,Chembur,19.0622,72.8984,1,Urban Heat Island Risk,3.9,12,22.709991114581285
2023-12-17,32.6,54.0,0.0,Chembur,19.0622,72.8984,1,Urban Heat Island Risk,1.5,12,31.00130250702962
2023-12-18,33.4,49.0,0.0,Chembur,19.0622,72.8984,1,Urban Heat Island Risk,0.6,12,18.791128289264428
2023-12-19,33.1,50.0,0.0,Chembur,19.0622,72.8984,1,Urban Heat Island Risk,0.6,12,29.88058057083667
2023-12-20,33.1,46.0,0.0,Chembur,19.0622,72.8984,1,Urban Heat Island Risk,0.6,12,20.95341160707178
2023-12-21,33.5,51.0,0.0,Chembur,19.0622,72.8984,1,Urban Heat Island Risk,0.6,12,26.963845159244304
2023-12-22,32.0,61.0,0.0,Chembur,19.0622,72.8984,1,Urban Heat Island Risk,0.3,12,37.529165331473564
2023-12-23,33.6,59.0,0.0,Chembur,19.0622,72.8984,1,Urban Heat Island Risk,0.3,12,27.24051596149735
2023-12-24,33.3,53.0,0.0,Chembur,19.0622,72.8984,1,Urban Heat Island Risk,0.3,12,25.88991657452386
2023-12-25,33.3,52.0,0.0,Chembur,19.0622,72.8984,1,Urban Heat Island Risk,0.0,12,23.47682861868485
2023-12-26,33.6,53.0,0.0,Chembur,19.0622,72.8984,1,Urban Heat Island Risk,0.0,12,20.051235451659107
2023-12-27,34.3,53.0,0.0,Chembur,19.0622,72.8984,1,Urban Heat Island Risk,0.0,12,26.321840120752203
2023-12-28,32.8,59.0,0.0,Chembur,19.0622,72.8984,1,Urban Heat Island Risk,0.0,12,23.969190565828466
2023-12-29,33.6,62.0,0.0,Chembur,19.0622,72.8984,1,Urban Heat Island Risk,0.0,12,17.748002965483344
2023-12-30,32.5,67.0,0.0,Chembur,19.0622,72.8984,1,Urban Heat Island Risk,0.0,12,32.49351134183081
2023-12-31,32.4,62.0,0.0,Chembur,19.0622,72.8984,1,Urban Heat Island Risk,0.0,12,25.752649317400866
2024-01-01,32.1,64.0,0.0,Chembur,19.0622,72.8984,1,Urban Heat Island Risk,0.0,1,26.68301584600269
2024-01-02,31.5,65.0,0.0,Chembur,19.0622,72.8984,1,Urban Heat Island Risk,0.0,1,27.615312022484503
2024-01-03,30.6,63.0,0.0,Chembur,19.0622,72.8984,1,Urban Heat Island Risk,0.0,1,37.51878413603073
2024-01-04,29.4,73.0,0.0,Chembur,19.0622,72.8984,1,Urban Heat Island Risk,0.0,1,46.319758213850875
2024-01-05,30.3,71.0,0.0,Chembur,19.0622,72.8984,1,Urban Heat Island Risk,0.0,1,42.84879197163682
2024-01-06,32.3,59.0,0.0,Chembur,19.0622,72.8984,1,Urban Heat Island Risk,0.0,1,35.05653122149743
2024-01-07,32.2,62.0,0.0,Chembur,19.0622,72.8984,1,Urban Heat Island Risk,0.0,1,33.50115628499562
2024-01-08,33.3,55.0,0.0,Chembur,19.0622,72.8984,1,Urban Heat Island Risk,0.0,1,23.67897223556745
2024-01-09,31.2,68.0,0.7,Chembur,19.0622,72.8984,1,Urban Heat Island Risk,0.7,1,35.54235495143474
2024-01-10,31.0,69.0,0.7,Chembur,19.0622,72.8984,1,Urban Heat Island Risk,1.4,1,40.21745401124259
2024-01-11,33.3,64.0,0.8,Chembur,19.0622,72.8984,1,Urban Heat Island Risk,2.2,1,30.996184147976194
2024-01-12,34.7,59.0,0.0,Chembur,19.0622,72.8984,1,Urban Heat Island Risk,2.2,1,17.331570997415987
2024-01-13,33.4,60.0,0.0,Chembur,19.0622,72.8984,1,Urban Heat Island Risk,2.2,1,21.72101239561463
2024-01-14,33.2,48.0,0.0,Chembur,19.0622,72.8984,1,Urban Heat Island Risk,2.2,1,20.23566999457226
2024-01-15,30.5,40.0,0.0,Chembur,19.0622,72.8984,1,Urban Heat Island Risk,2.2,1,33.27397367793887
2024-01-16,28.9,55.0,0.0,Chembur,19.0622,72.8984,1,Urban Heat Island Risk,2.2,1,52.898015026884295
2024-01-17,28.0,63.0,0.0,Chembur,19.0622,72.8984,1,Urban Heat Island Risk,2.2,1,57.55655928486445
2024-01-18,28.4,64.0,0.0,Chembur,19.0622,72.8984,1,Urban Heat Island Risk,2.2,1,55.28681762553332
2024-01-19,28.2,68.0,0.0,Chembur,19.0622,72.8984,1,Urban Heat Island Risk,2.2,1,52.89003610157306
2024-01-20,28.9,63.0,0.0,Chembur,19.0622,72.8984,1,Urban Heat Island Risk,2.2,1,56.60134039612543
2024-01-21,30.7,50.0,0.0,Chembur,19.0622,72.8984,1,Urban Heat Island Risk,2.2,1,36.94607419374259
2024-01-22,30.3,51.0,0.0,Chembur,19.0622,72.8984,1,Urban Heat Island Risk,2.2,1,46.409679519369355
2024-01-23,30.2,37.0,0.0,Chembur,19.0622,72.8984,1,Urban Heat Island Risk,2.2,1,42.006285525052284
2024-01-24,31.0,37.0,0.0,Chembur,19.0622,72.8984,1,Urban Heat Island Risk,2.2,1,34.62491284326998
2024-01-25,31.6,41.0,0.0,Chembur,19.0622,72.8984,1,Urban Heat Island Risk,2.2,1,37.22931820325547
2024-01-26,32.5,46.0,0.0,Chembur,19.0622,72.8984,1,Urban Heat Island Risk,2.2,1,31.214847260086632
2024-01-27,33.2,45.0,0.0,Chembur,19.0622,72.8984,1,Urban Heat Island Risk,2.2,1,26.984863796334615
2024-01-28,33.2,45.0,0.0,Chembur,19.0622,72.8984,1,Urban Heat Island Risk,2.2,1,25.60639211028098
2024-01-29,32.5,41.0,0.0,Chembur,19.0622,72.8984,1,Urban Heat Island Risk,2.2,1,28.97720125808251
2024-01-30,31.9,47.0,0.0,Chembur,19.0622,72.8984,1,Urban Heat Island Risk,1.5,1,44.50852663101887
2024-01-31,30.0,62.0,0.0,Chembur,19.0622,72.8984,1,Urban Heat Island Risk,0.8,1,49.254616559314194
2024-02-01,28.7,68.0,0.0,Chembur,19.0622,72.8984,1,Urban Heat Island Risk,0.0,2,54.31413447492757
2024-02-02,30.6,66.0,0.0,Chembur,19.0622,72.8984,1,Urban Heat Island Risk,0.0,2,40.49232912435026
2024-02-03,34.7,47.0,0.0,Chembur,19.0622,72.8984,1,Urban Heat Island Risk,0.0,2,21.735786002983332
2024-02-04,34.0,53.0,0.0,Chembur,19.0622,72.8984,1,Urban Heat Island Risk,0.0,2,23.256640548623928
2024-02-05,32.7,52.0,0.0,Chembur,19.0622,72.8984,1,Urban Heat Island Risk,0.0,2,28.164357097203496
2024-02-06,32.5,55.0,0.0,Chembur,19.0622,72.8984,1,Urban Heat Island Risk,0.0,2,27.64884504033709
2024-02-07,32.9,56.0,0.0,Chembur,19.0622,72.8984,1,Urban Heat Island Risk,0.0,2,26.495413311686566
2024-02-08,32.7,51.0,0.0,Chembur,19.0622,72.8984,1,Urban Heat Island Risk,0.0,2,12.18120465394304
2024-02-09,31.5,50.0,0.0,Chembur,19.0622,72.8984,1,Urban Heat Island Risk,0.0,2,35.88633752982154
2024-02-10,31.4,39.0,0.0,Chembur,19.0622,72.8984,1,Urban Heat Island Risk,0.0,2,32.95761959944821
2024-02-11,31.5,43.0,0.0,Chembur,19.0622,72.8984,1,Urban Heat Island Risk,0.0,2,42.79668332474775
2024-02-12,32.0,51.0,0.0,Chembur,19.0622,72.8984,1,Urban Heat Island Risk,0.0,2,32.096720354058775
2024-02-13,32.3,40.0,0.0,Chembur,19.0622,72.8984,1,Urban Heat Island Risk,0.0,2,24.355182902325204
2024-02-14,33.5,37.0,0.0,Chembur,19.0622,72.8984,1,Urban Heat Island Risk,0.0,2,23.250599229359413
2024-02-15,33.2,42.0,0.0,Chembur,19.0622,72.8984,1,Urban Heat Island Risk,0.0,2,19.969394574687463
2024-02-16,35.0,54.0,0.0,Chembur,19.0622,72.8984,1,Urban Heat Island Risk,0.0,2,17.367037078562333
2024-02-17,34.0,56.0,0.0,Chembur,19.0622,72.8984,1,Urban Heat Island Risk,0.0,2,22.121403488364095
2024-02-18,35.3,53.0,0.0,Chembur,19.0622,72.8984,1,Urban Heat Island Risk,0.0,2,18.089198155541354
2024-02-19,32.8,48.0,0.0,Chembur,19.0622,72.8984,1,Urban Heat Island Risk,0.0,2,23.512257708193857
2024-02-20,32.0,60.0,0.0,Chembur,19.0622,72.8984,1,Urban Heat Island Risk,0.0,2,32.17004048114073
2024-02-21,29.3,74.0,0.1,Chembur,19.0622,72.8984,1,Urban Heat Island Risk,0.1,2,40.47489102286682
2024-02-22,29.1,76.0,0.2,Chembur,19.0622,72.8984,1,Urban Heat Island Risk,0.30000000000000004,2,51.94080724295689
2024-02-23,30.6,61.0,0.0,Chembur,19.0622,72.8984,1,Urban Heat Island Risk,0.30000000000000004,2,42.527689235533934
2024-02-24,32.3,33.0,0.0,Chembur,19.0622,72.8984,1,Urban Heat Island Risk,0.30000000000000004,2,32.77902510513787
2024-02-25,34.8,30.0,0.0,Chembur,19.0622,72.8984,1,Urban Heat Island Risk,0.30000000000000004,2,16.141428490118056
2024-02-26,35.3,45.0,0.0,Chembur,19.0622,72.8984,1,Urban Heat Island Risk,0.30000000000000004,2,15.373864453943971
2024-02-27,34.5,49.0,0.0,Chembur,19.0622,72.8984,1,Urban Heat Island Risk,0.30000000000000004,2,25.855028874876314
2024-02-28,35.7,39.0,0.0,Chembur,19.0622,72.8984,1,Urban Heat Island Risk,0.30000000000000004,2,9.607862048123248
2024-02-29,34.9,51.0,0.0,Chembur,19.0622,72.8984,1,Urban Heat Island Risk,0.30000000000000004,2,16.2598925852171
2024-03-01,34.3,58.0,0.0,Chembur,19.0622,72.8984,1,Urban Heat Island Risk,0.30000000000000004,3,9.569368504092951
2024-03-02,30.6,75.0,0.0,Chembur,19.0622,72.8984,1,Urban Heat Island Risk,0.30000000000000004,3,10.658695192008338
2024-03-03,28.5,71.0,0.2,Chembur,19.0622,72.8984,1,Urban Heat Island Risk,0.5,3,15.489066465466538
2024-03-04,28.9,60.0,0.0,Chembur,19.0622,72.8984,1,Urban Heat Island Risk,0.5,3,20.519667733509536
2024-03-05,31.0,44.0,0.0,Chembur,19.0622,72.8984,1,Urban Heat Island Risk,0.5,3,13.718595878742137
2024-03-06,31.5,33.0,0.0,Chembur,19.0622,72.8984,1,Urban Heat Island Risk,0.5,3,13.82041735343938
2024-03-07,33.2,37.0,0.0,Chembur,19.0622,72.8984,1,Urban Heat Island Risk,0.5,3,12.965573777478127
2024-03-08,35.5,30.0,0.0,Chembur,19.0622,72.8984,1,Urban Heat Island Risk,0.5,3,12.326216645778384
2024-03-09,35.5,30.0,0.0,Chembur,19.0622,72.8984,1,Urban Heat Island Risk,0.5,3,16.474857278544107
2024-03-10,33.3,34.0,0.0,Chembur,19.0622,72.8984,1,Urban Heat Island Risk,0.5,3,7.513711774106778
2024-03-11,35.0,45.0,0.0,Chembur,19.0622,72.8984,1,Urban Heat Island Risk,0.5,3,21.40469788333364
2024-03-12,35.3,43.0,0.0,Chembur,19.0622,72.8984,1,Urban Heat Island Risk,0.5,3,11.672888509352697
2024-03-13,32.0,62.0,0.0,Chembur,19.0622,72.8984,1,Urban Heat Island Risk,0.4,3,18.609517427190706
2024-03-14,31.5,69.0,0.0,Chembur,19.0622,72.8984,1,Urban Heat Island Risk,0.2,3,8.65000701303062
2024-03-15,30.5,72.0,0.0,Chembur,19.0622,72.8984,1,Urban Heat Island Risk,0.2,3,18.34420065273109
2024-03-16,30.9,73.0,0.0,Chembur,19.0622,72.8984,1,Urban Heat Island Risk,0.2,3,18.359723039072488
2024-03-17,32.1,73.0,0.0,Chembur,19.0622,72.8984,1,Urban Heat Island Risk,0.2,3,16.921010360029484
2024-03-18,32.0,77.0,0.0,Chembur,19.0622,72.8984,1,Urban Heat Island Risk,0.2,3,10.027857391001039
2024-03-19,33.5,66.0,0.0,Chembur,19.0622,72.8984,1,Urban Heat Island Risk,0.2,3,16.247740947990387
2024-03-20,38.5,30.0,0.0,Chembur,19.0622,72.8984,1,Urban Heat Island Risk,0.2,3,9.084719076328055
2024-03-21,38.3,30.0,0.0,Chembur,19.0622,72.8984,1,Urban Heat Island Risk,0.2,3,13.736183724519073
2024-03-22,34.3,66.0,0.0,Chembur,19.0622,72.8984,1,Urban Heat Island Risk,0.2,3,20.14706550477663
2024-03-23,33.7,66.0,0.0,Chembur,19.0622,72.8984,1,Urban Heat Island Risk,0.2,3,18.98350963535371
2024-03-24,32.3,73.0,0.0,Chembur,19.0622,72.8984,1,Urban Heat Island Risk,0.0,3,15.075914712702165
2024-03-25,33.0,71.0,0.0,Chembur,19.0622,72.8984,1,Urban Heat Island Risk,0.0,3,10.125967120385791
2024-03-26,34.7,69.0,0.0,Chembur,19.0622,72.8984,1,Urban Heat Island Risk,0.0,3,18.227938560870967
2024-03-27,33.6,77.0,0.0,Chembur,19.0622,72.8984,1,Urban Heat Island Risk,0.0,3,15.096906188490125
2024-03-28,33.5,76.0,0.0,Chembur,19.0622,72.8984,1,Urban Heat Island Risk,0.0,3,5.0
2024-03-29,35.2,67.0,0.0,Chembur,19.0622,72.8984,1,Urban Heat Island Risk,0.0,3,18.913149131582593
2024-03-30,34.7,64.0,0.0,Chembur,19.0622,72.8984,1,Urban Heat Island Risk,0.0,3,14.87883583065154
2024-03-31,34.5,53.0,0.0,Chembur,19.0622,72.8984,1,Urban Heat Island Risk,0.0,3,21.01225623991536
2024-04-01,34.3,66.0,0.0,Chembur,19.0622,72.8984,1,Urban Heat Island Risk,0.0,4,9.523647405785976
2024-04-02,33.7,70.0,0.0,Chembur,19.0622,72.8984,1,Urban Heat Island Risk,0.0,4,5.0
2024-04-03,33.9,68.0,0.0,Chembur,19.0622,72.8984,1,Urban Heat Island Risk,0.0,4,16.395419291725926
2024-04-04,33.4,69.0,0.0,Chembur,19.0622,72.8984,1,Urban Heat Island Risk,0.0,4,16.457818383409865
2024-04-05,35.9,60.0,0.0,Chembur,19.0622,72.8984,1,Urban Heat Island Risk,0.0,4,6.546641861967741
2024-04-06,37.3,42.0,0.0,Chembur,19.0622,72.8984,1,Urban Heat Island Risk,0.0,4,10.107502270666968
2024-04-07,37.0,45.0,0.0,Chembur,19.0622,72.8984,1,Urban Heat Island Risk,0.0,4,28.77608871859951
2024-04-08,33.8,65.0,0.0,Chembur,19.0622,72.8984,1,Urban Heat Island Risk,0.0,4,13.471946929230983
2024-04-09,34.7,72.0,0.0,Chembur,19.0622,72.8984,1,Urban Heat Island Risk,0.0,4,18.65479488188108
2024-04-10,33.8,75.0,0.0,Chembur,19.0622,72.8984,1,Urban Heat Island Risk,0.0,4,11.746700863158082
2024-04-11,34.0,71.0,0.0,Chembur,19.0622,72.8984,1,Urban Heat Island Risk,0.0,4,5.0
2024-04-12,34.3,65.0,0.0,Chembur,19.0622,72.8984,1,Urban Heat Island Risk,0.0,4,14.148708766020473
2024-04-13,32.0,71.0,0.0,Chembur,19.0622,72.8984,1,Urban Heat Island Risk,0.0,4,13.671977198569474
2024-04-14,33.1,77.0,0.0,Chembur,19.0622,72.8984,1,Urban Heat Island Risk,0.0,4,13.000608806658143
2024-04-15,36.8,63.0,0.0,Chembur,19.0622,72.8984,1,Urban Heat Island Risk,0.0,4,14.426795822468037
2024-04-16,41.8,45.0,0.0,Chembur,19.0622,72.8984,1,Urban Heat Island Risk,0.0,4,16.32134135822818
2024-04-17,34.3,64.0,0.0,Chembur,19.0622,72.8984,1,Urban Heat Island Risk,0.0,4,14.249415243730967
2024-04-18,34.8,71.0,0.0,Chembur,19.0622,72.8984,1,Urban Heat Island Risk,0.0,4,8.67996916026318
2024-04-19,36.2,62.0,0.0,Chembur,19.0622,72.8984,1,Urban Heat Island Risk,0.0,4,17.430923957809696
2024-04-20,36.2,57.0,0.0,Chembur,19.0622,72.8984,1,Urban Heat Island Risk,0.0,4,5.253141223387884
2024-04-21,34.5,59.0,0.0,Chembur,19.0622,72.8984,1,Urban Heat Island Risk,0.0,4,5.0
2024-04-22,34.7,64.0,0.0,Chembur,19.0622,72.8984,1,Urban Heat Island Risk,0.0,4,18.69590247350784
2024-04-23,34.8,66.0,0.0,Chembur,19.0622,72.8984,1,Urban Heat Island Risk,0.0,4,17.535101360676784
2024-04-24,34.3,70.0,0.0,Chembur,19.0622,72.8984,1,Urban Heat Island Risk,0.0,4,14.71302317462982
2024-04-25,34.8,66.0,0.0,Chembur,19.0622,72.8984,1,Urban Heat Island Risk,0.0,4,8.02275747622464
2024-04-26,35.7,63.0,0.0,Chembur,19.0622,72.8984,1,Urban Heat Island Risk,0.0,4,11.460445296629622
2024-04-27,36.6,58.0,0.0,Chembur,19.0622,72.8984,1,Urban Heat Island Risk,0.0,4,13.68626626156748
2024-04-28,39.8,45.0,0.0,Chembur,19.0622,72.8984,1,Urban Heat Island Risk,0.0,4,7.020530157129433
2024-04-29,38.7,42.0,0.0,Chembur,19.0622,72.8984,1,Urban Heat Island Risk,0.0,4,11.304856709883836
2024-04-30,38.1,51.0,0.0,Chembur,19.0622,72.8984,1,Urban Heat Island Risk,0.0,4,18.261651690883397
2024-05-01,35.0,62.0,0.0,Chembur,19.0622,72.8984,1,Urban Heat Island Risk,0.0,5,22.136526821446083
2024-05-02,33.9,67.0,0.0,Chembur,19.0622,72.8984,1,Urban Heat Island Risk,0.0,5,12.902826236707247
2024-05-03,33.7,75.0,0.0,Chembur,19.0622,72.8984,1,Urban Heat Island Risk,0.0,5,18.78244177158049
2024-05-04,33.7,78.0,0.0,Chembur,19.0622,72.8984,1,Urban Heat Island Risk,0.0,5,5.429699647062664
2024-05-05,35.2,72.0,0.0,Chembur,19.0622,72.8984,1,Urban Heat Island Risk,0.0,5,18.297256205568058
2024-05-06,33.7,76.0,0.0,Chembur,19.0622,72.8984,1,Urban Heat Island Risk,0.0,5,10.980257926362594
2024-05-07,33.8,75.0,0.0,Chembur,19.0622,72.8984,1,Urban Heat Island Risk,0.0,5,16.53672808353985
2024-05-08,33.5,72.0,0.0,Chembur,19.0622,72.8984,1,Urban Heat Island Risk,0.0,5,13.761237908801453
2024-05-09,33.3,75.0,0.0,Chembur,19.0622,72.8984,1,Urban Heat Island Risk,0.0,5,21.60207004891917
2024-05-10,33.7,74.0,0.0,Chembur,19.0622,72.8984,1,Urban Heat Island Risk,0.0,5,10.62782175830041
2024-05-11,34.0,76.0,0.0,Chembur,19.0622,72.8984,1,Urban Heat Island Risk,0.0,5,18.138031487809155
2024-05-12,34.3,73.0,0.0,Chembur,19.0622,72.8984,1,Urban Heat Island Risk,0.0,5,13.602462683517333
2024-05-13,35.3,71.0,1.8,Chembur,19.0622,72.8984,1,Urban Heat Island Risk,1.8,5,14.20847260995168
2024-05-14,38.0,62.0,0.0,Chembur,19.0622,72.8984,1,Urban Heat Island Risk,1.8,5,14.080730534203951
2024-05-15,36.5,67.0,0.0,Chembur,19.0622,72.8984,1,Urban Heat Island Risk,1.8,5,10.771634477529435
2024-05-16,39.4,64.0,0.1,Chembur,19.0622,72.8984,1,Urban Heat Island Risk,1.9000000000000001,5,14.929505170466642
2024-05-17,36.7,65.0,0.0,Chembur,19.0622,72.8984,1,Urban Heat Island Risk,1.9000000000000001,5,14.686758889390893
2024-05-18,35.2,77.0,0.0,Chembur,19.0622,72.8984,1,Urban Heat Island Risk,1.9000000000000001,5,16.206201242033647
2024-05-19,34.6,75.0,5.6,Chembur,19.0622,72.8984,1,Urban Heat Island Risk,7.5,5,15.422525728464313
2024-05-20,35.6,72.0,0.0,Chembur,19.0622,72.8984,1,Urban Heat Island Risk,7.5,5,18.98997274806118
2024-05-21,35.8,73.0,0.1,Chembur,19.0622,72.8984,1,Urban Heat Island Risk,7.6,5,19.617543080236842
2024-05-22,35.0,75.0,0.3,Chembur,19.0622,72.8984,1,Urban Heat Island Risk,7.9,5,9.746883390860994
2024-05-23,34.7,76.0,0.0,Chembur,19.0622,72.8984,1,Urban Heat Island Risk,7.9,5,19.343862502953854
2024-05-24,35.2,74.0,0.2,Chembur,19.0622,72.8984,1,Urban Heat Island Risk,8.1,5,9.068317864450728
2024-05-25,34.2,71.0,0.7,Chembur,19.0622,72.8984,1,Urban Heat Island Risk,8.8,5,17.939279440688676
2024-05-26,33.9,67.0,0.5,Chembur,19.0622,72.8984,1,Urban Heat Island Risk,9.3,5,18.098693923514343
2024-05-27,34.0,70.0,0.5,Chembur,19.0622,72.8984,1,Urban Heat Island Risk,9.8,5,5.443415541687479
2024-05-28,34.2,68.0,0.6,Chembur,19.0622,72.8984,1,Urban Heat Island Risk,10.4,5,15.464896232647048
2024-05-29,34.5,62.0,0.4,Chembur,19.0622,72.8984,1,Urban Heat Island Risk,10.8,5,12.657519433198422
2024-05-30,35.0,63.0,0.2,Chembur,19.0622,72.8984,1,Urban Heat Island Risk,11.0,5,11.206173710323124
2024-05-31,34.8,77.0,0.6,Chembur,19.0622,72.8984,1,Urban Heat Island Risk,11.6,5,21.75426165349503
2024-06-01,34.5,72.0,0.8,Chembur,19.0622,72.8984,1,Urban Heat Island Risk,12.4,6,11.731604296812906
2024-06-02,35.0,67.0,0.3,Chembur,19.0622,72.8984,1,Urban Heat Island Risk,12.7,6,10.96811535440975
2024-06-03,34.7,68.0,0.7,Chembur,19.0622,72.8984,1,Urban Heat Island Risk,11.6,6,15.378474700025468
2024-06-04,34.0,75.0,4.8,Chembur,19.0622,72.8984,1,Urban Heat Island Risk,16.4,6,18.42794873149208
2024-06-05,34.3,76.0,6.7,Chembur,19.0622,72.8984,1,Urban Heat Island Risk,23.1,6,14.291757069949366
2024-06-06,34.6,76.0,1.2,Chembur,19.0622,72.8984,1,Urban Heat Island Risk,24.200000000000003,6,20.831852728346263
2024-06-07,34.0,72.0,1.1,Chembur,19.0622,72.8984,1,Urban Heat Island Risk,25.3,6,17.654878309820454
2024-06-08,34.8,72.0,6.3,Chembur,19.0622,72.8984,1,Urban Heat Island Risk,31.6,6,5.0
2024-06-09,32.1,79.0,23.0,Chembur,19.0622,72.8984,1,Urban Heat Island Risk,49.0,6,12.352665182464959
2024-06-10,30.3,85.0,33.2,Chembur,19.0622,72.8984,1,Urban Heat Island Risk,82.2,6,12.190789503241504
2024-06-11,30.7,85.0,10.8,Chembur,19.0622,72.8984,1,Urban Heat Island Risk,92.9,6,17.39680476714711
2024-06-12,30.5,84.0,14.3,Chembur,19.0622,72.8984,1,Urban Heat Island Risk,106.9,6,5.0
2024-06-13,30.5,84.0,13.6,Chembur,19.0622,72.8984,1,Urban Heat Island Risk,120.5,6,27.74504854358861
2024-06-14,29.7,84.0,8.6,Chembur,19.0622,72.8984,1,Urban Heat Island Risk,128.9,6,17.65513047447105
2024-06-15,30.3,81.0,2.2,Chembur,19.0622,72.8984,1,Urban Heat Island Risk,130.4,6,15.744384019588455
2024-06-16,31.5,79.0,1.4,Chembur,19.0622,72.8984,1,Urban Heat Island Risk,131.29999999999998,6,20.90783858209573
2024-06-17,32.0,81.0,7.4,Chembur,19.0622,72.8984,1,Urban Heat Island Risk,138.2,6,26.718270264063122
2024-06-18,30.3,85.0,30.3,Chembur,19.0622,72.8984,1,Urban Heat Island Risk,167.9,6,19.353733222942015
2024-06-19,29.7,83.0,23.3,Chembur,19.0622,72.8984,1,Urban Heat Island Risk,190.79999999999998,6,19.7440654823581
2024-06-20,29.0,86.0,48.6,Chembur,19.0622,72.8984,1,Urban Heat Island Risk,239.2,6,15.653450122321912
2024-06-21,31.6,84.0,22.9,Chembur,19.0622,72.8984,1,Urban Heat Island Risk,261.5,6,14.292371233165259
2024-06-22,30.7,83.0,5.3,Chembur,19.0622,72.8984,1,Urban Heat Island Risk,266.0,6,12.621022779975494
2024-06-23,30.3,84.0,4.2,Chembur,19.0622,72.8984,1,Urban Heat Island Risk,269.9,6,10.86944004142729
2024-06-24,30.1,84.0,11.3,Chembur,19.0622,72.8984,1,Urban Heat Island Risk,280.5,6,11.564929501502514
2024-06-25,31.1,83.0,6.8,Chembur,19.0622,72.8984,1,Urban Heat Island Risk,282.5,6,8.247220178285083
2024-06-26,31.0,85.0,23.0,Chembur,19.0622,72.8984,1,Urban Heat Island Risk,298.8,6,14.620642746574884
2024-06-27,29.3,88.0,98.7,Chembur,19.0622,72.8984,1,Urban Heat Island Risk,396.3,6,6.576662113868066
2024-06-28,28.7,87.0,45.3,Chembur,19.0622,72.8984,1,Urban Heat Island Risk,440.5,6,15.954582620718554
2024-06-29,30.5,85.0,21.3,Chembur,19.0622,72.8984,1,Urban Heat Island Risk,455.50000000000006,6,14.818346959788292
2024-06-30,29.9,85.0,21.3,Chembur,19.0622,72.8984,1,Urban Heat Island Risk,453.79999999999995,6,15.734676491933438
2024-07-01,31.1,80.0,16.3,Chembur,19.0622,72.8984,1,Urban Heat Island Risk,436.9,7,12.389342149900038
2024-07-02,30.9,80.0,8.1,Chembur,19.0622,72.8984,1,Urban Heat Island Risk,434.2,7,30.384301850902517
2024-07-03,30.5,82.0,8.9,Chembur,19.0622,72.8984,1,Urban Heat Island Risk,428.8,7,21.800579500901563
2024-07-04,29.5,83.0,8.7,Chembur,19.0622,72.8984,1,Urban Heat Island Risk,423.9,7,8.777287499576385
2024-07-05,29.6,85.0,12.2,Chembur,19.0622,72.8984,1,Urban Heat Island Risk,427.5,7,16.16434043713449
2024-07-06,30.0,83.0,17.6,Chembur,19.0622,72.8984,1,Urban Heat Island Risk,442.9,7,11.959969285313381
2024-07-07,29.7,86.0,11.8,Chembur,19.0622,72.8984,1,Urban Heat Island Risk,453.3,7,9.92760136646293
2024-07-08,29.0,87.0,20.7,Chembur,19.0622,72.8984,1,Urban Heat Island Risk,466.59999999999997,7,8.299639644380326
2024-07-09,27.5,90.0,80.2,Chembur,19.0622,72.8984,1,Urban Heat Island Risk,516.5,7,17.16108345379627
2024-07-10,29.3,86.0,36.0,Chembur,19.0622,72.8984,1,Urban Heat Island Risk,529.2,7,11.593098824652131
2024-07-11,29.3,88.0,39.1,Chembur,19.0622,72.8984,1,Urban Heat Island Risk,519.7,7,19.839130120126022
2024-07-12,27.4,90.0,83.3,Chembur,19.0622,72.8984,1,Urban Heat Island Risk,580.1,7,19.968911072652194
2024-07-13,27.0,90.0,76.7,Chembur,19.0622,72.8984,1,Urban Heat Island Risk,651.5000000000001,7,21.869571926057247
2024-07-14,27.0,91.0,50.5,Chembur,19.0622,72.8984,1,Urban Heat Island Risk,697.8000000000001,7,10.738066169629482
2024-07-15,28.5,87.0,10.2,Chembur,19.0622,72.8984,1,Urban Heat Island Risk,696.7,7,17.376828053460052
2024-07-16,29.5,88.0,17.6,Chembur,19.0622,72.8984,1,Urban Heat Island Risk,707.5,7,18.162271083211504
2024-07-17,28.1,88.0,45.3,Chembur,19.0622,72.8984,1,Urban Heat Island Risk,729.8,7,12.629109124480175
2024-07-18,28.6,89.0,57.6,Chembur,19.0622,72.8984,1,Urban Heat Island Risk,688.6999999999999,7,11.141140213035625
2024-07-19,27.8,89.0,48.3,Chembur,19.0622,72.8984,1,Urban Heat Island Risk,691.7,7,23.047603328879866
2024-07-20,28.2,88.0,87.0,Chembur,19.0622,72.8984,1,Urban Heat Island Risk,757.4000000000001,7,16.13747937866027
2024-07-21,27.6,88.0,48.9,Chembur,19.0622,72.8984,1,Urban Heat Island Risk,785.0,7,18.17983875355869
2024-07-22,27.4,88.0,54.7,Chembur,19.0622,72.8984,1,Urban Heat Island Risk,823.4,7,10.889619940860364
2024-07-23,27.0,88.0,42.1,Chembur,19.0622,72.8984,1,Urban Heat Island Risk,857.4,7,8.903577667389031
2024-07-24,27.5,88.0,54.4,Chembur,19.0622,72.8984,1,Urban Heat Island Risk,902.9,7,12.152751127539448
2024-07-25,27.9,87.0,74.2,Chembur,19.0622,72.8984,1,Urban Heat Island Risk,968.4,7,14.379893063050014
2024-07-26,29.0,85.0,22.9,Chembur,19.0622,72.8984,1,Urban Heat Island Risk,979.1,7,9.678899965913256
2024-07-27,29.3,81.0,8.2,Chembur,19.0622,72.8984,1,Urban Heat Island Risk,969.7,7,14.950775956748085
2024-07-28,29.7,85.0,19.0,Chembur,19.0622,72.8984,1,Urban Heat Island Risk,976.9000000000001,7,6.557474059657499
2024-07-29,28.2,87.0,34.2,Chembur,19.0622,72.8984,1,Urban Heat Island Risk,990.4,7,9.399762887650638
2024-07-30,28.6,87.0,17.4,Chembur,19.0622,72.8984,1,Urban Heat Island Risk,927.6,7,18.354556241384376
2024-07-31,29.1,86.0,22.1,Chembur,19.0622,72.8984,1,Urban Heat Island Risk,913.6999999999999,7,18.018952601389472
2024-08-01,29.9,84.0,15.8,Chembur,19.0622,72.8984,1,Urban Heat Island Risk,890.4,8,13.040616173065668
2024-08-02,28.8,84.0,28.2,Chembur,19.0622,72.8984,1,Urban Heat Island Risk,835.3,8,9.911178454615236
2024-08-03,28.0,85.0,24.5,Chembur,19.0622,72.8984,1,Urban Heat Island Risk,783.0999999999999,8,9.862982242369945
2024-08-04,27.5,86.0,39.4,Chembur,19.0622,72.8984,1,Urban Heat Island Risk,772.0,8,13.13365877029343
2024-08-05,29.4,82.0,5.8,Chembur,19.0622,72.8984,1,Urban Heat Island Risk,767.6,8,18.22259245822646
2024-08-06,29.1,82.0,5.2,Chembur,19.0622,72.8984,1,Urban Heat Island Risk,755.2,8,19.641228456721624
2024-08-07,29.3,83.0,5.6,Chembur,19.0622,72.8984,1,Urban Heat Island Risk,715.5,8,12.517341322590156
2024-08-08,29.1,81.0,4.2,Chembur,19.0622,72.8984,1,Urban Heat Island Risk,662.1,8,9.232537870076081
2024-08-09,28.3,86.0,15.5,Chembur,19.0622,72.8984,1,Urban Heat Island Risk,629.3,8,16.339218189331667
2024-08-10,28.6,83.0,4.7,Chembur,19.0622,72.8984,1,Urban Heat Island Risk,547.0,8,10.882325146870752
2024-08-11,29.7,80.0,2.4,Chembur,19.0622,72.8984,1,Urban Heat Island Risk,500.50000000000006,8,12.408736805693987
2024-08-12,29.4,82.0,2.9,Chembur,19.0622,72.8984,1,Urban Heat Island Risk,448.7,8,21.626380452185188
2024-08-13,29.3,83.0,3.6,Chembur,19.0622,72.8984,1,Urban Heat Island Risk,410.20000000000005,8,19.13557714282884
2024-08-14,29.6,83.0,1.9,Chembur,19.0622,72.8984,1,Urban Heat Island Risk,357.7,8,15.789871561257259
2024-08-15,29.9,82.0,1.2,Chembur,19.0622,72.8984,1,Urban Heat Island Risk,284.7,8,8.640404994436386
2024-08-16,30.0,82.0,0.9,Chembur,19.0622,72.8984,1,Urban Heat Island Risk,262.70000000000005,8,16.056982837353296
2024-08-17,30.1,83.0,0.5,Chembur,19.0622,72.8984,1,Urban Heat Island Risk,255.0,8,20.313286453937632
2024-08-18,30.4,84.0,2.9,Chembur,19.0622,72.8984,1,Urban Heat Island Risk,238.9,8,13.121831671172322
2024-08-19,29.5,87.0,16.7,Chembur,19.0622,72.8984,1,Urban Heat Island Risk,221.39999999999998,8,21.755570449933575
2024-08-20,29.1,89.0,28.8,Chembur,19.0622,72.8984,1,Urban Heat Island Risk,232.8,8,21.463726447591036
2024-08-21,30.8,85.0,0.2,Chembur,19.0622,72.8984,1,Urban Heat Island Risk,210.89999999999998,8,23.31866416071737
2024-08-22,30.5,84.0,4.7,Chembur,19.0622,72.8984,1,Urban Heat Island Risk,199.8,8,16.526215632656765
2024-08-23,29.0,88.0,16.0,Chembur,19.0622,72.8984,1,Urban Heat Island Risk,187.60000000000002,8,17.936958499030062
2024-08-24,27.0,90.0,61.7,Chembur,19.0622,72.8984,1,Urban Heat Island Risk,224.8,8,22.070936441655448
2024-08-25,28.1,86.0,28.0,Chembur,19.0622,72.8984,1,Urban Heat Island Risk,213.4,8,17.236969685344878
2024-08-26,27.5,85.0,22.6,Chembur,19.0622,72.8984,1,Urban Heat Island Risk,230.2,8,12.493829461048936
2024-08-27,28.0,85.0,17.9,Chembur,19.0622,72.8984,1,Urban Heat Island Risk,242.9,8,12.757285817360692
2024-08-28,29.4,83.0,14.4,Chembur,19.0622,72.8984,1,Urban Heat Island Risk,251.70000000000002,8,16.192774768868695
2024-08-29,29.5,82.0,5.1,Chembur,19.0622,72.8984,1,Urban Heat Island Risk,252.6,8,8.547192890268906
2024-08-30,29.5,83.0,6.5,Chembur,19.0622,72.8984,1,Urban Heat Island Risk,243.6,8,14.283705423179036
2024-08-31,29.4,83.0,2.1,Chembur,19.0622,72.8984,1,Urban Heat Island Risk,241.0,8,20.48273559115127
2024-09-01,28.3,83.0,2.3,Chembur,19.0622,72.8984,1,Urban Heat Island Risk,240.9,9,5.0
2024-09-02,27.7,88.0,29.6,Chembur,19.0622,72.8984,1,Urban Heat Island Risk,267.6,9,22.672410508972575
2024-09-03,27.7,87.0,13.0,Chembur,19.0622,72.8984,1,Urban Heat Island Risk,277.0,9,20.6118710935158
2024-09-04,28.8,86.0,17.1,Chembur,19.0622,72.8984,1,Urban Heat Island Risk,292.2,9,12.701176920847619
2024-09-05,28.7,86.0,27.9,Chembur,19.0622,72.8984,1,Urban Heat Island Risk,318.90000000000003,9,17.716954139359046
2024-09-06,28.9,84.0,14.7,Chembur,19.0622,72.8984,1,Urban Heat Island Risk,332.7,9,15.015738634531633
2024-09-07,28.8,85.0,10.0,Chembur,19.0622,72.8984,1,Urban Heat Island Risk,342.2,9,21.149951842193417
2024-09-08,29.2,84.0,4.2,Chembur,19.0622,72.8984,1,Urban Heat Island Risk,343.5,9,19.913415713849705
2024-09-09,29.3,83.0,2.0,Chembur,19.0622,72.8984,1,Urban Heat Island Risk,328.8,9,7.999646384084954
2024-09-10,29.0,84.0,3.9,Chembur,19.0622,72.8984,1,Urban Heat Island Risk,303.9,9,17.936312067320884
2024-09-11,28.6,84.0,4.6,Chembur,19.0622,72.8984,1,Urban Heat Island Risk,308.3,9,13.971860731783762
2024-09-12,28.9,84.0,8.2,Chembur,19.0622,72.8984,1,Urban Heat Island Risk,311.8,9,15.414162852590499
2024-09-13,29.1,81.0,4.5,Chembur,19.0622,72.8984,1,Urban Heat Island Risk,300.3,9,11.359140495150921
2024-09-14,28.4,85.0,9.1,Chembur,19.0622,72.8984,1,Urban Heat Island Risk,247.70000000000002,9,23.740685345604177
2024-09-15,27.9,85.0,3.9,Chembur,19.0622,72.8984,1,Urban Heat Island Risk,223.6,9,20.20030909951288
2024-09-16,29.2,85.0,2.4,Chembur,19.0622,72.8984,1,Urban Heat Island Risk,203.4,9,11.301144180135164
2024-09-17,29.4,82.0,0.2,Chembur,19.0622,72.8984,1,Urban Heat Island Risk,185.70000000000002,9,8.326946965448837
2024-09-18,29.7,81.0,0.8,Chembur,19.0622,72.8984,1,Urban Heat Island Risk,172.1,9,13.07163684511076
2024-09-19,30.0,79.0,1.0,Chembur,19.0622,72.8984,1,Urban Heat Island Risk,168.0,9,17.17251323045653
2024-09-20,28.9,85.0,5.2,Chembur,19.0622,72.8984,1,Urban Heat Island Risk,166.70000000000002,9,16.201029219731115
2024-09-21,30.2,81.0,1.9,Chembur,19.0622,72.8984,1,Urban Heat Island Risk,166.5,9,21.26566412384122
2024-09-22,30.1,81.0,2.2,Chembur,19.0622,72.8984,1,Urban Heat Island Risk,166.4,9,18.94959861090426
2024-09-23,29.4,85.0,5.7,Chembur,19.0622,72.8984,1,Urban Heat Island Risk,142.5,9,19.847845128764533
2024-09-24,29.5,89.0,23.1,Chembur,19.0622,72.8984,1,Urban Heat Island Risk,152.60000000000002,9,16.634277003052187
2024-09-25,28.5,90.0,36.4,Chembur,19.0622,72.8984,1,Urban Heat Island Risk,171.89999999999998,9,8.05350634894505
2024-09-26,27.0,92.0,48.0,Chembur,19.0622,72.8984,1,Urban Heat Island Risk,192.0,9,14.021507344265492
2024-09-27,27.3,88.0,61.7,Chembur,19.0622,72.8984,1,Urban Heat Island Risk,239.0,9,20.300448699543328
2024-09-28,28.5,84.0,5.8,Chembur,19.0622,72.8984,1,Urban Heat Island Risk,234.79999999999998,9,14.74238535737677
2024-09-29,29.1,86.0,4.6,Chembur,19.0622,72.8984,1,Urban Heat Island Risk,235.20000000000002,9,17.515451843118733
2024-09-30,30.2,86.0,1.6,Chembur,19.0622,72.8984,1,Urban Heat Island Risk,234.8,9,13.406258423769334
2024-10-01,32.0,87.0,0.6,Chembur,19.0622,72.8984,1,Urban Heat Island Risk,231.5,10,26.850940757290775
2024-10-02,31.2,89.0,1.3,Chembur,19.0622,72.8984,1,Urban Heat Island Risk,228.20000000000002,10,35.91661301310279
2024-10-03,30.5,85.0,1.4,Chembur,19.0622,72.8984,1,Urban Heat Island Risk,221.4,10,42.04523721516327
2024-10-04,30.0,84.0,1.4,Chembur,19.0622,72.8984,1,Urban Heat Island Risk,218.3,10,40.054894736026114
2024-10-05,30.0,84.0,1.1,Chembur,19.0622,72.8984,1,Urban Heat Island Risk,210.29999999999998,10,42.15477710904999
2024-10-06,31.7,84.0,21.4,Chembur,19.0622,72.8984,1,Urban Heat Island Risk,227.8,10,29.00268379007009
2024-10-07,32.1,82.0,0.6,Chembur,19.0622,72.8984,1,Urban Heat Island Risk,226.0,10,37.02955792115381
2024-10-08,32.7,83.0,0.0,Chembur,19.0622,72.8984,1,Urban Heat Island Risk,225.79999999999998,10,26.561054545393148
2024-10-09,29.6,86.0,6.4,Chembur,19.0622,72.8984,1,Urban Heat Island Risk,231.4,10,52.86377772563091
2024-10-10,30.1,84.0,6.4,Chembur,19.0622,72.8984,1,Urban Heat Island Risk,236.8,10,50.4104059193712
2024-10-11,32.0,81.0,22.0,Chembur,19.0622,72.8984,1,Urban Heat Island Risk,253.6,10,31.594770176391282
2024-10-12,31.9,84.0,0.7,Chembur,19.0622,72.8984,1,Urban Heat Island Risk,252.4,10,27.52442300392993
2024-10-13,31.1,84.0,2.0,Chembur,19.0622,72.8984,1,Urban Heat Island Risk,252.2,10,26.670510611333306
2024-10-14,32.0,85.0,5.2,Chembur,19.0622,72.8984,1,Urban Heat Island Risk,251.70000000000002,10,24.639814634866042
2024-10-15,30.1,85.0,0.0,Chembur,19.0622,72.8984,1,Urban Heat Island Risk,228.60000000000002,10,35.89749254217336
2024-10-16,31.2,86.0,8.6,Chembur,19.0622,72.8984,1,Urban Heat Island Risk,200.8,10,43.42568147064086
2024-10-17,29.5,89.0,2.9,Chembur,19.0622,72.8984,1,Urban Heat Island Risk,155.70000000000002,10,46.7457896028014
2024-10-18,32.4,83.0,12.4,Chembur,19.0622,72.8984,1,Urban Heat Island Risk,106.39999999999999,10,31.68135595379328
2024-10-19,30.5,86.0,7.9,Chembur,19.0622,72.8984,1,Urban Heat Island Risk,108.5,10,29.397894955324368
2024-10-20,30.3,85.0,6.8,Chembur,19.0622,72.8984,1,Urban Heat Island Risk,110.7,10,35.64350118724702
2024-10-21,30.9,83.0,13.3,Chembur,19.0622,72.8984,1,Urban Heat Island Risk,122.4,10,42.66873221556477
2024-10-22,30.8,85.0,7.3,Chembur,19.0622,72.8984,1,Urban Heat Island Risk,129.1,10,40.23387056191293
2024-10-23,31.9,83.0,0.0,Chembur,19.0622,72.8984,1,Urban Heat Island Risk,127.8,10,31.83064027323869
2024-10-24,33.0,73.0,0.0,Chembur,19.0622,72.8984,1,Urban Heat Island Risk,126.39999999999999,10,29.15754512633395
2024-10-25,31.6,72.0,0.0,Chembur,19.0622,72.8984,1,Urban Heat Island Risk,125.0,10,42.445655697345735
2024-10-26,33.0,66.0,0.0,Chembur,19.0622,72.8984,1,Urban Heat Island Risk,123.89999999999999,10,25.22812101564808
2024-10-27,32.1,76.0,0.0,Chembur,19.0622,72.8984,1,Urban Heat Island Risk,102.5,10,31.780182346623672
2024-10-28,32.3,81.0,0.0,Chembur,19.0622,72.8984,1,Urban Heat Island Risk,101.89999999999999,10,31.26298459365654
2024-10-29,31.7,85.0,0.0,Chembur,19.0622,72.8984,1,Urban Heat Island Risk,101.89999999999999,10,45.660548176369964
2024-10-30,33.2,81.0,0.0,Chembur,19.0622,72.8984,1,Urban Heat Island Risk,95.5,10,14.703218677904857
2024-10-31,32.9,73.0,0.0,Chembur,19.0622,72.8984,1,Urban Heat Island Risk,89.1,10,30.316115073944047
2024-11-01,31.7,80.0,0.3,Chembur,19.0622,72.8984,1,Urban Heat Island Risk,67.4,11,33.125988756204684
2024-11-02,33.5,74.0,0.0,Chembur,19.0622,72.8984,1,Urban Heat Island Risk,66.7,11,26.333858630920897
2024-11-03,34.7,63.0,0.0,Chembur,19.0622,72.8984,1,Urban Heat Island Risk,64.7,11,13.413137230026363
2024-11-04,34.5,58.0,0.0,Chembur,19.0622,72.8984,1,Urban Heat Island Risk,59.5,11,17.58850817904108
2024-11-05,34.8,58.0,0.0,Chembur,19.0622,72.8984,1,Urban Heat Island Risk,59.5,11,19.690386230660827
2024-11-06,34.2,59.0,0.0,Chembur,19.0622,72.8984,1,Urban Heat Island Risk,50.9,11,35.09788433855252
2024-11-07,34.0,55.0,0.0,Chembur,19.0622,72.8984,1,Urban Heat Island Risk,48.0,11,24.706847613677027
2024-11-08,34.3,56.0,0.0,Chembur,19.0622,72.8984,1,Urban Heat Island Risk,35.599999999999994,11,14.726338676514139
2024-11-09,34.6,56.0,0.0,Chembur,19.0622,72.8984,1,Urban Heat Island Risk,27.7,11,15.147868256553142
2024-11-10,34.2,54.0,0.0,Chembur,19.0622,72.8984,1,Urban Heat Island Risk,20.900000000000002,11,17.266262791414047
2024-11-11,33.8,45.0,0.0,Chembur,19.0622,72.8984,1,Urban Heat Island Risk,7.6,11,12.82178413684994
2024-11-12,34.0,51.0,0.0,Chembur,19.0622,72.8984,1,Urban Heat Island Risk,0.3,11,19.016215708159482
2024-11-13,35.3,47.0,0.0,Chembur,19.0622,72.8984,1,Urban Heat Island Risk,0.3,11,16.964145409108742
2024-11-14,35.9,44.0,0.0,Chembur,19.0622,72.8984,1,Urban Heat Island Risk,0.3,11,5.0
2024-11-15,34.4,56.0,0.3,Chembur,19.0622,72.8984,1,Urban Heat Island Risk,0.6,11,23.642413255252972
2024-11-16,34.8,63.0,0.0,Chembur,19.0622,72.8984,1,Urban Heat Island Risk,0.6,11,18.57220743875504
2024-11-17,36.3,56.0,0.0,Chembur,19.0622,72.8984,1,Urban Heat Island Risk,0.6,11,5.0
2024-11-18,35.3,50.0,0.0,Chembur,19.0622,72.8984,1,Urban Heat Island Risk,0.6,11,12.59235181331078
2024-11-19,34.3,43.0,0.0,Chembur,19.0622,72.8984,1,Urban Heat Island Risk,0.6,11,26.95827570487185
2024-11-20,33.5,45.0,0.0,Chembur,19.0622,72.8984,1,Urban Heat Island Risk,0.6,11,27.16773906752933
2024-11-21,33.5,47.0,0.0,Chembur,19.0622,72.8984,1,Urban Heat Island Risk,0.6,11,23.54391827449074
2024-11-22,33.2,52.0,0.0,Chembur,19.0622,72.8984,1,Urban Heat Island Risk,0.3,11,24.011583415195062
2024-11-23,32.5,54.0,0.0,Chembur,19.0622,72.8984,1,Urban Heat Island Risk,0.3,11,29.54971201892496
2024-11-24,33.5,54.0,0.0,Chembur,19.0622,72.8984,1,Urban Heat Island Risk,0.3,11,20.94118221028848
2024-11-25,33.3,52.0,0.0,Chembur,19.0622,72.8984,1,Urban Heat Island Risk,0.3,11,14.109585804738273
2024-11-26,32.8,43.0,0.0,Chembur,19.0622,72.8984,1,Urban Heat Island Risk,0.3,11,37.67755621934034
2024-11-27,33.1,40.0,0.0,Chembur,19.0622,72.8984,1,Urban Heat Island Risk,0.3,11,26.543291662663666
2024-11-28,32.6,33.0,0.0,Chembur,19.0622,72.8984,1,Urban Heat Island Risk,0.3,11,30.59073632561268
2024-11-29,31.9,40.0,0.0,Chembur,19.0622,72.8984,1,Urban Heat Island Risk,0.3,11,32.27712791728214
2024-11-30,31.9,41.0,0.0,Chembur,19.0622,72.8984,1,Urban Heat Island Risk,0.3,11,28.891082663043736
2024-12-01,33.0,50.0,0.0,Chembur,19.0622,72.8984,1,Urban Heat Island Risk,0.3,12,25.403710928589483
2024-12-02,34.3,55.0,0.0,Chembur,19.0622,72.8984,1,Urban Heat Island Risk,0.3,12,10.969692855695126
2024-12-03,34.0,57.0,0.2,Chembur,19.0622,72.8984,1,Urban Heat Island Risk,0.5,12,32.05209915693319
2024-12-04,34.7,64.0,0.2,Chembur,19.0622,72.8984,1,Urban Heat Island Risk,0.7,12,10.527440007888005
2024-12-05,34.7,67.0,0.0,Chembur,19.0622,72.8984,1,Urban Heat Island Risk,0.7,12,11.540168580764089
2024-12-06,33.2,63.0,0.0,Chembur,19.0622,72.8984,1,Urban Heat Island Risk,0.4,12,22.998703978067983
2024-12-07,33.3,49.0,0.0,Chembur,19.0622,72.8984,1,Urban Heat Island Risk,0.4,12,31.073711957595236
2024-12-08,31.6,42.0,0.0,Chembur,19.0622,72.8984,1,Urban Heat Island Risk,0.4,12,34.33921166297993
2024-12-09,31.4,34.0,0.0,Chembur,19.0622,72.8984,1,Urban Heat Island Risk,0.4,12,29.219321019847694
2024-12-10,31.9,46.0,0.0,Chembur,19.0622,72.8984,1,Urban Heat Island Risk,0.4,12,38.83835847045337
2024-12-11,34.0,55.0,0.0,Chembur,19.0622,72.8984,1,Urban Heat Island Risk,0.4,12,24.321669800594073
2024-12-12,31.6,58.0,0.0,Chembur,19.0622,72.8984,1,Urban Heat Island Risk,0.4,12,36.95884145274892
2024-12-13,32.7,49.0,0.0,Chembur,19.0622,72.8984,1,Urban Heat Island Risk,0.4,12,31.61200453918752
2024-12-14,33.3,41.0,0.0,Chembur,19.0622,72.8984,1,Urban Heat Island Risk,0.4,12,36.605142836245605
2024-12-15,33.7,42.0,0.0,Chembur,19.0622,72.8984,1,Urban Heat Island Risk,0.4,12,33.29214114184721
2024-12-16,32.8,42.0,0.0,Chembur,19.0622,72.8984,1,Urban Heat Island Risk,0.4,12,24.033089951650204
2024-12-17,31.3,47.0,0.0,Chembur,19.0622,72.8984,1,Urban Heat Island Risk,0.4,12,44.08609163072242
2024-12-18,32.7,54.0,0.0,Chembur,19.0622,72.8984,1,Urban Heat Island Risk,0.4,12,29.949174282127817
2024-12-19,30.1,67.0,0.0,Chembur,19.0622,72.8984,1,Urban Heat Island Risk,0.4,12,45.262145747355405
2024-12-20,28.6,70.0,0.0,Chembur,19.0622,72.8984,1,Urban Heat Island Risk,0.4,12,42.805312508450015
2024-12-21,28.4,73.0,0.0,Chembur,19.0622,72.8984,1,Urban Heat Island Risk,0.4,12,51.54807117305903
2024-12-22,28.3,75.0,0.0,Chembur,19.0622,72.8984,1,Urban Heat Island Risk,0.4,12,48.90254871498384
2024-12-23,27.8,69.0,0.0,Chembur,19.0622,72.8984,1,Urban Heat Island Risk,0.4,12,59.940294074466536
2024-12-24,29.0,58.0,0.0,Chembur,19.0622,72.8984,1,Urban Heat Island Risk,0.2,12,54.35540250201402
2024-12-25,29.2,59.0,0.0,Chembur,19.0622,72.8984,1,Urban Heat Island Risk,0.0,12,37.49423491158511
2024-12-26,30.0,66.0,0.0,Chembur,19.0622,72.8984,1,Urban Heat Island Risk,0.0,12,43.22315901331198
2024-12-27,28.7,68.0,0.0,Chembur,19.0622,72.8984,1,Urban Heat Island Risk,0.0,12,56.30930752397127
2024-12-28,30.4,66.0,0.3,Chembur,19.0622,72.8984,1,Urban Heat Island Risk,0.3,12,40.13327185509945
2024-12-29,30.9,67.0,0.0,Chembur,19.0622,72.8984,1,Urban Heat Island Risk,0.3,12,41.87865155834516
2024-12-30,33.0,61.0,0.0,Chembur,19.0622,72.8984,1,Urban Heat Island Risk,0.3,12,28.089160671468758
2024-12-31,33.7,57.0,0.0,Chembur,19.0622,72.8984,1,Urban Heat Island Risk,0.3,12,24.07496782642978
2025-01-01,32.9,59.0,0.0,Chembur,19.0622,72.8984,1,Urban Heat Island Risk,0.3,1,25.543425109658518
2025-01-02,33.3,56.0,0.0,Chembur,19.0622,72.8984,1,Urban Heat Island Risk,0.3,1,18.5504293126548
2025-01-03,33.8,50.0,0.0,Chembur,19.0622,72.8984,1,Urban Heat Island Risk,0.3,1,16.192349262874878
2025-01-04,33.4,46.0,0.0,Chembur,19.0622,72.8984,1,Urban Heat Island Risk,0.3,1,27.61342923894326
2025-01-05,29.7,60.0,0.0,Chembur,19.0622,72.8984,1,Urban Heat Island Risk,0.3,1,45.130624610927754
2025-01-06,30.4,57.0,0.0,Chembur,19.0622,72.8984,1,Urban Heat Island Risk,0.3,1,40.374105443630555
2025-01-07,31.9,51.0,0.0,Chembur,19.0622,72.8984,1,Urban Heat Island Risk,0.3,1,30.447216455054914
2025-01-08,31.1,52.0,0.0,Chembur,19.0622,72.8984,1,Urban Heat Island Risk,0.3,1,35.57405577259624
2025-01-09,32.5,44.0,0.0,Chembur,19.0622,72.8984,1,Urban Heat Island Risk,0.3,1,34.40122563910736
2025-01-10,31.8,49.0,0.0,Chembur,19.0622,72.8984,1,Urban Heat Island Risk,0.3,1,31.457112923993193
2025-01-11,29.0,61.0,0.0,Chembur,19.0622,72.8984,1,Urban Heat Island Risk,0.3,1,42.29467643349216
2025-01-12,30.5,58.0,0.0,Chembur,19.0622,72.8984,1,Urban Heat Island Risk,0.3,1,44.21825887770087
2025-01-13,33.2,53.0,0.0,Chembur,19.0622,72.8984,1,Urban Heat Island Risk,0.3,1,24.1756166806764
2025-01-14,33.4,55.0,0.0,Chembur,19.0622,72.8984,1,Urban Heat Island Risk,0.3,1,24.223645994330557
2025-01-15,30.6,65.0,0.0,Chembur,19.0622,72.8984,1,Urban Heat Island Risk,0.3,1,47.971224865330875
2025-01-16,30.2,64.0,0.0,Chembur,19.0622,72.8984,1,Urban Heat Island Risk,0.3,1,42.09719721324747
2025-01-17,33.8,58.0,0.0,Chembur,19.0622,72.8984,1,Urban Heat Island Risk,0.3,1,23.245918365593642
2025-01-18,34.5,44.0,0.0,Chembur,19.0622,72.8984,1,Urban Heat Island Risk,0.0,1,11.938715876841705
2025-01-19,33.7,44.0,0.0,Chembur,19.0622,72.8984,1,Urban Heat Island Risk,0.0,1,21.26831940491185
2025-01-20,33.7,44.0,0.0,Chembur,19.0622,72.8984,1,Urban Heat Island Risk,0.0,1,25.414296892709654
2025-01-21,31.9,49.0,0.0,Chembur,19.0622,72.8984,1,Urban Heat Island Risk,0.0,1,24.789797997460465
2025-01-22,31.9,51.0,0.0,Chembur,19.0622,72.8984,1,Urban Heat Island Risk,0.0,1,33.57089213224523
2025-01-23,31.0,48.0,0.0,Chembur,19.0622,72.8984,1,Urban Heat Island Risk,0.0,1,38.1706220298907
2025-01-24,32.2,47.0,0.0,Chembur,19.0622,72.8984,1,Urban Heat Island Risk,0.0,1,31.07310394460385
2025-01-25,33.7,55.0,0.0,Chembur,19.0622,72.8984,1,Urban Heat Island Risk,0.0,1,27.552461159957865
2025-01-26,34.0,57.0,0.0,Chembur,19.0622,72.8984,1,Urban Heat Island Risk,0.0,1,22.338859240909276
2025-01-27,33.0,54.0,0.0,Chembur,19.0622,72.8984,1,Urban Heat Island Risk,0.0,1,33.723692825115556
2025-01-28,31.0,55.0,0.0,Chembur,19.0622,72.8984,1,Urban Heat Island Risk,0.0,1,32.69871908869649
2025-01-29,31.3,56.0,0.0,Chembur,19.0622,72.8984,1,Urban Heat Island Risk,0.0,1,36.6462895027584
2025-01-30,31.9,50.0,0.0,Chembur,19.0622,72.8984,1,Urban Heat Island Risk,0.0,1,32.989000598616414
2025-01-31,30.0,57.0,0.0,Chembur,19.0622,72.8984,1,Urban Heat Island Risk,0.0,1,37.987060864557925
2025-02-01,29.6,56.0,0.0,Chembur,19.0622,72.8984,1,Urban Heat Island Risk,0.0,2,50.381475010456725
2025-02-02,31.4,43.0,0.0,Chembur,19.0622,72.8984,1,Urban Heat Island Risk,0.0,2,47.023366529264095
2025-02-03,29.4,50.0,0.0,Chembur,19.0622,72.8984,1,Urban Heat Island Risk,0.0,2,46.64830296091419
2025-02-04,30.2,51.0,0.0,Chembur,19.0622,72.8984,1,Urban Heat Island Risk,0.0,2,44.72510544136884
2025-02-05,32.0,36.0,0.0,Chembur,19.0622,72.8984,1,Urban Heat Island Risk,0.0,2,32.42259237907663
2025-02-06,32.3,41.0,0.0,Chembur,19.0622,72.8984,1,Urban Heat Island Risk,0.0,2,26.732076650464137
2025-02-07,34.8,51.0,0.0,Chembur,19.0622,72.8984,1,Urban Heat Island Risk,0.0,2,7.029531944323269
2025-02-08,33.7,53.0,0.0,Chembur,19.0622,72.8984,1,Urban Heat Island Risk,0.0,2,18.837799251189825
2025-02-09,33.5,46.0,0.0,Chembur,19.0622,72.8984,1,Urban Heat Island Risk,0.0,2,16.540208095241343
2025-02-10,34.0,44.0,0.0,Chembur,19.0622,72.8984,1,Urban Heat Island Risk,0.0,2,29.187177056962256
2025-02-11,32.8,45.0,0.0,Chembur,19.0622,72.8984,1,Urban Heat Island Risk,0.0,2,26.89111819705049
2025-02-12,33.7,47.0,0.0,Chembur,19.0622,72.8984,1,Urban Heat Island Risk,0.0,2,20.637070021430794
2025-02-13,35.3,38.0,0.0,Chembur,19.0622,72.8984,1,Urban Heat Island Risk,0.0,2,17.74576912393905
2025-02-14,35.2,33.0,0.0,Chembur,19.0622,72.8984,1,Urban Heat Island Risk,0.0,2,8.257911152387212
2025-02-15,35.7,30.0,0.0,Chembur,19.0622,72.8984,1,Urban Heat Island Risk,0.0,2,7.199013143310555
2025-02-16,35.6,33.0,0.0,Chembur,19.0622,72.8984,1,Urban Heat Island Risk,0.0,2,11.940361346243098
2025-02-17,34.7,42.0,0.0,Chembur,19.0622,72.8984,1,Urban Heat Island Risk,0.0,2,21.843844957117387
2025-02-18,35.3,37.0,0.0,Chembur,19.0622,72.8984,1,Urban Heat Island Risk,0.0,2,15.808425225843958
2025-02-19,33.9,36.0,0.0,Chembur,19.0622,72.8984,1,Urban Heat Island Risk,0.0,2,22.47495904591275
2025-02-20,35.2,37.0,0.0,Chembur,19.0622,72.8984,1,Urban Heat Island Risk,0.0,2,14.257255342846733
2025-02-21,37.2,30.0,0.0,Chembur,19.0622,72.8984,1,Urban Heat Island Risk,0.0,2,5.0
2025-02-22,35.4,32.0,0.0,Chembur,19.0622,72.8984,1,Urban Heat Island Risk,0.0,2,13.741597858979615
2025-02-23,36.2,32.0,0.0,Chembur,19.0622,72.8984,1,Urban Heat Island Risk,0.0,2,5.0
2025-02-24,37.3,31.0,0.0,Chembur,19.0622,72.8984,1,Urban Heat Island Risk,0.0,2,5.0
2025-02-25,38.0,32.0,0.0,Chembur,19.0622,72.8984,1,Urban Heat Island Risk,0.0,2,5.0
2025-02-26,37.7,44.0,0.0,Chembur,19.0622,72.8984,1,Urban Heat Island Risk,0.0,2,5.0
2025-02-27,36.3,42.0,0.0,Chembur,19.0622,72.8984,1,Urban Heat Island Risk,0.0,2,5.230093625892143
2025-02-28,33.9,49.0,0.0,Chembur,19.0622,72.8984,1,Urban Heat Island Risk,0.0,2,33.93024144724765
2025-03-01,34.2,40.0,0.0,Chembur,19.0622,72.8984,1,Urban Heat Island Risk,0.0,3,14.80052808124144
2025-03-02,36.7,34.0,0.0,Chembur,19.0622,72.8984,1,Urban Heat Island Risk,0.0,3,7.978802168692056
2025-03-03,36.7,37.0,0.0,Chembur,19.0622,72.8984,1,Urban Heat Island Risk,0.0,3,14.329098946615376
2025-03-04,36.3,37.0,0.0,Chembur,19.0622,72.8984,1,Urban Heat Island Risk,0.0,3,17.59679372818944
2025-03-05,37.3,30.0,0.0,Chembur,19.0622,72.8984,1,Urban Heat Island Risk,0.0,3,23.366819730762618
2025-03-06,35.5,30.0,0.0,Chembur,19.0622,72.8984,1,Urban Heat Island Risk,0.0,3,12.052738000306409
2025-03-07,37.4,30.0,0.0,Chembur,19.0622,72.8984,1,Urban Heat Island Risk,0.0,3,7.0878601298818005
2025-03-08,36.5,33.0,0.0,Chembur,19.0622,72.8984,1,Urban Heat Island Risk,0.0,3,19.084185057154905
2025-03-09,36.1,46.0,0.0,Chembur,19.0622,72.8984,1,Urban Heat Island Risk,0.0,3,8.097006470501745
2025-03-10,39.5,33.0,0.0,Chembur,19.0622,72.8984,1,Urban Heat Island Risk,0.0,3,12.819222792462575
2025-03-11,37.9,42.0,0.0,Chembur,19.0622,72.8984,1,Urban Heat Island Risk,0.0,3,13.71189757244503
2025-03-12,37.5,48.0,0.0,Chembur,19.0622,72.8984,1,Urban Heat Island Risk,0.0,3,14.65183273349946
2025-03-13,34.7,60.0,0.0,Chembur,19.0622,72.8984,1,Urban Heat Island Risk,0.0,3,18.445822285371676
2025-03-14,35.2,55.0,0.0,Chembur,19.0622,72.8984,1,Urban Heat Island Risk,0.0,3,11.581828588568062
2025-03-15,36.0,52.0,0.0,Chembur,19.0622,72.8984,1,Urban Heat Island Risk,0.0,3,13.631353739166197
2025-03-16,33.7,51.0,0.0,Chembur,19.0622,72.8984,1,Urban Heat Island Risk,0.0,3,14.928648235253057
2025-03-17,34.0,56.0,0.0,Chembur,19.0622,72.8984,1,Urban Heat Island Risk,0.0,3,15.74798978759394
2025-03-18,33.7,63.0,0.0,Chembur,19.0622,72.8984,1,Urban Heat Island Risk,0.0,3,15.489135873539613
2025-03-19,32.8,62.0,0.0,Chembur,19.0622,72.8984,1,Urban Heat Island Risk,0.0,3,17.1800288761129
2025-03-20,35.6,43.0,0.0,Chembur,19.0622,72.8984,1,Urban Heat Island Risk,0.0,3,19.219197548208687
2025-03-21,32.9,56.0,0.0,Chembur,19.0622,72.8984,1,Urban Heat Island Risk,0.0,3,16.96317057825484
2025-03-22,33.2,63.0,0.0,Chembur,19.0622,72.8984,1,Urban Heat Island Risk,0.0,3,17.267927617546093
2025-03-23,34.3,66.0,0.0,Chembur,19.0622,72.8984,1,Urban Heat Island Risk,0.0,3,7.088884166267611
2025-03-24,33.4,73.0,0.0,Chembur,19.0622,72.8984,1,Urban Heat Island Risk,0.0,3,15.251138495828402
2025-03-25,33.7,65.0,0.0,Chembur,19.0622,72.8984,1,Urban Heat Island Risk,0.0,3,17.397537740008044
2025-03-26,32.0,71.0,0.0,Chembur,19.0622,72.8984,1,Urban Heat Island Risk,0.0,3,18.64470597285225
2025-03-27,31.3,74.0,0.0,Chembur,19.0622,72.8984,1,Urban Heat Island Risk,0.0,3,11.538246128831029
2025-03-28,33.0,59.0,0.0,Chembur,19.0622,72.8984,1,Urban Heat Island Risk,0.0,3,11.704803625556774
2025-03-29,36.7,30.0,0.0,Chembur,19.0622,72.8984,1,Urban Heat Island Risk,0.0,3,12.129496623582009
2025-03-30,38.2,37.0,0.0,Chembur,19.0622,72.8984,1,Urban Heat Island Risk,0.0,3,17.682069499456716
2025-03-31,37.5,42.0,0.0,Chembur,19.0622,72.8984,1,Urban Heat Island Risk,0.0,3,20.16940527462104
2025-04-01,39.3,42.0,0.0,Chembur,19.0622,72.8984,1,Urban Heat Island Risk,0.0,4,12.962699463541991
2025-04-02,37.9,39.0,0.0,Chembur,19.0622,72.8984,1,Urban Heat Island Risk,0.0,4,19.539811568135246
2025-04-03,33.0,71.0,0.6,Chembur,19.0622,72.8984,1,Urban Heat Island Risk,0.6,4,15.617399045822971
2025-04-04,33.7,74.0,1.0,Chembur,19.0622,72.8984,1,Urban Heat Island Risk,1.6,4,14.37857111418782
2025-04-05,35.9,61.0,0.0,Chembur,19.0622,72.8984,1,Urban Heat Island Risk,1.6,4,13.943078850910155
2025-04-06,36.2,57.0,0.0,Chembur,19.0622,72.8984,1,Urban Heat Island Risk,1.6,4,18.733056823010784
2025-04-07,36.9,55.0,0.0,Chembur,19.0622,72.8984,1,Urban Heat Island Risk,1.6,4,16.62788908393535
2025-04-08,37.0,47.0,0.0,Chembur,19.0622,72.8984,1,Urban Heat Island Risk,1.6,4,26.37912713823819
2025-04-09,35.1,56.0,0.0,Chembur,19.0622,72.8984,1,Urban Heat Island Risk,1.6,4,10.738876785013378
2025-04-10,33.7,72.0,0.0,Chembur,19.0622,72.8984,1,Urban Heat Island Risk,1.6,4,17.590508510149878
2025-04-11,33.5,71.0,0.0,Chembur,19.0622,72.8984,1,Urban Heat Island Risk,1.6,4,12.353994950942436
2025-04-12,32.7,73.0,0.1,Chembur,19.0622,72.8984,1,Urban Heat Island Risk,1.7000000000000002,4,10.653565065056782
2025-04-13,33.2,73.0,0.0,Chembur,19.0622,72.8984,1,Urban Heat Island Risk,1.7000000000000002,4,14.94566431482514
2025-04-14,36.9,60.0,0.0,Chembur,19.0622,72.8984,1,Urban Heat Island Risk,1.7000000000000002,4,15.68676239703518
2025-04-15,35.6,60.0,0.0,Chembur,19.0622,72.8984,1,Urban Heat Island Risk,1.7000000000000002,4,29.590867775300463
2025-04-16,33.5,72.0,0.0,Chembur,19.0622,72.8984,1,Urban Heat Island Risk,1.7000000000000002,4,14.079270921583989
2025-04-17,32.9,76.0,0.0,Chembur,19.0622,72.8984,1,Urban Heat Island Risk,1.7000000000000002,4,9.349106352576584
2025-04-18,32.8,74.0,0.0,Chembur,19.0622,72.8984,1,Urban Heat Island Risk,1.7000000000000002,4,16.365053587471927
2025-04-19,33.2,73.0,0.0,Chembur,19.0622,72.8984,1,Urban Heat Island Risk,1.7000000000000002,4,5.0
2025-04-20,33.5,70.0,0.0,Chembur,19.0622,72.8984,1,Urban Heat Island Risk,1.7000000000000002,4,14.54021608697867
2025-04-21,33.2,72.0,0.0,Chembur,19.0622,72.8984,1,Urban Heat Island Risk,1.7000000000000002,4,15.080126411475803
2025-04-22,34.8,68.0,0.0,Chembur,19.0622,72.8984,1,Urban Heat Island Risk,1.7000000000000002,4,18.97300191472606
2025-04-23,35.3,70.0,0.0,Chembur,19.0622,72.8984,1,Urban Heat Island Risk,1.7000000000000002,4,19.868111247139232
2025-04-24,33.8,72.0,0.0,Chembur,19.0622,72.8984,1,Urban Heat Island Risk,1.1,4,12.482151905461413
2025-04-25,34.2,69.0,0.0,Chembur,19.0622,72.8984,1,Urban Heat Island Risk,0.10000000000000012,4,14.246929926850335
2025-04-26,33.7,69.0,0.0,Chembur,19.0622,72.8984,1,Urban Heat Island Risk,0.10000000000000012,4,11.169395846946646
2025-04-27,33.8,72.0,0.0,Chembur,19.0622,72.8984,1,Urban Heat Island Risk,0.10000000000000012,4,9.35968722596153
2025-04-28,33.3,73.0,0.0,Chembur,19.0622,72.8984,1,Urban Heat Island Risk,0.10000000000000012,4,16.549473896903173
2025-04-29,33.3,74.0,0.0,Chembur,19.0622,72.8984,1,Urban Heat Island Risk,0.10000000000000012,4,8.632072257017004
2025-04-30,33.5,73.0,0.0,Chembur,19.0622,72.8984,1,Urban Heat Island Risk,0.10000000000000012,4,12.926865497140685
2025-05-01,33.8,73.0,0.0,Chembur,19.0622,72.8984,1,Urban Heat Island Risk,0.10000000000000012,5,10.024130200503812
2025-05-02,35.0,66.0,0.0,Chembur,19.0622,72.8984,1,Urban Heat Island Risk,0.10000000000000012,5,17.748415931451298
2025-05-03,33.7,66.0,0.0,Chembur,19.0622,72.8984,1,Urban Heat Island Risk,0.0,5,24.00715049633244
2025-05-04,33.4,66.0,0.0,Chembur,19.0622,72.8984,1,Urban Heat Island Risk,0.0,5,8.492060085983343
2025-05-05,34.0,68.0,0.0,Chembur,19.0622,72.8984,1,Urban Heat Island Risk,0.0,5,5.734907585512154
2025-05-06,33.3,71.0,6.3,Chembur,19.0622,72.8984,1,Urban Heat Island Risk,6.3,5,14.375565573249663
2025-05-07,32.8,71.0,3.0,Chembur,19.0622,72.8984,1,Urban Heat Island Risk,9.3,5,15.078488979788792
2025-05-08,29.9,79.0,9.3,Chembur,19.0622,72.8984,1,Urban Heat Island Risk,18.6,5,16.09329653378649
2025-05-09,29.0,80.0,2.0,Chembur,19.0622,72.8984,1,Urban Heat Island Risk,20.6,5,12.768397423828276
2025-05-10,31.4,79.0,0.5,Chembur,19.0622,72.8984,1,Urban Heat Island Risk,21.1,5,13.99680350587284
2025-05-11,33.0,74.0,0.4,Chembur,19.0622,72.8984,1,Urban Heat Island Risk,21.5,5,16.83755205270301
2025-05-12,34.1,68.0,1.6,Chembur,19.0622,72.8984,1,Urban Heat Island Risk,23.1,5,20.202154463224193
2025-05-13,34.3,68.0,1.7,Chembur,19.0622,72.8984,1,Urban Heat Island Risk,24.8,5,5.224756148408586
2025-05-14,33.7,70.0,0.6,Chembur,19.0622,72.8984,1,Urban Heat Island Risk,25.400000000000002,5,13.15530280484269
2025-05-15,33.7,68.0,1.8,Chembur,19.0622,72.8984,1,Urban Heat Island Risk,27.200000000000003,5,16.069043969705316
2025-05-16,34.3,63.0,1.0,Chembur,19.0622,72.8984,1,Urban Heat Island Risk,28.200000000000003,5,10.41011947694632
2025-05-17,33.0,64.0,0.9,Chembur,19.0622,72.8984,1,Urban Heat Island Risk,29.1,5,23.6558481588365
2025-05-18,34.9,59.0,0.0,Chembur,19.0622,72.8984,1,Urban Heat Island Risk,29.1,5,11.822950598856314
2025-05-19,32.8,67.0,0.2,Chembur,19.0622,72.8984,1,Urban Heat Island Risk,29.3,5,14.793536564963587
2025-05-20,34.8,73.0,8.7,Chembur,19.0622,72.8984,1,Urban Heat Island Risk,38.0,5,17.780110484211455
2025-05-21,32.0,81.0,1.1,Chembur,19.0622,72.8984,1,Urban Heat Island Risk,39.1,5,12.043576055990528
2025-05-22,32.3,80.0,21.2,Chembur,19.0622,72.8984,1,Urban Heat Island Risk,60.3,5,5.767134760977914
2025-05-23,33.0,84.0,2.2,Chembur,19.0622,72.8984,1,Urban Heat Island Risk,62.5,5,12.856727365417333
2025-05-24,32.6,82.0,8.9,Chembur,19.0622,72.8984,1,Urban Heat Island Risk,71.4,5,20.1472027796352
2025-05-25,29.0,89.0,27.3,Chembur,19.0622,72.8984,1,Urban Heat Island Risk,98.7,5,13.315524366074307
2025-05-26,28.3,91.0,54.0,Chembur,19.0622,72.8984,1,Urban Heat Island Risk,152.7,5,10.767828492705107
2025-05-27,30.3,87.0,9.1,Chembur,19.0622,72.8984,1,Urban Heat Island Risk,155.5,5,19.628361047513607
2025-05-28,28.3,88.0,11.5,Chembur,19.0622,72.8984,1,Urban Heat Island Risk,164.0,5,13.346125519884737
2025-05-29,31.9,84.0,5.6,Chembur,19.0622,72.8984,1,Urban Heat Island Risk,160.3,5,12.449195931748914
2025-05-30,32.0,76.0,1.8,Chembur,19.0622,72.8984,1,Urban Heat Island Risk,160.1,5,15.747280448316548
2025-05-31,31.5,78.0,3.5,Chembur,19.0622,72.8984,1,Urban Heat Island Risk,163.1,5,18.853751048093937
2025-06-01,29.7,83.0,11.1,Chembur,19.0622,72.8984,1,Urban Heat Island Risk,173.8,6,26.90856765866273
2025-06-02,31.1,81.0,8.8,Chembur,19.0622,72.8984,1,Urban Heat Island Risk,181.0,6,19.136180538287114
2025-06-03,30.6,82.0,12.8,Chembur,19.0622,72.8984,1,Urban Heat Island Risk,192.1,6,20.79919983194172
2025-06-04,29.7,83.0,4.5,Chembur,19.0622,72.8984,1,Urban Heat Island Risk,196.0,6,12.470169005060724
2025-06-05,30.7,81.0,1.6,Chembur,19.0622,72.8984,1,Urban Heat Island Risk,195.8,6,9.870659470152619
2025-06-06,30.7,81.0,4.7,Chembur,19.0622,72.8984,1,Urban Heat Island Risk,199.5,6,15.311656748095615
2025-06-07,30.1,84.0,8.1,Chembur,19.0622,72.8984,1,Urban Heat Island Risk,206.70000000000002,6,15.53584957629798
2025-06-08,30.7,80.0,4.4,Chembur,19.0622,72.8984,1,Urban Heat Island Risk,211.10000000000002,6,9.607436293177013
2025-06-09,31.3,75.0,2.0,Chembur,19.0622,72.8984,1,Urban Heat Island Risk,212.89999999999998,6,14.123527350479936
2025-06-10,31.0,78.0,0.8,Chembur,19.0622,72.8984,1,Urban Heat Island Risk,205.0,6,16.996588008595655
2025-06-11,32.3,75.0,0.8,Chembur,19.0622,72.8984,1,Urban Heat Island Risk,204.70000000000002,6,16.8019669750904
2025-06-12,32.0,76.0,2.8,Chembur,19.0622,72.8984,1,Urban Heat Island Risk,186.29999999999998,6,17.521439266921362
2025-06-13,31.0,84.0,29.6,Chembur,19.0622,72.8984,1,Urban Heat Island Risk,213.7,6,16.454823650687214
2025-06-14,31.0,88.0,58.0,Chembur,19.0622,72.8984,1,Urban Heat Island Risk,262.8,6,12.46495670364972
2025-06-15,30.1,91.0,55.5,Chembur,19.0622,72.8984,1,Urban Heat Island Risk,291.0,6,12.430496866755785
2025-06-16,27.6,90.0,100.9,Chembur,19.0622,72.8984,1,Urban Heat Island Risk,337.9,6,9.00524301003062
2025-06-17,30.0,83.0,17.5,Chembur,19.0622,72.8984,1,Urban Heat Island Risk,346.3,6,23.923875195925476
2025-06-18,28.9,87.0,86.1,Chembur,19.0622,72.8984,1,Urban Heat Island Risk,420.90000000000003,6,15.067251823096464
2025-06-19,28.9,89.0,65.8,Chembur,19.0622,72.8984,1,Urban Heat Island Risk,481.1,6,13.87573472102574
2025-06-20,30.0,82.0,11.3,Chembur,19.0622,72.8984,1,Urban Heat Island Risk,490.59999999999997,6,10.356039592737705
2025-06-21,30.5,83.0,10.0,Chembur,19.0622,72.8984,1,Urban Heat Island Risk,497.09999999999997,6,29.67828951163889
2025-06-22,29.6,82.0,15.8,Chembur,19.0622,72.8984,1,Urban Heat Island Risk,501.8,6,9.633359838885521
2025-06-23,28.8,85.0,51.2,Chembur,19.0622,72.8984,1,Urban Heat Island Risk,544.2,6,12.855760371969634
2025-06-24,29.6,85.0,26.7,Chembur,19.0622,72.8984,1,Urban Heat Island Risk,558.1,6,17.079184181430303
2025-06-25,30.5,80.0,10.0,Chembur,19.0622,72.8984,1,Urban Heat Island Risk,563.6,6,18.00106482872139
2025-06-26,29.1,87.0,25.0,Chembur,19.0622,72.8984,1,Urban Heat Island Risk,587.0,6,19.789660276078422
2025-06-27,29.3,81.0,13.9,Chembur,19.0622,72.8984,1,Urban Heat Island Risk,596.1999999999999,6,24.038042538846316
2025-06-28,29.9,79.0,21.5,Chembur,19.0622,72.8984,1,Urban Heat Island Risk,609.5999999999999,6,17.53078827730356
2025-06-29,29.4,82.0,18.1,Chembur,19.0622,72.8984,1,Urban Heat Island Risk,623.3,6,9.719846000166662
2025-06-30,29.6,82.0,22.2,Chembur,19.0622,72.8984,1,Urban Heat Island Risk,643.5,6,13.715274374391093
2025-07-01,29.3,84.0,34.3,Chembur,19.0622,72.8984,1,Urban Heat Island Risk,677.0,7,16.539161862569426
2025-07-02,29.2,86.0,40.8,Chembur,19.0622,72.8984,1,Urban Heat Island Risk,717.0,7,25.34113020752912
2025-07-03,28.7,85.0,26.3,Chembur,19.0622,72.8984,1,Urban Heat Island Risk,740.5,7,8.010972607878514
2025-07-04,28.5,83.0,20.2,Chembur,19.0622,72.8984,1,Urban Heat Island Risk,731.1,7,21.012882526126138
2025-07-05,28.0,84.0,37.9,Chembur,19.0622,72.8984,1,Urban Heat Island Risk,711.0,7,15.899571847732084
2025-07-06,28.0,85.0,31.3,Chembur,19.0622,72.8984,1,Urban Heat Island Risk,686.8,7,19.189152676147405
2025-07-07,29.0,83.0,7.6,Chembur,19.0622,72.8984,1,Urban Heat Island Risk,593.5,7,14.49002641682034
2025-07-08,29.1,81.0,3.7,Chembur,19.0622,72.8984,1,Urban Heat Island Risk,579.7,7,10.787836849368368
2025-07-09,28.0,85.0,15.4,Chembur,19.0622,72.8984,1,Urban Heat Island Risk,509.0,7,18.75436389700666
2025-07-10,29.5,83.0,6.5,Chembur,19.0622,72.8984,1,Urban Heat Island Risk,449.70000000000005,7,18.272155135528106
2025-07-11,28.5,84.0,6.1,Chembur,19.0622,72.8984,1,Urban Heat Island Risk,444.5,7,19.86028482869861
2025-07-12,29.8,83.0,4.9,Chembur,19.0622,72.8984,1,Urban Heat Island Risk,439.40000000000003,7,14.933476823106824
2025-07-13,29.0,84.0,14.7,Chembur,19.0622,72.8984,1,Urban Heat Island Risk,438.3,7,12.000889883400752
2025-07-14,28.0,88.0,51.0,Chembur,19.0622,72.8984,1,Urban Heat Island Risk,438.1,7,7.206065024880792
2025-07-15,28.1,85.0,15.8,Chembur,19.0622,72.8984,1,Urban Heat Island Risk,427.2,7,19.096866340697034
2025-07-16,29.6,83.0,7.9,Chembur,19.0622,72.8984,1,Urban Heat Island Risk,425.09999999999997,7,17.11944741221993
2025-07-17,29.8,83.0,4.1,Chembur,19.0622,72.8984,1,Urban Heat Island Risk,404.2,7,10.171086835680203
2025-07-18,30.0,81.0,2.7,Chembur,19.0622,72.8984,1,Urban Heat Island Risk,393.0,7,12.307131633516878
2025-07-19,28.8,83.0,6.3,Chembur,19.0622,72.8984,1,Urban Heat Island Risk,377.8,7,12.666205940242797
2025-07-20,28.5,86.0,12.3,Chembur,19.0622,72.8984,1,Urban Heat Island Risk,371.99999999999994,7,7.5850778400879095
2025-07-21,28.5,87.0,17.7,Chembur,19.0622,72.8984,1,Urban Heat Island Risk,367.5,7,10.911588016974331
2025-07-22,28.5,86.0,18.4,Chembur,19.0622,72.8984,1,Urban Heat Island Risk,351.6,7,9.33084821596823
2025-07-23,28.5,85.0,18.6,Chembur,19.0622,72.8984,1,Urban Heat Island Risk,329.40000000000003,7,12.937604940560316
2025-07-24,27.9,85.0,14.9,Chembur,19.0622,72.8984,1,Urban Heat Island Risk,318.0,7,11.306512508352187
2025-07-25,27.6,87.0,40.3,Chembur,19.0622,72.8984,1,Urban Heat Island Risk,338.1,7,6.8649753956662565
2025-07-26,28.5,84.0,17.4,Chembur,19.0622,72.8984,1,Urban Heat Island Risk,317.59999999999997,7,25.11295115284741
2025-07-27,28.6,81.0,10.5,Chembur,19.0622,72.8984,1,Urban Heat Island Risk,296.8,7,21.262703655146154
2025-07-28,28.8,80.0,8.8,Chembur,19.0622,72.8984,1,Urban Heat Island Risk,298.0,7,11.104902892400073
2025-07-29,28.0,82.0,8.6,Chembur,19.0622,72.8984,1,Urban Heat Island Risk,302.90000000000003,7,16.36210698326805
2025-07-30,27.7,85.0,7.8,Chembur,19.0622,72.8984,1,Urban Heat Island Risk,295.29999999999995,7,17.087325449106476
2025-07-31,28.1,83.0,3.9,Chembur,19.0622,72.8984,1,Urban Heat Island Risk,292.7,7,20.955429273867384
2025-08-01,28.9,81.0,4.1,Chembur,19.0622,72.8984,1,Urban Heat Island Risk,290.7,8,10.906974866699606
2025-08-02,28.8,84.0,8.7,Chembur,19.0622,72.8984,1,Urban Heat Island Risk,294.5,8,20.46053391991213
2025-08-03,28.6,84.0,4.0,Chembur,19.0622,72.8984,1,Urban Heat Island Risk,283.79999999999995,8,12.260473478965324
2025-08-04,29.1,83.0,3.5,Chembur,19.0622,72.8984,1,Urban Heat Island Risk,236.29999999999998,8,8.320687979156933
2025-08-05,29.4,82.0,4.3,Chembur,19.0622,72.8984,1,Urban Heat Island Risk,224.8,8,18.62068279657249
2025-08-06,29.7,82.0,1.2,Chembur,19.0622,72.8984,1,Urban Heat Island Risk,218.1,8,21.453792120612142
2025-08-07,28.4,85.0,3.2,Chembur,19.0622,72.8984,1,Urban Heat Island Risk,217.2,8,27.939544867653424
2025-08-08,28.6,84.0,2.9,Chembur,19.0622,72.8984,1,Urban Heat Island Risk,217.39999999999998,8,9.001373674548933
2025-08-09,29.0,84.0,1.6,Chembur,19.0622,72.8984,1,Urban Heat Island Risk,212.7,8,18.494598425403943
2025-08-10,28.6,84.0,3.2,Chembur,19.0622,72.8984,1,Urban Heat Island Risk,203.6,8,12.950993781032334
2025-08-11,28.7,82.0,4.3,Chembur,19.0622,72.8984,1,Urban Heat Island Risk,190.2,8,18.916793552620156
2025-08-12,29.1,81.0,5.0,Chembur,19.0622,72.8984,1,Urban Heat Island Risk,176.79999999999998,8,7.647552243843747
2025-08-13,28.7,85.0,15.4,Chembur,19.0622,72.8984,1,Urban Heat Island Risk,173.6,8,8.68615112150718
2025-08-14,27.7,87.0,38.9,Chembur,19.0622,72.8984,1,Urban Heat Island Risk,197.6,8,11.12062588416758
2025-08-15,27.7,87.0,35.8,Chembur,19.0622,72.8984,1,Urban Heat Island Risk,193.10000000000002,8,15.394820228340423
2025-08-16,27.0,90.0,34.2,Chembur,19.0622,72.8984,1,Urban Heat Island Risk,209.9,8,11.794593667308224
2025-08-17,28.5,86.0,16.3,Chembur,19.0622,72.8984,1,Urban Heat Island Risk,215.70000000000002,8,18.295271719567097
2025-08-18,26.5,90.0,127.0,Chembur,19.0622,72.8984,1,Urban Heat Island Risk,333.9,8,20.13447309128957
2025-08-19,26.7,89.0,136.5,Chembur,19.0622,72.8984,1,Urban Heat Island Risk,461.79999999999995,8,17.997887706226777
2025-08-20,27.0,87.0,61.5,Chembur,19.0622,72.8984,1,Urban Heat Island Risk,515.5,8,23.09393819830434
2025-08-21,28.5,83.0,26.0,Chembur,19.0622,72.8984,1,Urban Heat Island Risk,537.5999999999999,8,17.079133147276714
2025-08-22,28.7,79.0,4.5,Chembur,19.0622,72.8984,1,Urban Heat Island Risk,538.0,8,8.915516448299165
2025-08-23,28.8,79.0,10.4,Chembur,19.0622,72.8984,1,Urban Heat Island Risk,539.7,8,21.8168825676917
2025-08-24,29.0,80.0,6.7,Chembur,19.0622,72.8984,1,Urban Heat Island Risk,542.4,8,11.974218821970013
2025-08-25,27.3,85.0,23.2,Chembur,19.0622,72.8984,1,Urban Heat Island Risk,562.1,8,19.55209249842785
2025-08-26,28.3,83.0,14.9,Chembur,19.0622,72.8984,1,Urban Heat Island Risk,572.6999999999999,8,22.86867108277553
2025-08-27,28.9,83.0,7.6,Chembur,19.0622,72.8984,1,Urban Heat Island Risk,579.1,8,17.283440053651997
2025-08-28,28.8,86.0,16.3,Chembur,19.0622,72.8984,1,Urban Heat Island Risk,592.1999999999999,8,7.519205934176751
2025-08-29,28.5,86.0,7.5,Chembur,19.0622,72.8984,1,Urban Heat Island Risk,596.8,8,10.408939167451042
2025-08-30,28.9,84.0,2.8,Chembur,19.0622,72.8984,1,Urban Heat Island Risk,598.0,8,21.613722334425677
2025-08-31,28.1,84.0,10.0,Chembur,19.0622,72.8984,1,Urban Heat Island Risk,604.8000000000001,8,14.154386571785919
2025-09-01,28.3,83.0,6.7,Chembur,19.0622,72.8984,1,Urban Heat Island Risk,607.1999999999999,9,15.39786767471083
2025-09-02,28.7,84.0,5.7,Chembur,19.0622,72.8984,1,Urban Heat Island Risk,607.9,9,18.794122080818045
2025-09-03,29.2,81.0,4.8,Chembur,19.0622,72.8984,1,Urban Heat Island Risk,597.3,9,18.481614310401618
2025-09-04,26.6,86.0,17.2,Chembur,19.0622,72.8984,1,Urban Heat Island Risk,575.6,9,16.393999061927303
2025-09-05,27.9,87.0,18.2,Chembur,19.0622,72.8984,1,Urban Heat Island Risk,558.0,9,13.956658143897672
2025-09-06,27.0,85.0,24.9,Chembur,19.0622,72.8984,1,Urban Heat Island Risk,548.7,9,13.436657771338213
2025-09-07,28.6,82.0,9.2,Chembur,19.0622,72.8984,1,Urban Heat Island Risk,541.5999999999999,9,19.289494126456717
2025-09-08,28.3,84.0,5.5,Chembur,19.0622,72.8984,1,Urban Heat Island Risk,420.1,9,17.767847655338965
2025-09-09,29.4,85.0,0.7,Chembur,19.0622,72.8984,1,Urban Heat Island Risk,284.3,9,13.713499996911052
2025-09-10,30.0,82.0,0.3,Chembur,19.0622,72.8984,1,Urban Heat Island Risk,223.1,9,20.410561564965704
2025-09-11,29.4,80.0,1.5,Chembur,19.0622,72.8984,1,Urban Heat Island Risk,198.6,9,14.354829424351081
2025-09-12,29.8,80.0,1.2,Chembur,19.0622,72.8984,1,Urban Heat Island Risk,195.3,9,10.741689128328034
2025-09-13,29.1,86.0,12.7,Chembur,19.0622,72.8984,1,Urban Heat Island Risk,197.6,9,11.205146505483276
2025-09-14,29.5,85.0,12.2,Chembur,19.0622,72.8984,1,Urban Heat Island Risk,203.1,9,10.10629581845117
2025-09-15,27.6,88.0,65.5,Chembur,19.0622,72.8984,1,Urban Heat Island Risk,245.39999999999998,9,13.637949916981563
2025-09-16,28.3,88.0,5.2,Chembur,19.0622,72.8984,1,Urban Heat Island Risk,235.7,9,21.168621391680965
2025-09-17,28.7,88.0,25.7,Chembur,19.0622,72.8984,1,Urban Heat Island Risk,253.79999999999998,9,10.974524094847457
2025-09-18,28.3,88.0,10.4,Chembur,19.0622,72.8984,1,Urban Heat Island Risk,247.9,9,15.942378805090515
2025-09-19,28.7,88.0,8.2,Chembur,19.0622,72.8984,1,Urban Heat Island Risk,248.6,9,11.716553271862935
2025-09-20,29.5,86.0,12.3,Chembur,19.0622,72.8984,1,Urban Heat Island Risk,258.09999999999997,9,13.698454793642812
2025-09-21,29.1,88.0,15.7,Chembur,19.0622,72.8984,1,Urban Heat Island Risk,263.79999999999995,9,7.449793940073739
2025-09-22,28.8,88.0,17.0,Chembur,19.0622,72.8984,1,Urban Heat Island Risk,274.1,9,13.897308854217313
2025-09-23,29.2,84.0,10.7,Chembur,19.0622,72.8984,1,Urban Heat Island Risk,279.1,9,14.03147310097519
2025-09-24,29.1,80.0,2.5,Chembur,19.0622,72.8984,1,Urban Heat Island Risk,276.8,9,17.701439720178477
2025-09-25,28.6,83.0,3.1,Chembur,19.0622,72.8984,1,Urban Heat Island Risk,262.7,9,16.116404566276852
2025-09-26,29.6,84.0,3.0,Chembur,19.0622,72.8984,1,Urban Heat Island Risk,247.5,9,9.008039375239774
2025-09-27,28.7,84.0,14.1,Chembur,19.0622,72.8984,1,Urban Heat Island Risk,236.7,9,20.420991220217715
2025-09-28,27.0,88.0,125.7,Chembur,19.0622,72.8984,1,Urban Heat Island Risk,353.2,9,16.05151520110998
2025-09-29,28.8,77.0,15.8,Chembur,19.0622,72.8984,1,Urban Heat Island Risk,363.5,9,15.991967585887434
2025-09-30,28.0,83.0,11.2,Chembur,19.0622,72.8984,1,Urban Heat Island Risk,374.0,9,14.954088233074305
2025-10-01,29.0,85.0,12.0,Chembur,19.0622,72.8984,1,Urban Heat Island Risk,385.7,10,46.4112127638889
2025-10-02,28.4,86.0,4.1,Chembur,19.0622,72.8984,1,Urban Heat Island Risk,388.3,10,53.48901169874364
2025-10-03,29.1,84.0,2.4,Chembur,19.0622,72.8984,1,Urban Heat Island Risk,389.5,10,50.81127551297624
2025-10-04,29.3,84.0,3.1,Chembur,19.0622,72.8984,1,Urban Heat Island Risk,379.90000000000003,10,38.565521543272226
2025-10-05,28.6,83.0,0.7,Chembur,19.0622,72.8984,1,Urban Heat Island Risk,368.4,10,48.57286247993618
2025-10-06,28.9,82.0,1.1,Chembur,19.0622,72.8984,1,Urban Heat Island Risk,303.99999999999994,10,48.29193181464873
2025-10-07,29.4,84.0,2.1,Chembur,19.0622,72.8984,1,Urban Heat Island Risk,300.9,10,48.01418636180473
2025-10-08,29.9,83.0,0.3,Chembur,19.0622,72.8984,1,Urban Heat Island Risk,275.5,10,49.866555029635634
2025-10-09,32.1,75.0,0.0,Chembur,19.0622,72.8984,1,Urban Heat Island Risk,265.1,10,27.574629260349415
2025-10-10,33.5,64.0,0.1,Chembur,19.0622,72.8984,1,Urban Heat Island Risk,257.0,10,21.01019076591079
2025-10-11,34.3,61.0,0.1,Chembur,19.0622,72.8984,1,Urban Heat Island Risk,244.79999999999998,10,16.403996113433934
2025-10-12,35.3,57.0,0.1,Chembur,19.0622,72.8984,1,Urban Heat Island Risk,229.2,10,9.292362049477308
2025-10-13,35.0,54.0,0.0,Chembur,19.0622,72.8984,1,Urban Heat Island Risk,212.2,10,13.264067524438687
2025-10-14,35.7,53.0,0.0,Chembur,19.0622,72.8984,1,Urban Heat Island Risk,201.5,10,14.887344433273173
2025-10-15,35.4,55.0,1.5,Chembur,19.0622,72.8984,1,Urban Heat Island Risk,200.5,10,7.4641558565116135
2025-10-16,35.5,67.0,6.2,Chembur,19.0622,72.8984,1,Urban Heat Island Risk,203.6,10,14.305738642431182
2025-10-17,36.5,61.0,0.1,Chembur,19.0622,72.8984,1,Urban Heat Island Risk,200.7,10,5.0
2025-10-18,36.2,57.0,1.1,Chembur,19.0622,72.8984,1,Urban Heat Island Risk,187.7,10,5.393310017788956
2025-10-19,35.7,59.0,0.5,Chembur,19.0622,72.8984,1,Urban Heat Island Risk,62.5,10,9.385886832243386
2025-10-20,35.5,58.0,0.2,Chembur,19.0622,72.8984,1,Urban Heat Island Risk,46.900000000000006,10,20.54096503123699
2025-10-21,34.8,60.0,5.9,Chembur,19.0622,72.8984,1,Urban Heat Island Risk,41.6,10,14.759321809569911
2025-10-22,34.4,72.0,4.8,Chembur,19.0622,72.8984,1,Urban Heat Island Risk,34.4,10,7.393782632745417
2025-10-23,35.0,69.0,6.1,Chembur,19.0622,72.8984,1,Urban Heat Island Risk,36.4,10,5.005555465693751
2025-10-24,33.5,70.0,8.7,Chembur,19.0622,72.8984,1,Urban Heat Island Risk,42.7,10,23.670147931733403
2025-10-25,30.6,82.0,13.8,Chembur,19.0622,72.8984,1,Urban Heat Island Risk,53.4,10,43.00218761228287
2025-10-26,27.3,90.0,34.3,Chembur,19.0622,72.8984,1,Urban Heat Island Risk,87.0,10,60.51061262146959
2025-10-27,30.9,86.0,13.3,Chembur,19.0622,72.8984,1,Urban Heat Island Risk,99.19999999999999,10,39.071183862338295
2025-10-28,32.2,75.0,0.4,Chembur,19.0622,72.8984,1,Urban Heat Island Risk,97.5,10,36.67796465419499
2025-10-29,31.4,77.0,0.1,Chembur,19.0622,72.8984,1,Urban Heat Island Risk,97.3,10,32.70204389631435
2025-10-30,29.1,81.0,11.5,Chembur,19.0622,72.8984,1,Urban Heat Island Risk,108.8,10,52.90788611346745
2025-10-31,29.6,81.0,8.6,Chembur,19.0622,72.8984,1,Urban Heat Island Risk,117.3,10,37.43992557486791
2025-11-01,28.9,86.0,3.1,Chembur,19.0622,72.8984,1,Urban Heat Island Risk,120.3,11,45.041927501976346
2025-11-02,28.1,87.0,4.2,Chembur,19.0622,72.8984,1,Urban Heat Island Risk,124.4,11,45.06479302534091
2025-11-03,29.1,86.0,2.5,Chembur,19.0622,72.8984,1,Urban Heat Island Risk,126.9,11,47.05910682998436
2025-11-04,28.6,85.0,1.6,Chembur,19.0622,72.8984,1,Urban Heat Island Risk,128.5,11,51.035360580334945
2025-11-05,29.0,80.0,0.1,Chembur,19.0622,72.8984,1,Urban Heat Island Risk,127.10000000000001,11,49.5705074611326
2025-11-06,29.6,80.0,0.6,Chembur,19.0622,72.8984,1,Urban Heat Island Risk,121.5,11,45.90941676443567
2025-11-07,31.9,72.0,0.0,Chembur,19.0622,72.8984,1,Urban Heat Island Risk,121.39999999999999,11,27.928900012608036
2025-11-08,33.8,56.0,0.0,Chembur,19.0622,72.8984,1,Urban Heat Island Risk,120.3,11,20.848795777933937
2025-11-09,31.9,55.0,0.0,Chembur,19.0622,72.8984,1,Urban Heat Island Risk,119.8,11,25.079433323637936
2025-11-10,32.7,56.0,0.0,Chembur,19.0622,72.8984,1,Urban Heat Island Risk,119.6,11,34.84947820899457
2025-11-11,32.5,57.0,0.0,Chembur,19.0622,72.8984,1,Urban Heat Island Risk,113.69999999999999,11,27.64853630217666
2025-11-12,33.3,44.0,0.0,Chembur,19.0622,72.8984,1,Urban Heat Island Risk,108.89999999999999,11,22.18890273811489
2025-11-13,33.8,44.0,0.0,Chembur,19.0622,72.8984,1,Urban Heat Island Risk,102.8,11,29.744701642220427
2025-11-14,33.6,47.0,0.0,Chembur,19.0622,72.8984,1,Urban Heat Island Risk,94.1,11,16.72210066558718
2025-11-15,33.7,45.0,0.0,Chembur,19.0622,72.8984,1,Urban Heat Island Risk,80.3,11,16.738731096506804
2025-11-16,33.6,41.0,0.0,Chembur,19.0622,72.8984,1,Urban Heat Island Risk,46.0,11,17.452231708990503
2025-11-17,32.9,42.0,0.0,Chembur,19.0622,72.8984,1,Urban Heat Island Risk,32.7,11,26.560643091502595
2025-11-18,32.7,43.0,0.0,Chembur,19.0622,72.8984,1,Urban Heat Island Risk,32.3,11,30.191491481521304
2025-11-19,33.3,43.0,0.0,Chembur,19.0622,72.8984,1,Urban Heat Island Risk,32.199999999999996,11,28.331710673922515
2025-11-20,33.4,47.0,0.0,Chembur,19.0622,72.8984,1,Urban Heat Island Risk,20.7,11,36.92664325414152
2025-11-21,34.3,49.0,0.0,Chembur,19.0622,72.8984,1,Urban Heat Island Risk,12.100000000000001,11,7.719504395662863
2025-11-22,33.7,53.0,0.0,Chembur,19.0622,72.8984,1,Urban Heat Island Risk,9.000000000000002,11,25.410344612288736
2025-11-23,33.2,59.0,0.0,Chembur,19.0622,72.8984,1,Urban Heat Island Risk,4.8,11,22.41434713713883
2025-11-24,33.3,62.0,0.0,Chembur,19.0622,72.8984,1,Urban Heat Island Risk,2.3,11,21.70125758888948
2025-11-25,33.5,64.0,0.0,Chembur,19.0622,72.8984,1,Urban Heat Island Risk,0.7,11,20.40113935873061
2025-11-26,33.1,65.0,0.0,Chembur,19.0622,72.8984,1,Urban Heat Island Risk,0.6,11,21.222818312626792
2025-11-27,34.2,60.0,0.0,Chembur,19.0622,72.8984,1,Urban Heat Island Risk,0.0,11,27.955957506350575
2025-11-28,33.7,57.0,0.0,Chembur,19.0622,72.8984,1,Urban Heat Island Risk,0.0,11,26.57815330173616
2025-11-29,33.4,47.0,0.0,Chembur,19.0622,72.8984,1,Urban Heat Island Risk,0.0,11,24.18264655945355
2025-11-30,32.5,47.0,0.0,Chembur,19.0622,72.8984,1,Urban Heat Island Risk,0.0,11,35.92174542910166
2025-12-01,33.0,47.0,0.0,Chembur,19.0622,72.8984,1,Urban Heat Island Risk,0.0,12,18.770688506838958
2025-12-02,32.7,52.0,0.0,Chembur,19.0622,72.8984,1,Urban Heat Island Risk,0.0,12,21.379807676678688
2025-12-03,33.8,47.0,0.0,Chembur,19.0622,72.8984,1,Urban Heat Island Risk,0.0,12,10.910161339026576
2025-12-04,34.2,45.0,0.0,Chembur,19.0622,72.8984,1,Urban Heat Island Risk,0.0,12,16.03626063271688
2025-12-05,34.6,46.0,0.0,Chembur,19.0622,72.8984,1,Urban Heat Island Risk,0.0,12,18.075159300190425
2025-12-06,33.5,47.0,0.0,Chembur,19.0622,72.8984,1,Urban Heat Island Risk,0.0,12,24.01429288966167
2025-12-07,34.0,44.0,0.0,Chembur,19.0622,72.8984,1,Urban Heat Island Risk,0.0,12,21.41337622196607
2025-12-08,34.2,48.0,0.0,Chembur,19.0622,72.8984,1,Urban Heat Island Risk,0.0,12,12.478049178002909
2025-12-09,33.6,32.0,0.0,Chembur,19.0622,72.8984,1,Urban Heat Island Risk,0.0,12,26.949107046403437
2025-12-10,33.7,32.0,0.0,Chembur,19.0622,72.8984,1,Urban Heat Island Risk,0.0,12,23.56480425786164
2025-12-11,33.5,34.0,0.0,Chembur,19.0622,72.8984,1,Urban Heat Island Risk,0.0,12,27.165271407329993
2025-12-12,32.8,40.0,0.0,Chembur,19.0622,72.8984,1,Urban Heat Island Risk,0.0,12,18.002855778716423
2025-12-13,33.5,44.0,0.0,Chembur,19.0622,72.8984,1,Urban Heat Island Risk,0.0,12,25.05745429398895
2025-12-14,32.9,41.0,0.0,Chembur,19.0622,72.8984,1,Urban Heat Island Risk,0.0,12,20.96117380041237
2025-12-15,33.0,40.0,0.0,Chembur,19.0622,72.8984,1,Urban Heat Island Risk,0.0,12,24.346717070576528
2025-12-16,33.3,40.0,0.0,Chembur,19.0622,72.8984,1,Urban Heat Island Risk,0.0,12,27.305157826515263
2025-12-17,33.6,45.0,0.0,Chembur,19.0622,72.8984,1,Urban Heat Island Risk,0.0,12,23.388801364612892
2025-12-18,33.6,43.0,0.0,Chembur,19.0622,72.8984,1,Urban Heat Island Risk,0.0,12,18.675633434436733
2025-12-19,33.7,40.0,0.0,Chembur,19.0622,72.8984,1,Urban Heat Island Risk,0.0,12,22.39803244758874
2025-12-20,33.6,37.0,0.0,Chembur,19.0622,72.8984,1,Urban Heat Island Risk,0.0,12,15.275656757115112
2025-12-21,32.9,37.0,0.0,Chembur,19.0622,72.8984,1,Urban Heat Island Risk,0.0,12,32.65133697949149
2025-12-22,32.1,38.0,0.0,Chembur,19.0622,72.8984,1,Urban Heat Island Risk,0.0,12,30.40691323585207
2025-12-23,32.8,43.0,0.0,Chembur,19.0622,72.8984,1,Urban Heat Island Risk,0.0,12,33.059416387943315
2025-12-24,32.7,42.0,0.0,Chembur,19.0622,72.8984,1,Urban Heat Island Risk,0.0,12,25.4006748978531
2025-12-25,32.0,46.0,0.0,Chembur,19.0622,72.8984,1,Urban Heat Island Risk,0.0,12,29.382120057967086
2025-12-26,31.8,46.0,0.0,Chembur,19.0622,72.8984,1,Urban Heat Island Risk,0.0,12,29.312399400144095
2025-12-27,32.5,46.0,0.0,Chembur,19.0622,72.8984,1,Urban Heat Island Risk,0.0,12,33.54753632513204
2025-12-28,32.0,46.0,0.0,Chembur,19.0622,72.8984,1,Urban Heat Island Risk,0.0,12,28.452844213357622
2025-12-29,31.7,48.0,0.0,Chembur,19.0622,72.8984,1,Urban Heat Island Risk,0.0,12,36.92297716207589
2025-12-30,29.9,61.0,0.0,Chembur,19.0622,72.8984,1,Urban Heat Island Risk,0.0,12,41.987738011653555
2025-12-31,29.3,70.0,0.0,Chembur,19.0622,72.8984,1,Urban Heat Island Risk,0.0,12,37.420183500541896
2021-01-21,28.0,70.0,0.0,Colaba,18.9067,72.8147,1,Urban Heat Island Risk,3.6,1,51.81509632773433
2021-01-22,28.8,80.0,0.0,Colaba,18.9067,72.8147,1,Urban Heat Island Risk,3.6,1,44.23779226151908
2021-01-23,29.8,73.0,0.0,Colaba,18.9067,72.8147,1,Urban Heat Island Risk,3.6,1,44.636180285078346
2021-01-24,28.599999999999998,67.0,0.0,Colaba,18.9067,72.8147,1,Urban Heat Island Risk,3.6,1,45.31462798829423
2021-01-25,28.2,69.0,0.0,Colaba,18.9067,72.8147,1,Urban Heat Island Risk,3.6,1,58.16320883690642
2021-01-26,27.2,75.0,0.0,Colaba,18.9067,72.8147,1,Urban Heat Island Risk,3.2,1,58.744620698234876
2021-01-27,26.3,76.0,0.0,Colaba,18.9067,72.8147,1,Urban Heat Island Risk,3.2,1,63.412020026206285
2021-01-28,26.7,76.0,0.0,Colaba,18.9067,72.8147,1,Urban Heat Island Risk,3.0,1,65.31279402227125
2021-01-29,27.4,68.0,0.0,Colaba,18.9067,72.8147,1,Urban Heat Island Risk,0.2,1,62.88620133704599
2021-01-30,29.2,68.0,0.0,Colaba,18.9067,72.8147,1,Urban Heat Island Risk,0.0,1,47.76617290781841
2021-01-31,30.099999999999998,67.0,0.0,Colaba,18.9067,72.8147,1,Urban Heat Island Risk,0.0,1,38.910665168920225
2021-02-01,31.8,58.0,0.0,Colaba,18.9067,72.8147,1,Urban Heat Island Risk,0.0,2,24.26348525277268
2021-02-02,32.1,52.0,0.0,Colaba,18.9067,72.8147,1,Urban Heat Island Risk,0.0,2,28.003084548157425
2021-02-03,30.4,58.0,0.0,Colaba,18.9067,72.8147,1,Urban Heat Island Risk,0.0,2,37.98060543342687
2021-02-04,29.4,65.0,0.0,Colaba,18.9067,72.8147,1,Urban Heat Island Risk,0.0,2,47.268620598294824
2021-02-05,29.099999999999998,58.0,0.0,Colaba,18.9067,72.8147,1,Urban Heat Island Risk,0.0,2,46.70759892764321
2021-02-06,30.599999999999998,50.0,0.0,Colaba,18.9067,72.8147,1,Urban Heat Island Risk,0.0,2,43.37299819359048
2021-02-07,31.999999999999996,44.0,0.0,Colaba,18.9067,72.8147,1,Urban Heat Island Risk,0.0,2,28.935083643646575
2021-02-08,31.900000000000002,46.0,0.0,Colaba,18.9067,72.8147,1,Urban Heat Island Risk,0.0,2,32.28146083240195
2021-02-09,31.900000000000002,54.0,0.0,Colaba,18.9067,72.8147,1,Urban Heat Island Risk,0.0,2,38.4866038826511
2021-02-10,30.099999999999998,62.0,0.0,Colaba,18.9067,72.8147,1,Urban Heat Island Risk,0.0,2,44.47579273644151
2021-02-11,31.400000000000002,60.0,0.0,Colaba,18.9067,72.8147,1,Urban Heat Island Risk,0.0,2,35.09981229155717
2021-02-12,29.5,66.0,0.0,Colaba,18.9067,72.8147,1,Urban Heat Island Risk,0.0,2,43.156944456990786
2021-02-13,29.5,71.0,0.0,Colaba,18.9067,72.8147,1,Urban Heat Island Risk,0.0,2,43.000509683091785
2021-02-14,29.3,75.0,0.0,Colaba,18.9067,72.8147,1,Urban Heat Island Risk,0.0,2,43.04693373524026
2021-02-15,27.8,77.0,0.0,Colaba,18.9067,72.8147,1,Urban Heat Island Risk,0.0,2,53.09496567108549
2021-02-16,27.0,84.0,0.0,Colaba,18.9067,72.8147,1,Urban Heat Island Risk,0.0,2,64.1116625270549
2021-02-17,28.0,81.0,0.0,Colaba,18.9067,72.8147,1,Urban Heat Island Risk,0.0,2,53.55722531020532
2021-02-18,30.599999999999998,71.0,1.0,Colaba,18.9067,72.8147,1,Urban Heat Island Risk,1.0,2,33.18446798642719
2021-02-19,31.2,67.0,0.1,Colaba,18.9067,72.8147,1,Urban Heat Island Risk,1.1,2,45.374179798632255
2021-02-20,31.499999999999996,60.0,0.0,Colaba,18.9067,72.8147,1,Urban Heat Island Risk,1.1,2,36.43315928905917
2021-02-21,33.2,50.0,0.0,Colaba,18.9067,72.8147,1,Urban Heat Island Risk,1.1,2,18.16528299743414
2021-02-22,32.300000000000004,62.0,0.0,Colaba,18.9067,72.8147,1,Urban Heat Island Risk,1.1,2,28.090755363795857
2021-02-23,30.9,66.0,0.0,Colaba,18.9067,72.8147,1,Urban Heat Island Risk,1.1,2,38.787765247475434
2021-02-24,32.2,65.0,0.0,Colaba,18.9067,72.8147,1,Urban Heat Island Risk,1.1,2,39.38962713315354
2021-02-25,32.2,59.0,0.0,Colaba,18.9067,72.8147,1,Urban Heat Island Risk,1.1,2,25.326104375372307
2021-02-26,29.5,71.0,0.0,Colaba,18.9067,72.8147,1,Urban Heat Island Risk,1.1,2,51.04687026344641
2021-02-27,30.4,74.0,0.0,Colaba,18.9067,72.8147,1,Urban Heat Island Risk,1.1,2,48.064098801528395
2021-02-28,33.5,61.0,0.0,Colaba,18.9067,72.8147,1,Urban Heat Island Risk,1.1,2,20.35672847462715
2021-03-01,34.300000000000004,54.0,0.0,Colaba,18.9067,72.8147,1,Urban Heat Island Risk,1.1,3,13.612431905698832
2021-03-02,33.6,49.0,0.0,Colaba,18.9067,72.8147,1,Urban Heat Island Risk,1.1,3,9.81845376313115
2021-03-03,35.400000000000006,45.0,0.0,Colaba,18.9067,72.8147,1,Urban Heat Island Risk,1.1,3,13.982694294598476
2021-03-04,35.5,41.0,0.0,Colaba,18.9067,72.8147,1,Urban Heat Island Risk,1.1,3,14.817050128285345
2021-03-05,35.800000000000004,48.0,0.0,Colaba,18.9067,72.8147,1,Urban Heat Island Risk,1.1,3,18.298249990411854
2021-03-06,30.599999999999998,83.0,0.0,Colaba,18.9067,72.8147,1,Urban Heat Island Risk,1.1,3,20.450917355102234
2021-03-07,31.999999999999996,72.0,0.0,Colaba,18.9067,72.8147,1,Urban Heat Island Risk,1.1,3,11.259519676891765
2021-03-08,31.499999999999996,69.0,0.0,Colaba,18.9067,72.8147,1,Urban Heat Island Risk,1.1,3,5.163374678870028
2021-03-09,34.0,62.0,0.0,Colaba,18.9067,72.8147,1,Urban Heat Island Risk,1.1,3,14.893776103618789
2021-03-10,31.900000000000002,67.0,0.0,Colaba,18.9067,72.8147,1,Urban Heat Island Risk,1.1,3,16.467687649843203
2021-03-11,30.2,76.0,0.0,Colaba,18.9067,72.8147,1,Urban Heat Island Risk,0.1,3,16.24708843842521
2021-03-12,31.900000000000002,69.0,0.0,Colaba,18.9067,72.8147,1,Urban Heat Island Risk,0.0,3,13.36663376245478
2021-03-13,34.900000000000006,53.0,0.0,Colaba,18.9067,72.8147,1,Urban Heat Island Risk,0.0,3,15.623760498319673
2021-03-14,33.800000000000004,51.0,0.0,Colaba,18.9067,72.8147,1,Urban Heat Island Risk,0.0,3,22.577224041761237
2021-03-15,33.800000000000004,51.0,0.0,Colaba,18.9067,72.8147,1,Urban Heat Island Risk,0.0,3,16.908670844812548
2021-03-16,33.0,58.0,0.0,Colaba,18.9067,72.8147,1,Urban Heat Island Risk,0.0,3,13.133157874984578
2021-03-17,33.900000000000006,58.0,0.0,Colaba,18.9067,72.8147,1,Urban Heat Island Risk,0.0,3,12.49901091452002
2021-03-18,31.7,64.0,0.0,Colaba,18.9067,72.8147,1,Urban Heat Island Risk,0.0,3,14.150738211611348
2021-03-19,31.400000000000002,70.0,0.0,Colaba,18.9067,72.8147,1,Urban Heat Island Risk,0.0,3,23.183699809153197
2021-03-20,30.3,80.0,0.0,Colaba,18.9067,72.8147,1,Urban Heat Island Risk,0.0,3,14.083496452369014
2021-03-21,31.2,79.0,0.0,Colaba,18.9067,72.8147,1,Urban Heat Island Risk,0.0,3,14.90102827739646
2021-03-22,33.0,75.0,0.0,Colaba,18.9067,72.8147,1,Urban Heat Island Risk,0.0,3,12.588432145318485
2021-03-23,33.0,57.0,0.0,Colaba,18.9067,72.8147,1,Urban Heat Island Risk,0.0,3,20.494916787209824
2021-03-24,34.7,54.0,0.0,Colaba,18.9067,72.8147,1,Urban Heat Island Risk,0.0,3,24.799186273723375
2021-03-25,37.400000000000006,37.0,0.0,Colaba,18.9067,72.8147,1,Urban Heat Island Risk,0.0,3,17.25306524715694
2021-03-26,35.7,36.0,0.0,Colaba,18.9067,72.8147,1,Urban Heat Island Risk,0.0,3,15.413864518927129
2021-03-27,37.800000000000004,37.0,0.0,Colaba,18.9067,72.8147,1,Urban Heat Island Risk,0.0,3,15.183914165871174
2021-03-28,32.900000000000006,64.0,0.0,Colaba,18.9067,72.8147,1,Urban Heat Island Risk,0.0,3,5.0
2021-03-29,31.7,83.0,0.0,Colaba,18.9067,72.8147,1,Urban Heat Island Risk,0.0,3,18.725754321424088
2021-03-30,30.599999999999998,83.0,0.0,Colaba,18.9067,72.8147,1,Urban Heat Island Risk,0.0,3,15.670832079979217
2021-03-31,30.099999999999998,86.0,0.0,Colaba,18.9067,72.8147,1,Urban Heat Island Risk,0.0,3,17.141710253303625
2021-04-01,30.8,83.0,0.0,Colaba,18.9067,72.8147,1,Urban Heat Island Risk,0.0,4,11.442689029581476
2021-04-02,30.2,81.0,0.1,Colaba,18.9067,72.8147,1,Urban Heat Island Risk,0.1,4,13.077715605114541
2021-04-03,29.599999999999998,80.0,0.0,Colaba,18.9067,72.8147,1,Urban Heat Island Risk,0.1,4,12.944875317484135
2021-04-04,30.2,81.0,0.0,Colaba,18.9067,72.8147,1,Urban Heat Island Risk,0.1,4,20.108114920365196
2021-04-05,30.9,85.0,0.0,Colaba,18.9067,72.8147,1,Urban Heat Island Risk,0.1,4,13.106200816984533
2021-04-06,33.1,71.0,0.0,Colaba,18.9067,72.8147,1,Urban Heat Island Risk,0.1,4,25.413301610548988
2021-04-07,32.5,75.0,0.0,Colaba,18.9067,72.8147,1,Urban Heat Island Risk,0.1,4,17.154312095075188
2021-04-08,30.7,85.0,0.0,Colaba,18.9067,72.8147,1,Urban Heat Island Risk,0.1,4,8.621586700021343
2021-04-09,31.2,82.0,0.0,Colaba,18.9067,72.8147,1,Urban Heat Island Risk,0.1,4,14.357268533740216
2021-04-10,31.499999999999996,82.0,0.0,Colaba,18.9067,72.8147,1,Urban Heat Island Risk,0.1,4,11.741624389217922
2021-04-11,33.300000000000004,80.0,0.0,Colaba,18.9067,72.8147,1,Urban Heat Island Risk,0.1,4,5.0
2021-04-12,32.5,79.0,0.0,Colaba,18.9067,72.8147,1,Urban Heat Island Risk,0.1,4,22.99735470056895
2021-04-13,35.300000000000004,72.0,0.0,Colaba,18.9067,72.8147,1,Urban Heat Island Risk,0.1,4,18.51571271110002
2021-04-14,34.5,73.0,0.0,Colaba,18.9067,72.8147,1,Urban Heat Island Risk,0.1,4,17.666036589496564
2021-04-15,33.2,80.0,0.0,Colaba,18.9067,72.8147,1,Urban Heat Island Risk,0.1,4,15.827018301498521
2021-04-16,31.2,81.0,0.0,Colaba,18.9067,72.8147,1,Urban Heat Island Risk,0.1,4,8.089912156537812
2021-04-17,31.499999999999996,84.0,0.0,Colaba,18.9067,72.8147,1,Urban Heat Island Risk,0.1,4,12.581914302222817
2021-04-18,33.400000000000006,81.0,0.0,Colaba,18.9067,72.8147,1,Urban Heat Island Risk,0.1,4,19.208903873920065
2021-04-19,31.8,83.0,0.0,Colaba,18.9067,72.8147,1,Urban Heat Island Risk,0.1,4,9.743899851087487
2021-04-20,31.2,83.0,0.0,Colaba,18.9067,72.8147,1,Urban Heat Island Risk,0.1,4,5.0
2021-04-21,31.2,82.0,0.0,Colaba,18.9067,72.8147,1,Urban Heat Island Risk,0.1,4,13.86446996109537
2021-04-22,31.999999999999996,82.0,0.0,Colaba,18.9067,72.8147,1,Urban Heat Island Risk,0.1,4,14.291212229862307
2021-04-23,32.5,77.0,0.0,Colaba,18.9067,72.8147,1,Urban Heat Island Risk,0.0,4,15.677817082073545
2021-04-24,31.400000000000002,82.0,0.0,Colaba,18.9067,72.8147,1,Urban Heat Island Risk,0.0,4,18.64259321757268
2021-04-25,32.800000000000004,83.0,0.0,Colaba,18.9067,72.8147,1,Urban Heat Island Risk,0.0,4,18.188029061156044
2021-04-26,32.6,84.0,0.0,Colaba,18.9067,72.8147,1,Urban Heat Island Risk,0.0,4,16.293849026219608
2021-04-27,32.900000000000006,80.0,0.0,Colaba,18.9067,72.8147,1,Urban Heat Island Risk,0.0,4,20.977656940433548
2021-04-28,33.400000000000006,80.0,0.0,Colaba,18.9067,72.8147,1,Urban Heat Island Risk,0.0,4,7.405151095933427
2021-04-29,33.2,84.0,0.0,Colaba,18.9067,72.8147,1,Urban Heat Island Risk,0.0,4,17.522909072386952
2021-04-30,31.599999999999998,84.0,0.0,Colaba,18.9067,72.8147,1,Urban Heat Island Risk,0.0,4,18.132691816684712
2021-05-01,33.400000000000006,79.0,0.0,Colaba,18.9067,72.8147,1,Urban Heat Island Risk,0.0,5,8.802188569598801
2021-05-02,32.800000000000004,82.0,0.0,Colaba,18.9067,72.8147,1,Urban Heat Island Risk,0.0,5,7.485646956588053
2021-05-03,33.5,80.0,0.0,Colaba,18.9067,72.8147,1,Urban Heat Island Risk,0.0,5,11.270289367621993
2021-05-04,32.800000000000004,78.0,0.0,Colaba,18.9067,72.8147,1,Urban Heat Island Risk,0.0,5,11.69229278742354
2021-05-05,32.5,80.0,0.0,Colaba,18.9067,72.8147,1,Urban Heat Island Risk,0.0,5,18.767097317512153
2021-05-06,31.999999999999996,84.0,0.0,Colaba,18.9067,72.8147,1,Urban Heat Island Risk,0.0,5,11.927306081544526
2021-05-07,32.1,83.0,0.0,Colaba,18.9067,72.8147,1,Urban Heat Island Risk,0.0,5,10.718257408593981
2021-05-08,32.5,83.0,0.0,Colaba,18.9067,72.8147,1,Urban Heat Island Risk,0.0,5,11.941831316527205
2021-05-09,32.1,82.0,0.0,Colaba,18.9067,72.8147,1,Urban Heat Island Risk,0.0,5,20.59316167077106
2021-05-10,32.400000000000006,78.0,0.0,Colaba,18.9067,72.8147,1,Urban Heat Island Risk,0.0,5,15.065216871884761
2021-05-11,31.900000000000002,78.0,0.0,Colaba,18.9067,72.8147,1,Urban Heat Island Risk,0.0,5,14.10374487321544
2021-05-12,31.7,74.0,0.0,Colaba,18.9067,72.8147,1,Urban Heat Island Risk,0.0,5,14.449972506494742
2021-05-13,31.2,71.0,0.0,Colaba,18.9067,72.8147,1,Urban Heat Island Risk,0.0,5,21.460301671632614
2021-05-14,32.400000000000006,78.0,0.0,Colaba,18.9067,72.8147,1,Urban Heat Island Risk,0.0,5,11.254141366983792
2021-05-15,34.400000000000006,70.0,0.0,Colaba,18.9067,72.8147,1,Urban Heat Island Risk,0.0,5,21.57754145470052
2021-05-16,35.400000000000006,67.0,7.0,Colaba,18.9067,72.8147,1,Urban Heat Island Risk,7.0,5,16.05248149460752
2021-05-17,26.7,93.0,199.9,Colaba,18.9067,72.8147,1,Urban Heat Island Risk,206.9,5,14.197903090123262
2021-05-18,27.8,93.0,22.6,Colaba,18.9067,72.8147,1,Urban Heat Island Risk,229.5,5,27.50450248967141
2021-05-19,28.3,93.0,15.2,Colaba,18.9067,72.8147,1,Urban Heat Island Risk,244.70000000000002,5,9.721802551007018
2021-05-20,29.8,88.0,1.0,Colaba,18.9067,72.8147,1,Urban Heat Island Risk,245.70000000000002,5,13.23157120216497
2021-05-21,29.9,87.0,0.3,Colaba,18.9067,72.8147,1,Urban Heat Island Risk,246.0,5,8.837843804179998
2021-05-22,29.7,83.0,1.2,Colaba,18.9067,72.8147,1,Urban Heat Island Risk,247.20000000000002,5,19.762309852680847
2021-05-23,30.0,84.0,1.6,Colaba,18.9067,72.8147,1,Urban Heat Island Risk,248.8,5,23.445944668258395
2021-05-24,30.099999999999998,86.0,1.8,Colaba,18.9067,72.8147,1,Urban Heat Island Risk,250.6,5,23.349613907023194
2021-05-25,30.099999999999998,83.0,1.7,Colaba,18.9067,72.8147,1,Urban Heat Island Risk,252.3,5,21.11974376573002
2021-05-26,30.2,76.0,0.0,Colaba,18.9067,72.8147,1,Urban Heat Island Risk,252.3,5,14.011897661020171
2021-05-27,30.7,77.0,4.8,Colaba,18.9067,72.8147,1,Urban Heat Island Risk,257.1,5,13.173795112550767
2021-05-28,30.2,84.0,3.6,Colaba,18.9067,72.8147,1,Urban Heat Island Risk,260.7,5,6.644151137529676
2021-05-29,30.099999999999998,87.0,2.8,Colaba,18.9067,72.8147,1,Urban Heat Island Risk,263.5,5,25.179367675908964
2021-05-30,29.9,87.0,3.3,Colaba,18.9067,72.8147,1,Urban Heat Island Risk,266.8,5,17.34489039074234
2021-05-31,29.5,90.0,3.5,Colaba,18.9067,72.8147,1,Urban Heat Island Risk,270.3,5,12.540215475652584
2021-06-01,29.7,91.0,7.4,Colaba,18.9067,72.8147,1,Urban Heat Island Risk,277.7,6,21.64028444493484
2021-06-02,29.0,91.0,11.1,Colaba,18.9067,72.8147,1,Urban Heat Island Risk,288.8,6,10.136177416199995
2021-06-03,30.0,89.0,1.3,Colaba,18.9067,72.8147,1,Urban Heat Island Risk,290.1,6,17.03311017111337
2021-06-04,30.2,89.0,5.2,Colaba,18.9067,72.8147,1,Urban Heat Island Risk,295.3,6,14.136854328545827
2021-06-05,28.3,91.0,7.7,Colaba,18.9067,72.8147,1,Urban Heat Island Risk,303.0,6,18.193385699401503
2021-06-06,28.599999999999998,89.0,9.7,Colaba,18.9067,72.8147,1,Urban Heat Island Risk,305.7,6,14.682132304069393
2021-06-07,28.4,92.0,10.5,Colaba,18.9067,72.8147,1,Urban Heat Island Risk,116.3,6,7.745360544443879
2021-06-08,27.599999999999998,96.0,25.1,Colaba,18.9067,72.8147,1,Urban Heat Island Risk,118.8,6,15.37788186335019
2021-06-09,27.4,95.0,24.0,Colaba,18.9067,72.8147,1,Urban Heat Island Risk,127.60000000000001,6,20.24432070937681
2021-06-10,27.2,94.0,24.0,Colaba,18.9067,72.8147,1,Urban Heat Island Risk,150.6,6,14.853917970730073
2021-06-11,27.4,94.0,19.6,Colaba,18.9067,72.8147,1,Urban Heat Island Risk,169.9,6,18.87557560794543
2021-06-12,27.8,95.0,15.7,Colaba,18.9067,72.8147,1,Urban Heat Island Risk,184.4,6,9.772352571629735
2021-06-13,28.099999999999998,94.0,9.6,Colaba,18.9067,72.8147,1,Urban Heat Island Risk,192.4,6,14.868696033650739
2021-06-14,28.2,95.0,5.2,Colaba,18.9067,72.8147,1,Urban Heat Island Risk,195.8,6,11.877447724557113
2021-06-15,27.4,94.0,9.2,Colaba,18.9067,72.8147,1,Urban Heat Island Risk,203.3,6,18.734904200523548
2021-06-16,26.4,96.0,13.7,Colaba,18.9067,72.8147,1,Urban Heat Island Risk,217.0,6,15.157457811309978
2021-06-17,26.5,95.0,18.5,Colaba,18.9067,72.8147,1,Urban Heat Island Risk,230.7,6,18.450368381683063
2021-06-18,26.5,95.0,15.9,Colaba,18.9067,72.8147,1,Urban Heat Island Risk,243.0,6,20.43855213078933
2021-06-19,26.099999999999998,95.0,18.5,Colaba,18.9067,72.8147,1,Urban Heat Island Risk,258.7,6,18.45809287560694
2021-06-20,28.099999999999998,93.0,10.3,Colaba,18.9067,72.8147,1,Urban Heat Island Risk,265.7,6,16.365592171468222
2021-06-21,28.3,90.0,5.6,Colaba,18.9067,72.8147,1,Urban Heat Island Risk,267.8,6,10.008938707442974
2021-06-22,27.8,91.0,5.9,Colaba,18.9067,72.8147,1,Urban Heat Island Risk,266.29999999999995,6,14.986069446665494
2021-06-23,27.3,94.0,5.6,Colaba,18.9067,72.8147,1,Urban Heat Island Risk,260.8,6,12.334547989920834
2021-06-24,26.7,95.0,8.7,Colaba,18.9067,72.8147,1,Urban Heat Island Risk,268.2,6,13.279680216478868
2021-06-25,25.9,97.0,36.7,Colaba,18.9067,72.8147,1,Urban Heat Island Risk,299.70000000000005,6,13.127329246248745
2021-06-26,28.599999999999998,87.0,3.5,Colaba,18.9067,72.8147,1,Urban Heat Island Risk,295.5,6,10.100372126088779
2021-06-27,27.7,90.0,9.3,Colaba,18.9067,72.8147,1,Urban Heat Island Risk,295.09999999999997,6,5.21330705433005
2021-06-28,26.599999999999998,95.0,19.2,Colaba,18.9067,72.8147,1,Urban Heat Island Risk,303.79999999999995,6,11.659284758361165
2021-06-29,28.4,93.0,3.0,Colaba,18.9067,72.8147,1,Urban Heat Island Risk,281.70000000000005,6,15.966897259620795
2021-06-30,28.099999999999998,94.0,4.8,Colaba,18.9067,72.8147,1,Urban Heat Island Risk,262.5,6,8.25911477286255
2021-07-01,29.0,85.0,2.9,Colaba,18.9067,72.8147,1,Urban Heat Island Risk,241.4,7,15.078411182358122
2021-07-02,29.099999999999998,86.0,1.8,Colaba,18.9067,72.8147,1,Urban Heat Island Risk,223.6,7,24.501342121554824
2021-07-03,28.7,90.0,1.8,Colaba,18.9067,72.8147,1,Urban Heat Island Risk,209.70000000000002,7,20.115282776261196
2021-07-04,28.3,91.0,2.3,Colaba,18.9067,72.8147,1,Urban Heat Island Risk,202.4,7,23.217707545602646
2021-07-05,28.3,92.0,1.2,Colaba,18.9067,72.8147,1,Urban Heat Island Risk,198.4,7,16.95563938466363
2021-07-06,28.8,91.0,1.0,Colaba,18.9067,72.8147,1,Urban Heat Island Risk,190.20000000000002,7,20.83754911493223
2021-07-07,28.8,89.0,2.2,Colaba,18.9067,72.8147,1,Urban Heat Island Risk,178.70000000000002,7,11.380176347661063
2021-07-08,28.3,93.0,8.9,Colaba,18.9067,72.8147,1,Urban Heat Island Risk,169.10000000000002,7,11.778298664890078
2021-07-09,28.3,91.0,4.1,Colaba,18.9067,72.8147,1,Urban Heat Island Risk,157.3,7,5.0
2021-07-10,26.0,97.0,85.5,Colaba,18.9067,72.8147,1,Urban Heat Island Risk,224.3,7,20.930727370211493
2021-07-11,28.0,93.0,13.7,Colaba,18.9067,72.8147,1,Urban Heat Island Risk,227.7,7,22.70161989909943
2021-07-12,27.5,96.0,41.0,Colaba,18.9067,72.8147,1,Urban Heat Island Risk,263.1,7,12.234113773263651
2021-07-13,27.3,96.0,34.6,Colaba,18.9067,72.8147,1,Urban Heat Island Risk,291.8,7,13.730241468013825
2021-07-14,26.5,96.0,34.9,Colaba,18.9067,72.8147,1,Urban Heat Island Risk,321.1,7,11.230689431545192
2021-07-15,27.2,93.0,22.4,Colaba,18.9067,72.8147,1,Urban Heat Island Risk,334.8,7,16.91326775738746
2021-07-16,27.599999999999998,96.0,31.8,Colaba,18.9067,72.8147,1,Urban Heat Island Risk,329.90000000000003,7,20.624662726516206
2021-07-17,26.8,95.0,40.6,Colaba,18.9067,72.8147,1,Urban Heat Island Risk,367.0,7,6.286140130594795
2021-07-18,27.4,95.0,32.9,Colaba,18.9067,72.8147,1,Urban Heat Island Risk,390.6,7,17.047192653211262
2021-07-19,26.599999999999998,97.0,55.2,Colaba,18.9067,72.8147,1,Urban Heat Island Risk,426.59999999999997,7,13.616641141404273
2021-07-20,26.7,96.0,29.1,Colaba,18.9067,72.8147,1,Urban Heat Island Risk,452.70000000000005,7,15.566971959833447
2021-07-21,26.4,95.0,36.7,Colaba,18.9067,72.8147,1,Urban Heat Island Risk,484.6,7,17.294970008371454
2021-07-22,26.4,93.0,18.5,Colaba,18.9067,72.8147,1,Urban Heat Island Risk,500.2,7,14.058987806135894
2021-07-23,26.0,95.0,28.2,Colaba,18.9067,72.8147,1,Urban Heat Island Risk,526.6,7,14.482065732971098
2021-07-24,27.0,93.0,13.1,Colaba,18.9067,72.8147,1,Urban Heat Island Risk,537.9,7,13.930624162226806
2021-07-25,27.5,95.0,15.3,Colaba,18.9067,72.8147,1,Urban Heat Island Risk,550.9,7,19.85158100894141
2021-07-26,27.7,93.0,12.5,Colaba,18.9067,72.8147,1,Urban Heat Island Risk,562.1999999999999,7,17.093799800637484
2021-07-27,27.2,91.0,8.4,Colaba,18.9067,72.8147,1,Urban Heat Island Risk,569.5999999999999,7,16.102917688686805
2021-07-28,27.5,88.0,12.4,Colaba,18.9067,72.8147,1,Urban Heat Island Risk,579.8000000000001,7,8.645241394538587
2021-07-29,28.0,89.0,11.3,Colaba,18.9067,72.8147,1,Urban Heat Island Risk,582.2,7,13.10710128393423
2021-07-30,27.3,88.0,8.4,Colaba,18.9067,72.8147,1,Urban Heat Island Risk,586.5,7,19.49334580169587
2021-07-31,27.8,87.0,2.7,Colaba,18.9067,72.8147,1,Urban Heat Island Risk,503.70000000000005,7,15.188482865619614
2021-08-01,27.4,86.0,3.1,Colaba,18.9067,72.8147,1,Urban Heat Island Risk,493.09999999999997,8,18.29765734794569
2021-08-02,27.2,89.0,4.7,Colaba,18.9067,72.8147,1,Urban Heat Island Risk,456.8,8,23.832559001638167
2021-08-03,26.4,94.0,9.8,Colaba,18.9067,72.8147,1,Urban Heat Island Risk,432.0,8,20.193030346044083
2021-08-04,26.599999999999998,92.0,5.6,Colaba,18.9067,72.8147,1,Urban Heat Island Risk,402.7,8,15.465791688498712
2021-08-05,27.599999999999998,91.0,5.9,Colaba,18.9067,72.8147,1,Urban Heat Island Risk,386.2,8,12.445054149021365
2021-08-06,27.3,91.0,3.9,Colaba,18.9067,72.8147,1,Urban Heat Island Risk,358.3,8,5.0
2021-08-07,27.3,93.0,4.0,Colaba,18.9067,72.8147,1,Urban Heat Island Risk,321.70000000000005,8,14.158075387635737
2021-08-08,27.099999999999998,95.0,3.0,Colaba,18.9067,72.8147,1,Urban Heat Island Risk,291.8,8,13.369937520915755
2021-08-09,27.3,92.0,4.2,Colaba,18.9067,72.8147,1,Urban Heat Island Risk,240.8,8,16.95183097197688
2021-08-10,27.0,93.0,4.2,Colaba,18.9067,72.8147,1,Urban Heat Island Risk,215.89999999999998,8,14.230473865126562
2021-08-11,27.2,92.0,5.5,Colaba,18.9067,72.8147,1,Urban Heat Island Risk,184.7,8,13.398074702816029
2021-08-12,27.2,91.0,3.9,Colaba,18.9067,72.8147,1,Urban Heat Island Risk,170.1,8,6.103005347463897
2021-08-13,27.099999999999998,91.0,3.7,Colaba,18.9067,72.8147,1,Urban Heat Island Risk,145.60000000000002,8,10.300160854249668
2021-08-14,26.2,94.0,9.1,Colaba,18.9067,72.8147,1,Urban Heat Island Risk,141.6,8,17.383255204002786
2021-08-15,26.3,95.0,6.7,Colaba,18.9067,72.8147,1,Urban Heat Island Risk,133.0,8,23.57953815566347
2021-08-16,26.8,94.0,3.9,Colaba,18.9067,72.8147,1,Urban Heat Island Risk,124.4,8,14.512373081271884
2021-08-17,25.8,96.0,13.7,Colaba,18.9067,72.8147,1,Urban Heat Island Risk,129.7,8,16.63905536787062
2021-08-18,25.5,98.0,21.8,Colaba,18.9067,72.8147,1,Urban Heat Island Risk,139.1,8,19.762390784764026
2021-08-19,24.9,98.0,33.4,Colaba,18.9067,72.8147,1,Urban Heat Island Risk,161.2,8,10.945530318998753
2021-08-20,26.3,93.0,26.8,Colaba,18.9067,72.8147,1,Urban Heat Island Risk,179.6,8,16.83407021642721
2021-08-21,25.0,97.0,71.7,Colaba,18.9067,72.8147,1,Urban Heat Island Risk,248.60000000000002,8,11.297549468339207
2021-08-22,26.599999999999998,94.0,3.1,Colaba,18.9067,72.8147,1,Urban Heat Island Risk,248.60000000000002,8,19.324122192455057
2021-08-23,27.7,93.0,2.3,Colaba,18.9067,72.8147,1,Urban Heat Island Risk,246.2,8,15.757015239758664
2021-08-24,27.599999999999998,95.0,1.4,Colaba,18.9067,72.8147,1,Urban Heat Island Risk,237.8,8,16.4922590699072
2021-08-25,27.099999999999998,93.0,1.6,Colaba,18.9067,72.8147,1,Urban Heat Island Risk,233.79999999999998,8,11.087007012907055
2021-08-26,27.0,92.0,3.4,Colaba,18.9067,72.8147,1,Urban Heat Island Risk,231.3,8,18.535161798053924
2021-08-27,27.2,94.0,2.1,Colaba,18.9067,72.8147,1,Urban Heat Island Risk,229.5,8,25.423564606155082
2021-08-28,27.0,92.0,0.6,Colaba,18.9067,72.8147,1,Urban Heat Island Risk,226.1,8,9.96044152285897
2021-08-29,27.4,92.0,1.4,Colaba,18.9067,72.8147,1,Urban Heat Island Risk,224.5,8,13.30120496176238
2021-08-30,26.3,93.0,6.0,Colaba,18.9067,72.8147,1,Urban Heat Island Risk,226.29999999999998,8,16.15803737084046
2021-08-31,25.8,96.0,49.1,Colaba,18.9067,72.8147,1,Urban Heat Island Risk,271.2,8,18.93203105997908
2021-09-01,26.599999999999998,96.0,17.2,Colaba,18.9067,72.8147,1,Urban Heat Island Risk,282.9,9,12.202268573552654
2021-09-02,27.099999999999998,94.0,7.1,Colaba,18.9067,72.8147,1,Urban Heat Island Risk,286.1,9,5.0
2021-09-03,26.4,96.0,13.7,Colaba,18.9067,72.8147,1,Urban Heat Island Risk,296.09999999999997,9,21.795947470820124
2021-09-04,27.0,96.0,16.6,Colaba,18.9067,72.8147,1,Urban Heat Island Risk,303.6,9,18.802530597920715
2021-09-05,26.4,96.0,10.1,Colaba,18.9067,72.8147,1,Urban Heat Island Risk,307.0,9,6.285262347566675
2021-09-06,27.099999999999998,94.0,7.9,Colaba,18.9067,72.8147,1,Urban Heat Island Risk,311.0,9,11.96215604110222
2021-09-07,26.3,97.0,32.0,Colaba,18.9067,72.8147,1,Urban Heat Island Risk,329.3,9,22.84091214763663
2021-09-08,26.8,95.0,146.8,Colaba,18.9067,72.8147,1,Urban Heat Island Risk,454.3,9,22.23898209228933
2021-09-09,27.599999999999998,93.0,6.9,Colaba,18.9067,72.8147,1,Urban Heat Island Risk,427.8,9,19.693200113394724
2021-09-10,27.0,94.0,9.9,Colaba,18.9067,72.8147,1,Urban Heat Island Risk,410.90000000000003,9,14.119437830200686
2021-09-11,26.7,97.0,53.6,Colaba,18.9067,72.8147,1,Urban Heat Island Risk,392.80000000000007,9,15.41493709406255
2021-09-12,26.7,96.0,45.3,Colaba,18.9067,72.8147,1,Urban Heat Island Risk,435.0,9,14.345370974369368
2021-09-13,26.099999999999998,95.0,27.4,Colaba,18.9067,72.8147,1,Urban Heat Island Risk,460.1,9,20.641198916344187
2021-09-14,27.599999999999998,90.0,6.0,Colaba,18.9067,72.8147,1,Urban Heat Island Risk,464.70000000000005,9,10.62078796752445
2021-09-15,26.8,92.0,6.0,Colaba,18.9067,72.8147,1,Urban Heat Island Risk,469.1,9,10.971001725578976
2021-09-16,27.7,90.0,4.4,Colaba,18.9067,72.8147,1,Urban Heat Island Risk,470.1,9,20.05137293418008
2021-09-17,27.599999999999998,89.0,3.3,Colaba,18.9067,72.8147,1,Urban Heat Island Risk,471.3,9,14.778192722442192
2021-09-18,26.5,94.0,3.3,Colaba,18.9067,72.8147,1,Urban Heat Island Risk,474.00000000000006,9,21.89233677726904
2021-09-19,26.3,96.0,6.4,Colaba,18.9067,72.8147,1,Urban Heat Island Risk,479.0,9,11.642438965097272
2021-09-20,26.7,95.0,10.2,Colaba,18.9067,72.8147,1,Urban Heat Island Risk,483.2,9,14.726108198305875
2021-09-21,26.4,96.0,17.8,Colaba,18.9067,72.8147,1,Urban Heat Island Risk,451.90000000000003,9,10.387935075780234
2021-09-22,26.0,97.0,19.7,Colaba,18.9067,72.8147,1,Urban Heat Island Risk,454.40000000000003,9,15.036813407117835
2021-09-23,26.4,96.0,6.6,Colaba,18.9067,72.8147,1,Urban Heat Island Risk,453.90000000000003,9,7.607265315006005
2021-09-24,27.7,92.0,2.0,Colaba,18.9067,72.8147,1,Urban Heat Island Risk,442.20000000000005,9,12.561832895225185
2021-09-25,27.3,92.0,2.2,Colaba,18.9067,72.8147,1,Urban Heat Island Risk,427.8,9,7.8187306753594115
2021-09-26,27.3,90.0,2.8,Colaba,18.9067,72.8147,1,Urban Heat Island Risk,420.50000000000006,9,18.46961616595629
2021-09-27,25.8,94.0,5.2,Colaba,18.9067,72.8147,1,Urban Heat Island Risk,417.8,9,18.58294669879826
2021-09-28,25.7,96.0,14.3,Colaba,18.9067,72.8147,1,Urban Heat Island Risk,400.1,9,6.348686347578274
2021-09-29,27.0,94.0,30.7,Colaba,18.9067,72.8147,1,Urban Heat Island Risk,284.0,9,21.669428727502865
2021-09-30,27.0,94.0,4.4,Colaba,18.9067,72.8147,1,Urban Heat Island Risk,281.5,9,27.48707563209927
2021-10-01,28.2,94.0,0.2,Colaba,18.9067,72.8147,1,Urban Heat Island Risk,271.8,10,53.76336526701505
2021-10-02,27.9,94.0,0.8,Colaba,18.9067,72.8147,1,Urban Heat Island Risk,219.0,10,52.02776203221012
2021-10-03,29.599999999999998,94.0,0.2,Colaba,18.9067,72.8147,1,Urban Heat Island Risk,173.89999999999998,10,59.721652955015244
2021-10-04,29.7,93.0,0.0,Colaba,18.9067,72.8147,1,Urban Heat Island Risk,146.5,10,38.43849084182079
2021-10-05,30.0,93.0,0.9,Colaba,18.9067,72.8147,1,Urban Heat Island Risk,141.4,10,43.43386566767882
2021-10-06,30.5,93.0,7.4,Colaba,18.9067,72.8147,1,Urban Heat Island Risk,142.8,10,41.398111363159614
2021-10-07,31.099999999999998,92.0,2.4,Colaba,18.9067,72.8147,1,Urban Heat Island Risk,140.8,10,43.82573810226208
2021-10-08,28.4,93.0,6.8,Colaba,18.9067,72.8147,1,Urban Heat Island Risk,144.29999999999998,10,54.19869487563395
2021-10-09,27.7,94.0,5.2,Colaba,18.9067,72.8147,1,Urban Heat Island Risk,146.20000000000002,10,53.87349718772442
2021-10-10,28.3,92.0,6.2,Colaba,18.9067,72.8147,1,Urban Heat Island Risk,146.0,10,48.21074481472688
2021-10-11,28.4,94.0,14.6,Colaba,18.9067,72.8147,1,Urban Heat Island Risk,150.4,10,50.690890898769325
2021-10-12,29.3,93.0,0.7,Colaba,18.9067,72.8147,1,Urban Heat Island Risk,133.3,10,42.265363195274276
2021-10-13,30.099999999999998,90.0,1.6,Colaba,18.9067,72.8147,1,Urban Heat Island Risk,115.2,10,43.00579326559009
2021-10-14,31.099999999999998,85.0,0.7,Colaba,18.9067,72.8147,1,Urban Heat Island Risk,109.3,10,34.279019100697575
2021-10-15,32.1,74.0,0.0,Colaba,18.9067,72.8147,1,Urban Heat Island Risk,107.3,10,23.963144366884574
2021-10-16,30.7,75.0,0.0,Colaba,18.9067,72.8147,1,Urban Heat Island Risk,105.1,10,45.64239560854119
2021-10-17,29.7,78.0,0.0,Colaba,18.9067,72.8147,1,Urban Heat Island Risk,102.3,10,42.54497071618814
2021-10-18,29.2,85.0,1.1,Colaba,18.9067,72.8147,1,Urban Heat Island Risk,98.2,10,41.52598264179011
2021-10-19,28.4,87.0,0.5,Colaba,18.9067,72.8147,1,Urban Heat Island Risk,84.4,10,51.558704327562296
2021-10-20,28.8,89.0,0.0,Colaba,18.9067,72.8147,1,Urban Heat Island Risk,53.7,10,50.47519116317162
2021-10-21,30.4,85.0,0.0,Colaba,18.9067,72.8147,1,Urban Heat Island Risk,49.300000000000004,10,32.33433303877151
2021-10-22,31.3,78.0,0.0,Colaba,18.9067,72.8147,1,Urban Heat Island Risk,49.1,10,37.62490500229548
2021-10-23,30.2,82.0,0.0,Colaba,18.9067,72.8147,1,Urban Heat Island Risk,48.300000000000004,10,36.96421215654868
2021-10-24,28.7,85.0,0.0,Colaba,18.9067,72.8147,1,Urban Heat Island Risk,48.1,10,59.25514404595395
2021-10-25,29.5,85.0,0.0,Colaba,18.9067,72.8147,1,Urban Heat Island Risk,48.1,10,48.78646922705035
2021-10-26,31.2,79.0,0.0,Colaba,18.9067,72.8147,1,Urban Heat Island Risk,47.2,10,34.53383338278675
2021-10-27,32.300000000000004,69.0,0.0,Colaba,18.9067,72.8147,1,Urban Heat Island Risk,39.800000000000004,10,26.574161148413225
2021-10-28,32.800000000000004,63.0,0.0,Colaba,18.9067,72.8147,1,Urban Heat Island Risk,37.400000000000006,10,26.94182812884852
2021-10-29,32.5,51.0,0.0,Colaba,18.9067,72.8147,1,Urban Heat Island Risk,30.599999999999998,10,32.23062037458311
2021-10-30,32.2,51.0,0.0,Colaba,18.9067,72.8147,1,Urban Heat Island Risk,25.4,10,30.739196023740654
2021-10-31,31.7,58.0,0.0,Colaba,18.9067,72.8147,1,Urban Heat Island Risk,19.2,10,32.61420596431572
2021-11-01,31.3,72.0,0.0,Colaba,18.9067,72.8147,1,Urban Heat Island Risk,4.6,11,36.258518120756136
2021-11-02,32.400000000000006,72.0,0.0,Colaba,18.9067,72.8147,1,Urban Heat Island Risk,3.9,11,26.714038677148526
2021-11-03,32.900000000000006,65.0,0.0,Colaba,18.9067,72.8147,1,Urban Heat Island Risk,2.3,11,25.18397036578478
2021-11-04,31.499999999999996,65.0,0.0,Colaba,18.9067,72.8147,1,Urban Heat Island Risk,1.6,11,24.404371138808337
2021-11-05,31.400000000000002,75.0,1.6,Colaba,18.9067,72.8147,1,Urban Heat Island Risk,3.2,11,40.26863115426183
2021-11-06,30.4,85.0,0.1,Colaba,18.9067,72.8147,1,Urban Heat Island Risk,3.3000000000000003,11,42.560655568275486
2021-11-07,28.4,81.0,0.0,Colaba,18.9067,72.8147,1,Urban Heat Island Risk,3.3000000000000003,11,48.53272077983286
2021-11-08,30.8,74.0,0.0,Colaba,18.9067,72.8147,1,Urban Heat Island Risk,2.2,11,48.29367490677619
2021-11-09,31.599999999999998,66.0,0.0,Colaba,18.9067,72.8147,1,Urban Heat Island Risk,1.7000000000000002,11,34.701749068628615
2021-11-10,31.400000000000002,61.0,0.0,Colaba,18.9067,72.8147,1,Urban Heat Island Risk,1.7000000000000002,11,30.219282140124008
2021-11-11,31.7,53.0,0.0,Colaba,18.9067,72.8147,1,Urban Heat Island Risk,1.7000000000000002,11,37.983687107352296
2021-11-12,31.2,53.0,0.0,Colaba,18.9067,72.8147,1,Urban Heat Island Risk,1.7000000000000002,11,38.52357441587965
2021-11-13,31.900000000000002,62.0,0.0,Colaba,18.9067,72.8147,1,Urban Heat Island Risk,1.7000000000000002,11,34.53956659408775
2021-11-14,31.7,71.0,0.0,Colaba,18.9067,72.8147,1,Urban Heat Island Risk,1.7000000000000002,11,31.571221976742052
2021-11-15,31.7,70.0,0.0,Colaba,18.9067,72.8147,1,Urban Heat Island Risk,1.7000000000000002,11,35.952478618890176
2021-11-16,32.7,73.0,0.0,Colaba,18.9067,72.8147,1,Urban Heat Island Risk,1.7000000000000002,11,26.724541882227843
2021-11-17,31.400000000000002,81.0,2.1,Colaba,18.9067,72.8147,1,Urban Heat Island Risk,3.8000000000000003,11,38.1797072582292
2021-11-18,29.2,90.0,2.2,Colaba,18.9067,72.8147,1,Urban Heat Island Risk,6.0,11,38.34194439661347
2021-11-19,30.599999999999998,90.0,0.7,Colaba,18.9067,72.8147,1,Urban Heat Island Risk,6.7,11,37.7639660184374
2021-11-20,31.7,84.0,1.1,Colaba,18.9067,72.8147,1,Urban Heat Island Risk,7.800000000000001,11,42.31077548904098
2021-11-21,31.999999999999996,86.0,7.9,Colaba,18.9067,72.8147,1,Urban Heat Island Risk,15.700000000000001,11,28.164662722998518
2021-11-22,27.9,91.0,2.3,Colaba,18.9067,72.8147,1,Urban Heat Island Risk,18.0,11,52.21414184586741
2021-11-23,29.7,91.0,0.0,Colaba,18.9067,72.8147,1,Urban Heat Island Risk,18.0,11,42.79352664108346
2021-11-24,30.9,86.0,0.0,Colaba,18.9067,72.8147,1,Urban Heat Island Risk,18.0,11,32.15930265389012
2021-11-25,31.8,79.0,0.0,Colaba,18.9067,72.8147,1,Urban Heat Island Risk,18.0,11,22.091929452192065
2021-11-26,31.7,76.0,0.0,Colaba,18.9067,72.8147,1,Urban Heat Island Risk,16.4,11,32.54706800738194
2021-11-27,31.8,77.0,0.0,Colaba,18.9067,72.8147,1,Urban Heat Island Risk,16.3,11,33.81263045374161
2021-11-28,31.400000000000002,69.0,0.0,Colaba,18.9067,72.8147,1,Urban Heat Island Risk,16.3,11,35.13747465730673
2021-11-29,31.7,60.0,0.0,Colaba,18.9067,72.8147,1,Urban Heat Island Risk,16.3,11,32.97560719026057
2021-11-30,31.7,63.0,0.0,Colaba,18.9067,72.8147,1,Urban Heat Island Risk,16.3,11,33.91520435425194
2021-12-01,23.9,87.0,41.4,Colaba,18.9067,72.8147,1,Urban Heat Island Risk,57.7,12,83.01420735775383
2021-12-02,24.0,94.0,56.7,Colaba,18.9067,72.8147,1,Urban Heat Island Risk,114.4,12,76.38110240368727
2021-12-03,26.2,94.0,0.8,Colaba,18.9067,72.8147,1,Urban Heat Island Risk,115.2,12,61.99625378123032
2021-12-04,26.8,93.0,0.1,Colaba,18.9067,72.8147,1,Urban Heat Island Risk,115.3,12,60.06103924222623
2021-12-05,25.9,93.0,0.2,Colaba,18.9067,72.8147,1,Urban Heat Island Risk,115.5,12,69.46340046545056
2021-12-06,28.2,87.0,0.0,Colaba,18.9067,72.8147,1,Urban Heat Island Risk,115.5,12,60.59346772604959
2021-12-07,29.3,78.0,0.0,Colaba,18.9067,72.8147,1,Urban Heat Island Risk,115.5,12,44.159281304154106
2021-12-08,30.2,72.0,0.0,Colaba,18.9067,72.8147,1,Urban Heat Island Risk,113.4,12,42.69466893514442
2021-12-09,29.099999999999998,73.0,0.0,Colaba,18.9067,72.8147,1,Urban Heat Island Risk,111.2,12,50.12512054301314
2021-12-10,30.4,72.0,0.0,Colaba,18.9067,72.8147,1,Urban Heat Island Risk,110.5,12,36.10377663302256
2021-12-11,30.2,76.0,0.0,Colaba,18.9067,72.8147,1,Urban Heat Island Risk,109.4,12,42.30208583606459
2021-12-12,30.8,76.0,0.0,Colaba,18.9067,72.8147,1,Urban Heat Island Risk,101.5,12,31.47163071328952
2021-12-13,28.5,76.0,0.0,Colaba,18.9067,72.8147,1,Urban Heat Island Risk,99.2,12,42.988081814636345
2021-12-14,27.7,78.0,0.0,Colaba,18.9067,72.8147,1,Urban Heat Island Risk,99.2,12,58.200398706127956
2021-12-15,26.5,85.0,0.0,Colaba,18.9067,72.8147,1,Urban Heat Island Risk,99.2,12,61.24729296001275
2021-12-16,27.3,86.0,0.0,Colaba,18.9067,72.8147,1,Urban Heat Island Risk,99.2,12,59.644735371439424
2021-12-17,27.2,81.0,0.0,Colaba,18.9067,72.8147,1,Urban Heat Island Risk,99.2,12,59.11052511495826
2021-12-18,28.599999999999998,77.0,0.0,Colaba,18.9067,72.8147,1,Urban Heat Island Risk,99.2,12,46.384666423347696
2021-12-19,29.0,73.0,0.0,Colaba,18.9067,72.8147,1,Urban Heat Island Risk,99.2,12,48.773728490178314
2021-12-20,29.099999999999998,75.0,0.0,Colaba,18.9067,72.8147,1,Urban Heat Island Risk,99.2,12,42.267826808259066
2021-12-21,27.8,78.0,0.0,Colaba,18.9067,72.8147,1,Urban Heat Island Risk,99.2,12,62.75486179000699
2021-12-22,27.2,81.0,0.0,Colaba,18.9067,72.8147,1,Urban Heat Island Risk,57.8,12,52.42014827570019
2021-12-23,27.2,80.0,0.0,Colaba,18.9067,72.8147,1,Urban Heat Island Risk,1.099999999999993,12,58.221073645157105
2021-12-24,25.4,88.0,0.0,Colaba,18.9067,72.8147,1,Urban Heat Island Risk,0.29999999999999294,12,64.18864205976377
2021-12-25,25.4,87.0,0.0,Colaba,18.9067,72.8147,1,Urban Heat Island Risk,0.1999999999999929,12,72.25210586680399
2021-12-26,27.4,83.0,0.0,Colaba,18.9067,72.8147,1,Urban Heat Island Risk,0.0,12,56.409509810259166
2021-12-27,28.599999999999998,78.0,0.0,Colaba,18.9067,72.8147,1,Urban Heat Island Risk,0.0,12,48.67333306856063
2021-12-28,27.2,80.0,0.0,Colaba,18.9067,72.8147,1,Urban Heat Island Risk,0.0,12,63.46600772525778
2021-12-29,26.7,71.0,0.0,Colaba,18.9067,72.8147,1,Urban Heat Island Risk,0.0,12,62.1804862917211
2021-12-30,29.2,71.0,0.0,Colaba,18.9067,72.8147,1,Urban Heat Island Risk,0.0,12,50.4498888963465
2021-12-31,30.599999999999998,71.0,0.0,Colaba,18.9067,72.8147,1,Urban Heat Island Risk,0.0,12,35.02670365074602
2022-01-01,30.5,69.0,0.0,Colaba,18.9067,72.8147,1,Urban Heat Island Risk,0.0,1,33.475915280362464
2022-01-02,29.8,70.0,0.0,Colaba,18.9067,72.8147,1,Urban Heat Island Risk,0.0,1,45.00270647686733
2022-01-03,30.099999999999998,73.0,0.0,Colaba,18.9067,72.8147,1,Urban Heat Island Risk,0.0,1,41.17243488919302
2022-01-04,30.4,78.0,0.0,Colaba,18.9067,72.8147,1,Urban Heat Island Risk,0.0,1,44.198840028936395
2022-01-05,27.7,85.0,0.0,Colaba,18.9067,72.8147,1,Urban Heat Island Risk,0.0,1,55.96712440335393
2022-01-06,27.099999999999998,85.0,0.0,Colaba,18.9067,72.8147,1,Urban Heat Island Risk,0.0,1,60.79204336283983
2022-01-07,26.599999999999998,84.0,0.0,Colaba,18.9067,72.8147,1,Urban Heat Island Risk,0.0,1,54.4830873502938
2022-01-08,23.7,90.0,2.3,Colaba,18.9067,72.8147,1,Urban Heat Island Risk,2.2999999999999927,1,88.47551803140463
2022-01-09,24.599999999999998,63.0,0.0,Colaba,18.9067,72.8147,1,Urban Heat Island Risk,2.2999999999999927,1,73.11212340817319
2022-01-10,23.4,62.0,0.0,Colaba,18.9067,72.8147,1,Urban Heat Island Risk,2.2999999999999927,1,84.22126818502933
2022-01-11,23.7,77.0,0.0,Colaba,18.9067,72.8147,1,Urban Heat Island Risk,2.2999999999999927,1,74.8528749822352
2022-01-12,24.2,73.0,0.0,Colaba,18.9067,72.8147,1,Urban Heat Island Risk,2.2999999999999927,1,77.74004951108672
2022-01-13,25.099999999999998,77.0,0.0,Colaba,18.9067,72.8147,1,Urban Heat Island Risk,2.2999999999999927,1,64.58577618237629
2022-01-14,25.0,81.0,0.0,Colaba,18.9067,72.8147,1,Urban Heat Island Risk,2.2999999999999927,1,73.92700585796501
2022-01-15,28.0,72.0,0.0,Colaba,18.9067,72.8147,1,Urban Heat Island Risk,2.2999999999999927,1,52.8867962447375
2022-01-16,30.599999999999998,64.0,0.0,Colaba,18.9067,72.8147,1,Urban Heat Island Risk,2.2999999999999927,1,40.07928585301118
2022-01-17,29.9,70.0,0.0,Colaba,18.9067,72.8147,1,Urban Heat Island Risk,2.2999999999999927,1,47.389870150650495
2022-01-18,28.2,72.0,0.0,Colaba,18.9067,72.8147,1,Urban Heat Island Risk,2.2999999999999927,1,47.370631777231935
2022-01-19,28.4,74.0,0.0,Colaba,18.9067,72.8147,1,Urban Heat Island Risk,2.2999999999999927,1,48.97754134693602
2022-01-20,26.7,75.0,0.0,Colaba,18.9067,72.8147,1,Urban Heat Island Risk,2.2999999999999927,1,64.31995473876717
2022-01-21,26.3,89.0,0.0,Colaba,18.9067,72.8147,1,Urban Heat Island Risk,2.2999999999999927,1,74.79110737273372
2022-01-22,25.8,86.0,1.0,Colaba,18.9067,72.8147,1,Urban Heat Island Risk,3.2999999999999927,1,66.44292166002592
2022-01-23,22.5,65.0,0.4,Colaba,18.9067,72.8147,1,Urban Heat Island Risk,3.6999999999999926,1,88.78901392295299
2022-01-24,23.4,62.0,0.0,Colaba,18.9067,72.8147,1,Urban Heat Island Risk,3.6999999999999926,1,80.19847598404094
2022-01-25,24.599999999999998,61.0,0.0,Colaba,18.9067,72.8147,1,Urban Heat Island Risk,3.6999999999999926,1,83.64456130711486
2022-01-26,26.4,60.0,0.0,Colaba,18.9067,72.8147,1,Urban Heat Island Risk,3.6999999999999926,1,54.997224998507065
2022-01-27,28.4,58.0,0.0,Colaba,18.9067,72.8147,1,Urban Heat Island Risk,3.6999999999999926,1,52.8731052233468
2022-01-28,29.8,50.0,0.0,Colaba,18.9067,72.8147,1,Urban Heat Island Risk,3.6999999999999926,1,36.33894649885636
2022-01-29,30.2,54.0,0.0,Colaba,18.9067,72.8147,1,Urban Heat Island Risk,1.3999999999999928,1,29.66714214731642
2022-01-30,29.099999999999998,61.0,0.0,Colaba,18.9067,72.8147,1,Urban Heat Island Risk,1.3999999999999928,1,49.920643598922425
2022-01-31,28.4,61.0,0.0,Colaba,18.9067,72.8147,1,Urban Heat Island Risk,1.3999999999999928,1,53.0974889807373
2022-02-01,28.599999999999998,70.0,0.0,Colaba,18.9067,72.8147,1,Urban Heat Island Risk,1.3999999999999928,2,49.84248197795567
2022-02-02,27.099999999999998,83.0,0.0,Colaba,18.9067,72.8147,1,Urban Heat Island Risk,1.3999999999999928,2,59.235696216467915
2022-02-03,25.4,90.0,0.0,Colaba,18.9067,72.8147,1,Urban Heat Island Risk,1.3999999999999928,2,84.89149717035629
2022-02-04,25.2,80.0,0.0,Colaba,18.9067,72.8147,1,Urban Heat Island Risk,1.3999999999999928,2,69.24245764317617
2022-02-05,26.8,75.0,0.0,Colaba,18.9067,72.8147,1,Urban Heat Island Risk,1.3999999999999928,2,64.01728847291703
2022-02-06,26.7,74.0,0.0,Colaba,18.9067,72.8147,1,Urban Heat Island Risk,1.3999999999999928,2,58.786509235263935
2022-02-07,25.2,86.0,0.0,Colaba,18.9067,72.8147,1,Urban Heat Island Risk,1.3999999999999928,2,72.00949620853635
2022-02-08,24.8,85.0,0.0,Colaba,18.9067,72.8147,1,Urban Heat Island Risk,1.3999999999999928,2,71.6088316247219
2022-02-09,25.599999999999998,84.0,0.0,Colaba,18.9067,72.8147,1,Urban Heat Island Risk,1.3999999999999928,2,66.21407425301803
2022-02-10,29.4,61.0,0.0,Colaba,18.9067,72.8147,1,Urban Heat Island Risk,1.3999999999999928,2,55.827825994334965
2022-02-11,31.400000000000002,50.0,0.0,Colaba,18.9067,72.8147,1,Urban Heat Island Risk,1.3999999999999928,2,41.28592481592169
2022-02-12,30.0,55.0,0.0,Colaba,18.9067,72.8147,1,Urban Heat Island Risk,0.3999999999999929,2,44.01706657032948
2022-02-13,29.4,64.0,0.0,Colaba,18.9067,72.8147,1,Urban Heat Island Risk,0.0,2,35.21227365361351
2022-02-14,28.2,58.0,0.0,Colaba,18.9067,72.8147,1,Urban Heat Island Risk,0.0,2,51.72828721707049
2022-02-15,26.4,70.0,0.0,Colaba,18.9067,72.8147,1,Urban Heat Island Risk,0.0,2,77.24847115535876
2022-02-16,25.7,85.0,0.0,Colaba,18.9067,72.8147,1,Urban Heat Island Risk,0.0,2,66.54669166680148
2022-02-17,26.099999999999998,86.0,0.0,Colaba,18.9067,72.8147,1,Urban Heat Island Risk,0.0,2,70.94942119360164
2022-02-18,27.3,83.0,0.0,Colaba,18.9067,72.8147,1,Urban Heat Island Risk,0.0,2,65.84304534309634
2022-02-19,28.8,80.0,0.0,Colaba,18.9067,72.8147,1,Urban Heat Island Risk,0.0,2,51.228152912613204
2022-02-20,30.2,68.0,0.0,Colaba,18.9067,72.8147,1,Urban Heat Island Risk,0.0,2,37.990891840659245
2022-02-21,30.4,60.0,0.0,Colaba,18.9067,72.8147,1,Urban Heat Island Risk,0.0,2,28.890105007752233
2022-02-22,29.599999999999998,70.0,0.0,Colaba,18.9067,72.8147,1,Urban Heat Island Risk,0.0,2,49.02081604304478
2022-02-23,29.099999999999998,70.0,0.0,Colaba,18.9067,72.8147,1,Urban Heat Island Risk,0.0,2,44.35955331921561
2022-02-24,29.4,66.0,0.0,Colaba,18.9067,72.8147,1,Urban Heat Island Risk,0.0,2,47.6140855927718
2022-02-25,29.9,61.0,0.0,Colaba,18.9067,72.8147,1,Urban Heat Island Risk,0.0,2,37.650898302053186
2022-02-26,29.7,67.0,0.0,Colaba,18.9067,72.8147,1,Urban Heat Island Risk,0.0,2,43.707145630982325
2022-02-27,30.3,59.0,0.0,Colaba,18.9067,72.8147,1,Urban Heat Island Risk,0.0,2,41.80192860783859
2022-02-28,31.499999999999996,54.0,0.0,Colaba,18.9067,72.8147,1,Urban Heat Island Risk,0.0,2,36.17630123855485
2022-03-01,31.7,56.0,0.0,Colaba,18.9067,72.8147,1,Urban Heat Island Risk,0.0,3,9.425889063237928
2022-03-02,33.7,55.0,0.0,Colaba,18.9067,72.8147,1,Urban Heat Island Risk,0.0,3,20.98455474380676
2022-03-03,34.5,48.0,0.0,Colaba,18.9067,72.8147,1,Urban Heat Island Risk,0.0,3,12.015526076340144
2022-03-04,33.7,42.0,0.0,Colaba,18.9067,72.8147,1,Urban Heat Island Risk,0.0,3,6.627652697733774
2022-03-05,33.400000000000006,53.0,0.0,Colaba,18.9067,72.8147,1,Urban Heat Island Risk,0.0,3,14.454882900182682
2022-03-06,33.400000000000006,56.0,0.0,Colaba,18.9067,72.8147,1,Urban Heat Island Risk,0.0,3,15.171876545132301
2022-03-07,31.400000000000002,59.0,0.0,Colaba,18.9067,72.8147,1,Urban Heat Island Risk,0.0,3,15.802947165858798
2022-03-08,35.2,57.0,0.0,Colaba,18.9067,72.8147,1,Urban Heat Island Risk,0.0,3,21.810662018425397
2022-03-09,33.2,59.0,0.1,Colaba,18.9067,72.8147,1,Urban Heat Island Risk,0.0999999999999929,3,13.817755816320703
2022-03-10,33.0,59.0,0.0,Colaba,18.9067,72.8147,1,Urban Heat Island Risk,0.0999999999999929,3,14.401901878156144
2022-03-11,32.400000000000006,56.0,0.0,Colaba,18.9067,72.8147,1,Urban Heat Island Risk,0.0999999999999929,3,9.484078093834533
2022-03-12,35.5,57.0,0.0,Colaba,18.9067,72.8147,1,Urban Heat Island Risk,0.0999999999999929,3,19.102767514439485
2022-03-13,35.400000000000006,52.0,0.0,Colaba,18.9067,72.8147,1,Urban Heat Island Risk,0.0999999999999929,3,15.921545320390518
2022-03-14,35.2,41.0,0.0,Colaba,18.9067,72.8147,1,Urban Heat Island Risk,0.0999999999999929,3,12.899861363529187
2022-03-15,35.2,48.0,0.0,Colaba,18.9067,72.8147,1,Urban Heat Island Risk,0.0999999999999929,3,5.476626532672682
2022-03-16,34.5,50.0,0.0,Colaba,18.9067,72.8147,1,Urban Heat Island Risk,0.0999999999999929,3,22.222060975275436
2022-03-17,34.7,49.0,0.0,Colaba,18.9067,72.8147,1,Urban Heat Island Risk,0.0999999999999929,3,8.861600177719714
2022-03-18,34.0,59.0,0.0,Colaba,18.9067,72.8147,1,Urban Heat Island Risk,0.0999999999999929,3,12.04360995315147
2022-03-19,31.2,76.0,0.0,Colaba,18.9067,72.8147,1,Urban Heat Island Risk,0.0999999999999929,3,16.791722555380016
2022-03-20,29.4,84.0,0.0,Colaba,18.9067,72.8147,1,Urban Heat Island Risk,0.0999999999999929,3,9.017210356916568
2022-03-21,29.7,80.0,0.0,Colaba,18.9067,72.8147,1,Urban Heat Island Risk,0.0999999999999929,3,7.532451108734283
2022-03-22,33.400000000000006,51.0,0.0,Colaba,18.9067,72.8147,1,Urban Heat Island Risk,0.0999999999999929,3,5.0
2022-03-23,37.2,36.0,0.0,Colaba,18.9067,72.8147,1,Urban Heat Island Risk,0.0999999999999929,3,18.60498476452818
2022-03-24,32.900000000000006,51.0,0.0,Colaba,18.9067,72.8147,1,Urban Heat Island Risk,0.0999999999999929,3,12.27406877636839
2022-03-25,31.2,79.0,0.0,Colaba,18.9067,72.8147,1,Urban Heat Island Risk,0.0999999999999929,3,29.63635046236665
2022-03-26,31.599999999999998,83.0,0.0,Colaba,18.9067,72.8147,1,Urban Heat Island Risk,0.0999999999999929,3,10.028224671845633
2022-03-27,31.499999999999996,82.0,0.0,Colaba,18.9067,72.8147,1,Urban Heat Island Risk,0.0999999999999929,3,10.392744882855393
2022-03-28,31.499999999999996,86.0,0.0,Colaba,18.9067,72.8147,1,Urban Heat Island Risk,0.0999999999999929,3,12.173035148572993
2022-03-29,32.7,73.0,0.0,Colaba,18.9067,72.8147,1,Urban Heat Island Risk,0.0999999999999929,3,16.215673275692446
2022-03-30,33.0,74.0,0.0,Colaba,18.9067,72.8147,1,Urban Heat Island Risk,0.0,3,12.648983306073443
2022-03-31,31.099999999999998,79.0,0.0,Colaba,18.9067,72.8147,1,Urban Heat Island Risk,0.0,3,18.061661070012562
2022-04-01,32.2,81.0,0.0,Colaba,18.9067,72.8147,1,Urban Heat Island Risk,0.0,4,10.107058050056729
2022-04-02,30.2,84.0,0.0,Colaba,18.9067,72.8147,1,Urban Heat Island Risk,0.0,4,8.092041407682094
2022-04-03,30.7,85.0,0.0,Colaba,18.9067,72.8147,1,Urban Heat Island Risk,0.0,4,6.008926302954462
2022-04-04,31.2,86.0,0.0,Colaba,18.9067,72.8147,1,Urban Heat Island Risk,0.0,4,5.0
2022-04-05,31.400000000000002,87.0,0.0,Colaba,18.9067,72.8147,1,Urban Heat Island Risk,0.0,4,12.409654902624716
2022-04-06,31.2,86.0,0.0,Colaba,18.9067,72.8147,1,Urban Heat Island Risk,0.0,4,13.49509843803389
2022-04-07,31.7,85.0,0.0,Colaba,18.9067,72.8147,1,Urban Heat Island Risk,0.0,4,11.842814862584083
2022-04-08,32.6,85.0,0.0,Colaba,18.9067,72.8147,1,Urban Heat Island Risk,0.0,4,21.21702898593581
2022-04-09,31.2,86.0,0.0,Colaba,18.9067,72.8147,1,Urban Heat Island Risk,0.0,4,21.140151048040675
2022-04-10,31.8,79.0,0.0,Colaba,18.9067,72.8147,1,Urban Heat Island Risk,0.0,4,13.325985062777491
2022-04-11,31.7,80.0,0.0,Colaba,18.9067,72.8147,1,Urban Heat Island Risk,0.0,4,6.0303944340401845
2022-04-12,32.800000000000004,78.0,0.0,Colaba,18.9067,72.8147,1,Urban Heat Island Risk,0.0,4,12.166474459724736
2022-04-13,34.0,74.0,0.0,Colaba,18.9067,72.8147,1,Urban Heat Island Risk,0.0,4,12.000893030414693
2022-04-14,31.2,83.0,0.0,Colaba,18.9067,72.8147,1,Urban Heat Island Risk,0.0,4,11.71432518860971
2022-04-15,31.2,80.0,0.0,Colaba,18.9067,72.8147,1,Urban Heat Island Risk,0.0,4,11.511405480508776
2022-04-16,30.7,84.0,0.0,Colaba,18.9067,72.8147,1,Urban Heat Island Risk,0.0,4,11.732685521375963
2022-04-17,31.2,80.0,0.0,Colaba,18.9067,72.8147,1,Urban Heat Island Risk,0.0,4,13.0672919205112
2022-04-18,30.7,82.0,0.0,Colaba,18.9067,72.8147,1,Urban Heat Island Risk,0.0,4,11.822294505922217
2022-04-19,31.400000000000002,83.0,0.0,Colaba,18.9067,72.8147,1,Urban Heat Island Risk,0.0,4,16.04161254312796
2022-04-20,32.1,81.0,0.0,Colaba,18.9067,72.8147,1,Urban Heat Island Risk,0.0,4,16.801843579524306
2022-04-21,37.5,52.0,0.0,Colaba,18.9067,72.8147,1,Urban Heat Island Risk,0.0,4,10.446774564087551
2022-04-22,35.5,63.0,0.0,Colaba,18.9067,72.8147,1,Urban Heat Island Risk,0.0,4,21.355326630035165
2022-04-23,36.2,74.0,0.0,Colaba,18.9067,72.8147,1,Urban Heat Island Risk,0.0,4,10.099688490796929
2022-04-24,33.1,83.0,0.0,Colaba,18.9067,72.8147,1,Urban Heat Island Risk,0.0,4,6.910996930923314
2022-04-25,35.7,65.0,0.0,Colaba,18.9067,72.8147,1,Urban Heat Island Risk,0.0,4,16.903890356825258
2022-04-26,33.1,73.0,0.0,Colaba,18.9067,72.8147,1,Urban Heat Island Risk,0.0,4,10.912959327928302
2022-04-27,34.6,66.0,0.0,Colaba,18.9067,72.8147,1,Urban Heat Island Risk,0.0,4,16.60645735378694
2022-04-28,35.400000000000006,67.0,0.0,Colaba,18.9067,72.8147,1,Urban Heat Island Risk,0.0,4,5.0
2022-04-29,32.5,82.0,0.0,Colaba,18.9067,72.8147,1,Urban Heat Island Risk,0.0,4,21.962279707415338
2022-04-30,32.2,82.0,0.0,Colaba,18.9067,72.8147,1,Urban Heat Island Risk,0.0,4,18.36146704020201
2022-05-01,32.2,84.0,0.0,Colaba,18.9067,72.8147,1,Urban Heat Island Risk,0.0,5,7.497617254184991
2022-05-02,31.8,81.0,0.0,Colaba,18.9067,72.8147,1,Urban Heat Island Risk,0.0,5,7.606114380768572
2022-05-03,32.1,81.0,0.0,Colaba,18.9067,72.8147,1,Urban Heat Island Risk,0.0,5,23.361329520487637
2022-05-04,31.900000000000002,81.0,0.0,Colaba,18.9067,72.8147,1,Urban Heat Island Risk,0.0,5,11.313100482510208
2022-05-05,32.300000000000004,84.0,0.0,Colaba,18.9067,72.8147,1,Urban Heat Island Risk,0.0,5,10.82907575633688
2022-05-06,31.999999999999996,82.0,0.1,Colaba,18.9067,72.8147,1,Urban Heat Island Risk,0.0999999999999929,5,5.0
2022-05-07,32.2,84.0,0.0,Colaba,18.9067,72.8147,1,Urban Heat Island Risk,0.0999999999999929,5,13.246108971992228
2022-05-08,32.400000000000006,85.0,0.0,Colaba,18.9067,72.8147,1,Urban Heat Island Risk,0.0999999999999929,5,13.861401925821236
2022-05-09,31.8,85.0,0.0,Colaba,18.9067,72.8147,1,Urban Heat Island Risk,0.0999999999999929,5,18.577465483847426
2022-05-10,31.900000000000002,80.0,0.0,Colaba,18.9067,72.8147,1,Urban Heat Island Risk,0.0999999999999929,5,8.004607859077623
2022-05-11,31.7,81.0,0.0,Colaba,18.9067,72.8147,1,Urban Heat Island Risk,0.0999999999999929,5,7.398566038796952
2022-05-12,31.8,76.0,0.0,Colaba,18.9067,72.8147,1,Urban Heat Island Risk,0.0999999999999929,5,17.254813173882383
2022-05-13,31.3,76.0,0.0,Colaba,18.9067,72.8147,1,Urban Heat Island Risk,0.0999999999999929,5,20.033650356135325
2022-05-14,31.499999999999996,76.0,0.0,Colaba,18.9067,72.8147,1,Urban Heat Island Risk,0.0999999999999929,5,7.144238244410585
2022-05-15,32.1,77.0,0.0,Colaba,18.9067,72.8147,1,Urban Heat Island Risk,0.0999999999999929,5,20.407570431498705
2022-05-16,31.900000000000002,79.0,0.0,Colaba,18.9067,72.8147,1,Urban Heat Island Risk,0.0999999999999929,5,15.187709207434107
2022-05-17,31.999999999999996,78.0,0.0,Colaba,18.9067,72.8147,1,Urban Heat Island Risk,0.0999999999999929,5,20.45902669537323
2022-05-18,31.499999999999996,77.0,0.0,Colaba,18.9067,72.8147,1,Urban Heat Island Risk,0.0999999999999929,5,14.648898192411917
2022-05-19,31.400000000000002,78.0,0.0,Colaba,18.9067,72.8147,1,Urban Heat Island Risk,0.0999999999999929,5,5.0
2022-05-20,31.2,73.0,0.1,Colaba,18.9067,72.8147,1,Urban Heat Island Risk,0.1999999999999929,5,14.240163088419806
2022-05-21,31.7,69.0,0.1,Colaba,18.9067,72.8147,1,Urban Heat Island Risk,0.29999999999999294,5,20.30071909335635
2022-05-22,31.7,71.0,1.0,Colaba,18.9067,72.8147,1,Urban Heat Island Risk,1.299999999999993,5,10.531269904581428
2022-05-23,31.999999999999996,74.0,2.7,Colaba,18.9067,72.8147,1,Urban Heat Island Risk,3.999999999999993,5,13.060175155462739
2022-05-24,31.8,74.0,0.4,Colaba,18.9067,72.8147,1,Urban Heat Island Risk,4.399999999999993,5,14.119332482245108
2022-05-25,31.599999999999998,75.0,0.6,Colaba,18.9067,72.8147,1,Urban Heat Island Risk,4.999999999999993,5,5.0
2022-05-26,31.999999999999996,69.0,0.0,Colaba,18.9067,72.8147,1,Urban Heat Island Risk,4.999999999999993,5,23.35673787718738
2022-05-27,32.400000000000006,66.0,0.0,Colaba,18.9067,72.8147,1,Urban Heat Island Risk,4.899999999999993,5,10.493121600514128
2022-05-28,32.2,66.0,0.0,Colaba,18.9067,72.8147,1,Urban Heat Island Risk,4.899999999999993,5,17.528677162363994
2022-05-29,32.300000000000004,66.0,0.1,Colaba,18.9067,72.8147,1,Urban Heat Island Risk,4.999999999999993,5,14.566494319258956
2022-05-30,31.8,69.0,0.1,Colaba,18.9067,72.8147,1,Urban Heat Island Risk,5.099999999999993,5,21.2880952817968
2022-05-31,31.999999999999996,71.0,0.0,Colaba,18.9067,72.8147,1,Urban Heat Island Risk,5.099999999999993,5,17.030280612140405
2022-06-01,31.400000000000002,72.0,0.0,Colaba,18.9067,72.8147,1,Urban Heat Island Risk,5.099999999999993,6,13.825378642395126
2022-06-02,31.400000000000002,74.0,0.0,Colaba,18.9067,72.8147,1,Urban Heat Island Risk,5.099999999999993,6,10.5324245374036
2022-06-03,31.0,76.0,0.0,Colaba,18.9067,72.8147,1,Urban Heat Island Risk,5.099999999999993,6,18.989253506910693
2022-06-04,31.599999999999998,76.0,0.0,Colaba,18.9067,72.8147,1,Urban Heat Island Risk,5.099999999999993,6,5.6327934802269155
2022-06-05,31.499999999999996,77.0,0.0,Colaba,18.9067,72.8147,1,Urban Heat Island Risk,5.099999999999993,6,18.22945210137946
2022-06-06,31.3,76.0,0.0,Colaba,18.9067,72.8147,1,Urban Heat Island Risk,5.099999999999993,6,9.504776242225637
2022-06-07,31.900000000000002,78.0,1.0,Colaba,18.9067,72.8147,1,Urban Heat Island Risk,6.099999999999993,6,21.2614183097832
2022-06-08,31.0,83.0,2.5,Colaba,18.9067,72.8147,1,Urban Heat Island Risk,8.599999999999994,6,15.806497713313476
2022-06-09,30.2,83.0,7.3,Colaba,18.9067,72.8147,1,Urban Heat Island Risk,15.899999999999993,6,18.220618839250545
2022-06-10,30.0,86.0,13.8,Colaba,18.9067,72.8147,1,Urban Heat Island Risk,29.599999999999994,6,15.409944069123597
2022-06-11,29.0,89.0,25.2,Colaba,18.9067,72.8147,1,Urban Heat Island Risk,54.69999999999999,6,6.238114524295016
2022-06-12,27.599999999999998,90.0,15.9,Colaba,18.9067,72.8147,1,Urban Heat Island Risk,69.6,6,10.696354183023308
2022-06-13,28.8,88.0,8.0,Colaba,18.9067,72.8147,1,Urban Heat Island Risk,74.89999999999999,6,18.36194668805691
2022-06-14,29.7,85.0,2.5,Colaba,18.9067,72.8147,1,Urban Heat Island Risk,77.0,6,15.83327908679922
2022-06-15,29.2,85.0,6.1,Colaba,18.9067,72.8147,1,Urban Heat Island Risk,82.49999999999999,6,20.904949526528362
2022-06-16,29.3,87.0,5.1,Colaba,18.9067,72.8147,1,Urban Heat Island Risk,87.6,6,17.01637281518586
2022-06-17,29.0,88.0,3.0,Colaba,18.9067,72.8147,1,Urban Heat Island Risk,90.6,6,10.1664905464867
2022-06-18,29.0,86.0,6.6,Colaba,18.9067,72.8147,1,Urban Heat Island Risk,97.19999999999999,6,11.01967931139683
2022-06-19,27.599999999999998,91.0,36.7,Colaba,18.9067,72.8147,1,Urban Heat Island Risk,133.8,6,15.514586952616186
2022-06-20,25.9,96.0,54.8,Colaba,18.9067,72.8147,1,Urban Heat Island Risk,188.5,6,5.0
2022-06-21,27.099999999999998,94.0,23.0,Colaba,18.9067,72.8147,1,Urban Heat Island Risk,211.5,6,23.367209428114926
2022-06-22,28.4,93.0,26.9,Colaba,18.9067,72.8147,1,Urban Heat Island Risk,238.4,6,17.208733681887786
2022-06-23,27.8,94.0,46.8,Colaba,18.9067,72.8147,1,Urban Heat Island Risk,285.2,6,21.13517298524436
2022-06-24,29.099999999999998,93.0,17.5,Colaba,18.9067,72.8147,1,Urban Heat Island Risk,302.7,6,7.096980295954155
2022-06-25,28.5,92.0,15.6,Colaba,18.9067,72.8147,1,Urban Heat Island Risk,318.3,6,21.222825801776278
2022-06-26,27.2,94.0,15.7,Colaba,18.9067,72.8147,1,Urban Heat Island Risk,334.0,6,26.157494555138744
2022-06-27,27.5,93.0,31.7,Colaba,18.9067,72.8147,1,Urban Heat Island Risk,365.7,6,8.395608223113413
2022-06-28,27.3,93.0,10.0,Colaba,18.9067,72.8147,1,Urban Heat Island Risk,374.7,6,18.857008974518834
2022-06-29,27.599999999999998,93.0,16.0,Colaba,18.9067,72.8147,1,Urban Heat Island Risk,388.2,6,15.005549723436467
2022-06-30,27.0,95.0,41.6,Colaba,18.9067,72.8147,1,Urban Heat Island Risk,422.5,6,7.277830758758778
2022-07-01,25.599999999999998,97.0,43.4,Colaba,18.9067,72.8147,1,Urban Heat Island Risk,452.09999999999997,7,17.464419859259348
2022-07-02,26.7,94.0,23.9,Colaba,18.9067,72.8147,1,Urban Heat Island Risk,450.79999999999995,7,19.16801602418674
2022-07-03,26.4,94.0,20.5,Colaba,18.9067,72.8147,1,Urban Heat Island Risk,455.4,7,11.994367236655766
2022-07-04,26.2,94.0,28.2,Colaba,18.9067,72.8147,1,Urban Heat Island Risk,475.6,7,20.829582601276115
2022-07-05,25.7,96.0,55.5,Colaba,18.9067,72.8147,1,Urban Heat Island Risk,528.6,7,6.666182966054011
2022-07-06,25.9,95.0,35.6,Colaba,18.9067,72.8147,1,Urban Heat Island Risk,558.1,7,7.526219267751779
2022-07-07,26.2,94.0,37.2,Colaba,18.9067,72.8147,1,Urban Heat Island Risk,590.1999999999999,7,15.682986977943761
2022-07-08,27.8,91.0,25.0,Colaba,18.9067,72.8147,1,Urban Heat Island Risk,612.1999999999999,7,15.126926389861358
2022-07-09,26.099999999999998,95.0,37.8,Colaba,18.9067,72.8147,1,Urban Heat Island Risk,643.4,7,11.417132557879475
2022-07-10,25.4,96.0,52.5,Colaba,18.9067,72.8147,1,Urban Heat Island Risk,659.2,7,19.04797217985943
2022-07-11,24.7,97.0,79.9,Colaba,18.9067,72.8147,1,Urban Heat Island Risk,684.3,7,17.654471571079746
2022-07-12,25.099999999999998,97.0,65.0,Colaba,18.9067,72.8147,1,Urban Heat Island Risk,726.3,7,19.290695354670078
2022-07-13,25.099999999999998,95.0,68.3,Colaba,18.9067,72.8147,1,Urban Heat Island Risk,767.6999999999999,7,14.384317823238662
2022-07-14,25.2,95.0,60.2,Colaba,18.9067,72.8147,1,Urban Heat Island Risk,781.1,7,18.012901339891705
2022-07-15,27.2,91.0,25.3,Colaba,18.9067,72.8147,1,Urban Heat Island Risk,788.9,7,12.771748484850027
2022-07-16,27.2,91.0,24.8,Colaba,18.9067,72.8147,1,Urban Heat Island Risk,798.1,7,25.269093450432976
2022-07-17,28.0,90.0,10.3,Colaba,18.9067,72.8147,1,Urban Heat Island Risk,792.6999999999999,7,10.937271149390071
2022-07-18,25.3,96.0,30.3,Colaba,18.9067,72.8147,1,Urban Heat Island Risk,791.3000000000001,7,25.52648714729156
2022-07-19,25.7,95.0,34.3,Colaba,18.9067,72.8147,1,Urban Heat Island Risk,815.6,7,15.174439735447043
2022-07-20,26.8,91.0,13.4,Colaba,18.9067,72.8147,1,Urban Heat Island Risk,813.0,7,8.122445552156286
2022-07-21,27.099999999999998,89.0,6.0,Colaba,18.9067,72.8147,1,Urban Heat Island Risk,777.4,7,21.840396752443006
2022-07-22,28.099999999999998,88.0,4.8,Colaba,18.9067,72.8147,1,Urban Heat Island Risk,738.8000000000001,7,15.629506941974794
2022-07-23,26.099999999999998,93.0,28.2,Colaba,18.9067,72.8147,1,Urban Heat Island Risk,743.1,7,19.25562049190119
2022-07-24,25.599999999999998,94.0,25.8,Colaba,18.9067,72.8147,1,Urban Heat Island Risk,748.4000000000001,7,21.119279592712967
2022-07-25,27.2,91.0,10.2,Colaba,18.9067,72.8147,1,Urban Heat Island Risk,730.4,7,16.689777770725126
2022-07-26,26.599999999999998,92.0,4.1,Colaba,18.9067,72.8147,1,Urban Heat Island Risk,679.0,7,12.038795775935927
2022-07-27,27.5,92.0,6.5,Colaba,18.9067,72.8147,1,Urban Heat Island Risk,649.9,7,19.87856688834625
2022-07-28,28.0,91.0,2.5,Colaba,18.9067,72.8147,1,Urban Heat Island Risk,615.2,7,15.003777537272978
2022-07-29,28.5,91.0,1.1,Colaba,18.9067,72.8147,1,Urban Heat Island Risk,591.3000000000001,7,18.429289093042094
2022-07-30,28.4,89.0,0.2,Colaba,18.9067,72.8147,1,Urban Heat Island Risk,553.6999999999999,7,5.0
2022-07-31,28.2,89.0,2.0,Colaba,18.9067,72.8147,1,Urban Heat Island Risk,503.20000000000005,7,17.23490858504926
2022-08-01,28.2,88.0,2.1,Colaba,18.9067,72.8147,1,Urban Heat Island Risk,425.4,8,11.80707087427485
2022-08-02,28.3,88.0,2.8,Colaba,18.9067,72.8147,1,Urban Heat Island Risk,363.2,8,23.266548185892653
2022-08-03,28.099999999999998,90.0,10.3,Colaba,18.9067,72.8147,1,Urban Heat Island Risk,305.2,8,18.115436739445475
2022-08-04,27.7,92.0,13.6,Colaba,18.9067,72.8147,1,Urban Heat Island Risk,258.6,8,16.199288729246483
2022-08-05,26.3,95.0,27.2,Colaba,18.9067,72.8147,1,Urban Heat Island Risk,260.5,8,17.431549966751106
2022-08-06,26.7,94.0,33.7,Colaba,18.9067,72.8147,1,Urban Heat Island Risk,269.4,8,10.007795735616408
2022-08-07,26.8,95.0,56.5,Colaba,18.9067,72.8147,1,Urban Heat Island Risk,315.6,8,23.116283452640268
2022-08-08,26.4,94.0,32.6,Colaba,18.9067,72.8147,1,Urban Heat Island Risk,317.9,8,24.956852092084524
2022-08-09,25.9,94.0,71.3,Colaba,18.9067,72.8147,1,Urban Heat Island Risk,354.90000000000003,8,16.96456755274108
2022-08-10,26.5,93.0,37.6,Colaba,18.9067,72.8147,1,Urban Heat Island Risk,379.1,8,22.952017842868194
2022-08-11,27.2,90.0,23.1,Colaba,18.9067,72.8147,1,Urban Heat Island Risk,396.2,8,12.15425900663733
2022-08-12,27.2,89.0,16.1,Colaba,18.9067,72.8147,1,Urban Heat Island Risk,407.5,8,11.014432168875096
2022-08-13,27.7,88.0,13.1,Colaba,18.9067,72.8147,1,Urban Heat Island Risk,392.4,8,15.204623743644614
2022-08-14,27.3,86.0,11.0,Colaba,18.9067,72.8147,1,Urban Heat Island Risk,377.59999999999997,8,17.174705191839493
2022-08-15,26.0,93.0,29.0,Colaba,18.9067,72.8147,1,Urban Heat Island Risk,396.4,8,13.030066593784397
2022-08-16,25.3,94.0,64.1,Colaba,18.9067,72.8147,1,Urban Heat Island Risk,456.40000000000003,8,17.68884095184242
2022-08-17,26.599999999999998,91.0,19.3,Colaba,18.9067,72.8147,1,Urban Heat Island Risk,469.20000000000005,8,16.53194741036707
2022-08-18,26.9,89.0,10.5,Colaba,18.9067,72.8147,1,Urban Heat Island Risk,477.20000000000005,8,10.008466123544725
2022-08-19,27.099999999999998,90.0,11.9,Colaba,18.9067,72.8147,1,Urban Heat Island Risk,488.0,8,17.593965087258606
2022-08-20,27.099999999999998,91.0,6.2,Colaba,18.9067,72.8147,1,Urban Heat Island Risk,494.0,8,19.317641212607604
2022-08-21,26.9,90.0,5.8,Colaba,18.9067,72.8147,1,Urban Heat Island Risk,497.8,8,15.857346587951955
2022-08-22,26.3,91.0,9.1,Colaba,18.9067,72.8147,1,Urban Heat Island Risk,504.8,8,20.763240516308464
2022-08-23,27.2,91.0,7.9,Colaba,18.9067,72.8147,1,Urban Heat Island Risk,509.9,8,8.91298103251524
2022-08-24,27.099999999999998,91.0,7.8,Colaba,18.9067,72.8147,1,Urban Heat Island Risk,507.40000000000003,8,17.33975211065926
2022-08-25,26.7,92.0,6.1,Colaba,18.9067,72.8147,1,Urban Heat Island Risk,499.90000000000003,8,9.148596468016127
2022-08-26,27.099999999999998,90.0,2.2,Colaba,18.9067,72.8147,1,Urban Heat Island Risk,474.90000000000003,8,9.429593208834563
2022-08-27,27.2,88.0,1.8,Colaba,18.9067,72.8147,1,Urban Heat Island Risk,443.00000000000006,8,11.84534583131105
2022-08-28,27.2,90.0,2.0,Colaba,18.9067,72.8147,1,Urban Heat Island Risk,388.5,8,10.289699082128775
2022-08-29,27.8,90.0,1.2,Colaba,18.9067,72.8147,1,Urban Heat Island Risk,357.1,8,12.260020906294312
2022-08-30,28.599999999999998,91.0,0.6,Colaba,18.9067,72.8147,1,Urban Heat Island Risk,286.4,8,13.929248446444056
2022-08-31,28.7,93.0,18.7,Colaba,18.9067,72.8147,1,Urban Heat Island Risk,267.5,8,19.185772431656922
2022-09-01,28.099999999999998,93.0,1.7,Colaba,18.9067,72.8147,1,Urban Heat Island Risk,246.1,9,13.394204806471487
2022-09-02,29.599999999999998,92.0,10.0,Colaba,18.9067,72.8147,1,Urban Heat Island Risk,240.0,9,7.071871466152037
2022-09-03,29.099999999999998,92.0,0.9,Colaba,18.9067,72.8147,1,Urban Heat Island Risk,227.79999999999998,9,20.7003392324758
2022-09-04,27.7,93.0,9.9,Colaba,18.9067,72.8147,1,Urban Heat Island Risk,226.7,9,10.814549331924802
2022-09-05,28.2,88.0,1.8,Colaba,18.9067,72.8147,1,Urban Heat Island Risk,199.5,9,14.706397864476857
2022-09-06,28.2,89.0,4.9,Colaba,18.9067,72.8147,1,Urban Heat Island Risk,140.3,9,17.232682534703557
2022-09-07,29.3,93.0,20.1,Colaba,18.9067,72.8147,1,Urban Heat Island Risk,141.1,9,15.998052092013914
2022-09-08,27.7,95.0,39.7,Colaba,18.9067,72.8147,1,Urban Heat Island Risk,170.3,9,20.470897737607377
2022-09-09,28.8,93.0,27.0,Colaba,18.9067,72.8147,1,Urban Heat Island Risk,185.4,9,17.395015716963794
2022-09-10,28.7,94.0,13.2,Colaba,18.9067,72.8147,1,Urban Heat Island Risk,192.4,9,10.69345210151446
2022-09-11,28.4,93.0,25.5,Colaba,18.9067,72.8147,1,Urban Heat Island Risk,212.1,9,25.89281086995831
2022-09-12,27.7,94.0,21.8,Colaba,18.9067,72.8147,1,Urban Heat Island Risk,224.8,9,15.971667316691166
2022-09-13,25.8,95.0,51.7,Colaba,18.9067,72.8147,1,Urban Heat Island Risk,268.6,9,14.26329886689247
2022-09-14,26.7,94.0,81.9,Colaba,18.9067,72.8147,1,Urban Heat Island Risk,342.7,9,19.819627115277854
2022-09-15,27.0,93.0,68.7,Colaba,18.9067,72.8147,1,Urban Heat Island Risk,405.30000000000007,9,16.24725472965036
2022-09-16,25.3,96.0,96.6,Colaba,18.9067,72.8147,1,Urban Heat Island Risk,499.7,9,16.996140964696636
2022-09-17,26.599999999999998,95.0,36.6,Colaba,18.9067,72.8147,1,Urban Heat Island Risk,534.5,9,27.460919993003436
2022-09-18,25.7,95.0,61.8,Colaba,18.9067,72.8147,1,Urban Heat Island Risk,594.3000000000001,9,13.624392858724766
2022-09-19,27.0,88.0,2.9,Colaba,18.9067,72.8147,1,Urban Heat Island Risk,596.0,9,13.411195529913021
2022-09-20,25.4,93.0,15.0,Colaba,18.9067,72.8147,1,Urban Heat Island Risk,610.4,9,15.58289256006232
2022-09-21,26.2,93.0,12.3,Colaba,18.9067,72.8147,1,Urban Heat Island Risk,604.0,9,20.357579677905193
2022-09-22,24.9,95.0,18.0,Colaba,18.9067,72.8147,1,Urban Heat Island Risk,620.3,9,7.467329849048005
2022-09-23,27.2,88.0,4.0,Colaba,18.9067,72.8147,1,Urban Heat Island Risk,614.3,9,5.172220542617474
2022-09-24,26.4,92.0,5.2,Colaba,18.9067,72.8147,1,Urban Heat Island Risk,618.6,9,12.064423646899263
2022-09-25,26.599999999999998,91.0,4.7,Colaba,18.9067,72.8147,1,Urban Heat Island Risk,613.4000000000001,9,6.830385204703564
2022-09-26,27.0,90.0,3.0,Colaba,18.9067,72.8147,1,Urban Heat Island Risk,614.6,9,12.875843262371808
2022-09-27,27.2,91.0,0.9,Colaba,18.9067,72.8147,1,Urban Heat Island Risk,610.6,9,17.51249848064645
2022-09-28,27.2,92.0,2.3,Colaba,18.9067,72.8147,1,Urban Heat Island Risk,592.8,9,10.546255682238682
2022-09-29,27.2,94.0,2.0,Colaba,18.9067,72.8147,1,Urban Heat Island Risk,555.1,9,7.865867116093288
2022-09-30,28.2,94.0,2.2,Colaba,18.9067,72.8147,1,Urban Heat Island Risk,530.3000000000001,9,15.34668580857674
2022-10-01,27.099999999999998,94.0,10.3,Colaba,18.9067,72.8147,1,Urban Heat Island Risk,527.4,10,64.07938408974253
2022-10-02,27.7,92.0,0.7,Colaba,18.9067,72.8147,1,Urban Heat Island Risk,502.59999999999997,10,47.89179947408361
2022-10-03,27.8,92.0,0.6,Colaba,18.9067,72.8147,1,Urban Heat Island Risk,481.4,10,59.90116199152991
2022-10-04,28.599999999999998,91.0,0.0,Colaba,18.9067,72.8147,1,Urban Heat Island Risk,429.7,10,55.35319768535831
2022-10-05,29.2,93.0,2.4,Colaba,18.9067,72.8147,1,Urban Heat Island Risk,350.2,10,52.63709217744981
2022-10-06,28.7,91.0,3.5,Colaba,18.9067,72.8147,1,Urban Heat Island Risk,285.0,10,56.792401074358445
2022-10-07,26.2,92.0,27.7,Colaba,18.9067,72.8147,1,Urban Heat Island Risk,216.1,10,75.87673628996475
2022-10-08,26.5,92.0,31.9,Colaba,18.9067,72.8147,1,Urban Heat Island Risk,211.4,10,61.38620642357139
2022-10-09,28.099999999999998,90.0,1.1,Colaba,18.9067,72.8147,1,Urban Heat Island Risk,150.7,10,54.647857900389305
2022-10-10,29.0,91.0,0.2,Colaba,18.9067,72.8147,1,Urban Heat Island Risk,148.0,10,46.91780783375987
2022-10-11,29.099999999999998,93.0,11.1,Colaba,18.9067,72.8147,1,Urban Heat Island Risk,144.1,10,48.4432175571124
2022-10-12,27.4,94.0,13.8,Colaba,18.9067,72.8147,1,Urban Heat Island Risk,145.6,10,65.73103344484824
2022-10-13,28.8,95.0,2.1,Colaba,18.9067,72.8147,1,Urban Heat Island Risk,129.70000000000002,10,43.40826091367998
2022-10-14,29.7,92.0,14.5,Colaba,18.9067,72.8147,1,Urban Heat Island Risk,140.20000000000002,10,40.728084972505464
2022-10-15,31.099999999999998,81.0,0.9,Colaba,18.9067,72.8147,1,Urban Heat Island Risk,135.89999999999998,10,43.985904682522815
2022-10-16,31.2,72.0,0.0,Colaba,18.9067,72.8147,1,Urban Heat Island Risk,131.2,10,41.633515867843784
2022-10-17,29.099999999999998,87.0,6.4,Colaba,18.9067,72.8147,1,Urban Heat Island Risk,134.6,10,46.617675099247954
2022-10-18,26.7,94.0,7.4,Colaba,18.9067,72.8147,1,Urban Heat Island Risk,141.1,10,66.30534333893694
2022-10-19,28.7,93.0,4.4,Colaba,18.9067,72.8147,1,Urban Heat Island Risk,143.20000000000002,10,52.40607921246018
2022-10-20,28.7,93.0,0.7,Colaba,18.9067,72.8147,1,Urban Heat Island Risk,141.9,10,58.20137304500495
2022-10-21,30.0,90.0,3.8,Colaba,18.9067,72.8147,1,Urban Heat Island Risk,143.5,10,43.70588130246719
2022-10-22,29.599999999999998,86.0,1.3,Colaba,18.9067,72.8147,1,Urban Heat Island Risk,134.49999999999997,10,50.72816056936292
2022-10-23,30.599999999999998,72.0,0.0,Colaba,18.9067,72.8147,1,Urban Heat Island Risk,133.79999999999998,10,53.143392885796445
2022-10-24,29.8,76.0,0.0,Colaba,18.9067,72.8147,1,Urban Heat Island Risk,133.2,10,47.45716244190399
2022-10-25,29.2,82.0,0.0,Colaba,18.9067,72.8147,1,Urban Heat Island Risk,133.2,10,48.11330749564088
2022-10-26,29.7,79.0,0.0,Colaba,18.9067,72.8147,1,Urban Heat Island Risk,130.79999999999998,10,48.645568259438235
2022-10-27,29.8,77.0,0.0,Colaba,18.9067,72.8147,1,Urban Heat Island Risk,127.3,10,42.64026237564724
2022-10-28,30.3,73.0,0.0,Colaba,18.9067,72.8147,1,Urban Heat Island Risk,99.6,10,53.57317186095699
2022-10-29,31.0,66.0,0.0,Colaba,18.9067,72.8147,1,Urban Heat Island Risk,67.7,10,38.56702185514658
2022-10-30,31.0,64.0,0.0,Colaba,18.9067,72.8147,1,Urban Heat Island Risk,66.60000000000001,10,36.302000065539104
2022-10-31,31.0,66.0,0.0,Colaba,18.9067,72.8147,1,Urban Heat Island Risk,66.4,10,33.48822164156649
2022-11-01,30.7,63.0,0.0,Colaba,18.9067,72.8147,1,Urban Heat Island Risk,55.300000000000004,11,44.85276762469886
2022-11-02,30.7,69.0,0.0,Colaba,18.9067,72.8147,1,Urban Heat Island Risk,41.5,11,43.702603730805365
2022-11-03,32.400000000000006,62.0,0.0,Colaba,18.9067,72.8147,1,Urban Heat Island Risk,39.4,11,27.246561476262833
2022-11-04,32.6,61.0,0.0,Colaba,18.9067,72.8147,1,Urban Heat Island Risk,24.900000000000002,11,31.482256725612107
2022-11-05,32.5,60.0,0.0,Colaba,18.9067,72.8147,1,Urban Heat Island Risk,24.000000000000004,11,21.623886825602384
2022-11-06,32.2,64.0,0.0,Colaba,18.9067,72.8147,1,Urban Heat Island Risk,24.000000000000004,11,31.791519542032436
2022-11-07,31.0,70.0,0.0,Colaba,18.9067,72.8147,1,Urban Heat Island Risk,17.6,11,39.930448427050145
2022-11-08,31.400000000000002,68.0,0.0,Colaba,18.9067,72.8147,1,Urban Heat Island Risk,10.200000000000001,11,43.93664904779611
2022-11-09,30.9,66.0,0.0,Colaba,18.9067,72.8147,1,Urban Heat Island Risk,5.8,11,34.379239319689894
2022-11-10,31.599999999999998,66.0,0.0,Colaba,18.9067,72.8147,1,Urban Heat Island Risk,5.1,11,27.87490352265506
2022-11-11,32.2,60.0,0.0,Colaba,18.9067,72.8147,1,Urban Heat Island Risk,1.3,11,26.389526862041443
2022-11-12,32.2,62.0,0.0,Colaba,18.9067,72.8147,1,Urban Heat Island Risk,0.0,11,24.183824165092055
2022-11-13,31.999999999999996,62.0,0.0,Colaba,18.9067,72.8147,1,Urban Heat Island Risk,0.0,11,38.68328678879494
2022-11-14,31.7,71.0,0.0,Colaba,18.9067,72.8147,1,Urban Heat Island Risk,0.0,11,41.44319647512019
2022-11-15,30.7,74.0,0.0,Colaba,18.9067,72.8147,1,Urban Heat Island Risk,0.0,11,40.967749556410816
2022-11-16,31.400000000000002,68.0,0.0,Colaba,18.9067,72.8147,1,Urban Heat Island Risk,0.0,11,41.50647472842573
2022-11-17,31.499999999999996,62.0,0.0,Colaba,18.9067,72.8147,1,Urban Heat Island Risk,0.0,11,35.50312523623453
2022-11-18,30.9,53.0,0.0,Colaba,18.9067,72.8147,1,Urban Heat Island Risk,0.0,11,37.75777509482951
2022-11-19,30.599999999999998,52.0,0.0,Colaba,18.9067,72.8147,1,Urban Heat Island Risk,0.0,11,38.268145238064534
2022-11-20,29.4,54.0,0.0,Colaba,18.9067,72.8147,1,Urban Heat Island Risk,0.0,11,45.181378376445515
2022-11-21,29.0,56.0,0.0,Colaba,18.9067,72.8147,1,Urban Heat Island Risk,0.0,11,41.260992218454845
2022-11-22,30.0,61.0,0.0,Colaba,18.9067,72.8147,1,Urban Heat Island Risk,0.0,11,44.65460715137002
2022-11-23,30.599999999999998,59.0,0.0,Colaba,18.9067,72.8147,1,Urban Heat Island Risk,0.0,11,39.73166378226313
2022-11-24,30.5,64.0,0.0,Colaba,18.9067,72.8147,1,Urban Heat Island Risk,0.0,11,44.226803620389376
2022-11-25,31.099999999999998,68.0,0.0,Colaba,18.9067,72.8147,1,Urban Heat Island Risk,0.0,11,37.56761748219306
2022-11-26,31.3,72.0,0.0,Colaba,18.9067,72.8147,1,Urban Heat Island Risk,0.0,11,35.1531481588212
2022-11-27,29.8,74.0,0.0,Colaba,18.9067,72.8147,1,Urban Heat Island Risk,0.0,11,40.11070151662851
2022-11-28,29.4,73.0,0.0,Colaba,18.9067,72.8147,1,Urban Heat Island Risk,0.0,11,47.094099517442146
2022-11-29,29.0,76.0,0.0,Colaba,18.9067,72.8147,1,Urban Heat Island Risk,0.0,11,52.69118615408081
2022-11-30,31.3,71.0,0.0,Colaba,18.9067,72.8147,1,Urban Heat Island Risk,0.0,11,30.24997171124736
2022-12-01,31.7,66.0,0.0,Colaba,18.9067,72.8147,1,Urban Heat Island Risk,0.0,12,34.1373687684037
2022-12-02,31.2,66.0,0.0,Colaba,18.9067,72.8147,1,Urban Heat Island Risk,0.0,12,37.69854809098076
2022-12-03,30.2,67.0,0.0,Colaba,18.9067,72.8147,1,Urban Heat Island Risk,0.0,12,38.60967608190868
2022-12-04,31.499999999999996,70.0,0.0,Colaba,18.9067,72.8147,1,Urban Heat Island Risk,0.0,12,31.894051808793357
2022-12-05,30.9,74.0,0.0,Colaba,18.9067,72.8147,1,Urban Heat Island Risk,0.0,12,39.38638757716441
2022-12-06,31.400000000000002,74.0,0.0,Colaba,18.9067,72.8147,1,Urban Heat Island Risk,0.0,12,29.732894908536878
2022-12-07,31.2,73.0,0.0,Colaba,18.9067,72.8147,1,Urban Heat Island Risk,0.0,12,38.2829519095803
2022-12-08,30.4,69.0,0.0,Colaba,18.9067,72.8147,1,Urban Heat Island Risk,0.0,12,36.58989479837068
2022-12-09,29.5,56.0,0.0,Colaba,18.9067,72.8147,1,Urban Heat Island Risk,0.0,12,51.48093513183275
2022-12-10,30.599999999999998,62.0,0.0,Colaba,18.9067,72.8147,1,Urban Heat Island Risk,0.0,12,51.622472060274845
2022-12-11,30.099999999999998,62.0,0.0,Colaba,18.9067,72.8147,1,Urban Heat Island Risk,0.0,12,38.46288265815758
2022-12-12,31.099999999999998,68.0,0.0,Colaba,18.9067,72.8147,1,Urban Heat Island Risk,0.0,12,39.77103931187338
2022-12-13,31.599999999999998,72.0,0.0,Colaba,18.9067,72.8147,1,Urban Heat Island Risk,0.0,12,30.632957142256583
2022-12-14,31.3,71.0,0.2,Colaba,18.9067,72.8147,1,Urban Heat Island Risk,0.2,12,41.171437535655606
2022-12-15,30.8,76.0,0.0,Colaba,18.9067,72.8147,1,Urban Heat Island Risk,0.2,12,32.473707954573925
2022-12-16,32.5,74.0,0.0,Colaba,18.9067,72.8147,1,Urban Heat Island Risk,0.2,12,31.569600458805226
2022-12-17,32.7,73.0,0.0,Colaba,18.9067,72.8147,1,Urban Heat Island Risk,0.2,12,23.668388498886554
2022-12-18,32.5,68.0,0.0,Colaba,18.9067,72.8147,1,Urban Heat Island Risk,0.2,12,28.13174372117482
2022-12-19,30.5,64.0,0.0,Colaba,18.9067,72.8147,1,Urban Heat Island Risk,0.2,12,35.344873624263464
2022-12-20,29.599999999999998,62.0,0.0,Colaba,18.9067,72.8147,1,Urban Heat Island Risk,0.2,12,49.711752354478776
2022-12-21,30.2,67.0,0.0,Colaba,18.9067,72.8147,1,Urban Heat Island Risk,0.2,12,38.01509822780207
2022-12-22,30.2,72.0,0.0,Colaba,18.9067,72.8147,1,Urban Heat Island Risk,0.2,12,44.95982129665914
2022-12-23,28.7,67.0,0.0,Colaba,18.9067,72.8147,1,Urban Heat Island Risk,0.2,12,48.979509858688346
2022-12-24,28.0,57.0,0.0,Colaba,18.9067,72.8147,1,Urban Heat Island Risk,0.2,12,54.09430480767235
2022-12-25,26.7,71.0,0.0,Colaba,18.9067,72.8147,1,Urban Heat Island Risk,0.2,12,62.772112870333984
2022-12-26,27.2,78.0,0.0,Colaba,18.9067,72.8147,1,Urban Heat Island Risk,0.2,12,55.390876641705766
2022-12-27,28.8,74.0,0.0,Colaba,18.9067,72.8147,1,Urban Heat Island Risk,0.2,12,51.18516890103776
2022-12-28,29.4,74.0,0.0,Colaba,18.9067,72.8147,1,Urban Heat Island Risk,0.2,12,54.385006155105394
2022-12-29,29.8,73.0,0.0,Colaba,18.9067,72.8147,1,Urban Heat Island Risk,0.2,12,40.57619273750309
2022-12-30,29.7,71.0,0.0,Colaba,18.9067,72.8147,1,Urban Heat Island Risk,0.2,12,50.892384049702564
2022-12-31,28.599999999999998,70.0,0.0,Colaba,18.9067,72.8147,1,Urban Heat Island Risk,0.2,12,58.7571548341056
2023-01-01,26.5,72.0,0.0,Colaba,18.9067,72.8147,1,Urban Heat Island Risk,0.2,1,59.085891721526444
2023-01-02,28.3,75.0,0.0,Colaba,18.9067,72.8147,1,Urban Heat Island Risk,0.2,1,45.6913936412139
2023-01-03,28.3,74.0,0.0,Colaba,18.9067,72.8147,1,Urban Heat Island Risk,0.2,1,54.47647116752548
2023-01-04,27.8,76.0,0.0,Colaba,18.9067,72.8147,1,Urban Heat Island Risk,0.0,1,53.06296238616562
2023-01-05,29.0,76.0,0.0,Colaba,18.9067,72.8147,1,Urban Heat Island Risk,0.0,1,58.34301609581501
2023-01-06,30.8,70.0,0.0,Colaba,18.9067,72.8147,1,Urban Heat Island Risk,0.0,1,38.97403770249916
2023-01-07,31.2,68.0,0.0,Colaba,18.9067,72.8147,1,Urban Heat Island Risk,0.0,1,32.522336293157444
2023-01-08,30.599999999999998,65.0,0.0,Colaba,18.9067,72.8147,1,Urban Heat Island Risk,0.0,1,34.19753577827478
2023-01-09,29.9,57.0,0.0,Colaba,18.9067,72.8147,1,Urban Heat Island Risk,0.0,1,49.34952479545416
2023-01-10,30.3,56.0,0.0,Colaba,18.9067,72.8147,1,Urban Heat Island Risk,0.0,1,38.77741346291239
2023-01-11,28.599999999999998,65.0,0.0,Colaba,18.9067,72.8147,1,Urban Heat Island Risk,0.0,1,51.48581066396882
2023-01-12,27.3,77.0,0.0,Colaba,18.9067,72.8147,1,Urban Heat Island Risk,0.0,1,63.41234705889573
2023-01-13,25.7,81.0,0.0,Colaba,18.9067,72.8147,1,Urban Heat Island Risk,0.0,1,65.27870824034586
2023-01-14,25.2,70.0,0.0,Colaba,18.9067,72.8147,1,Urban Heat Island Risk,0.0,1,70.30368918963252
2023-01-15,25.0,74.0,0.0,Colaba,18.9067,72.8147,1,Urban Heat Island Risk,0.0,1,71.58382461755406
2023-01-16,24.9,81.0,0.0,Colaba,18.9067,72.8147,1,Urban Heat Island Risk,0.0,1,75.6499558909138
2023-01-17,26.2,80.0,0.0,Colaba,18.9067,72.8147,1,Urban Heat Island Risk,0.0,1,67.8203883442183
2023-01-18,28.4,77.0,0.0,Colaba,18.9067,72.8147,1,Urban Heat Island Risk,0.0,1,51.299431343725864
2023-01-19,27.2,77.0,0.0,Colaba,18.9067,72.8147,1,Urban Heat Island Risk,0.0,1,59.5182453074826
2023-01-20,26.7,78.0,0.0,Colaba,18.9067,72.8147,1,Urban Heat Island Risk,0.0,1,60.17443827571589
2023-01-21,26.4,75.0,0.0,Colaba,18.9067,72.8147,1,Urban Heat Island Risk,0.0,1,56.345271298736115
2023-01-22,26.099999999999998,66.0,0.0,Colaba,18.9067,72.8147,1,Urban Heat Island Risk,0.0,1,66.721337620324
2023-01-23,24.9,61.0,0.0,Colaba,18.9067,72.8147,1,Urban Heat Island Risk,0.0,1,81.69429213749869
2023-01-24,24.7,63.0,0.0,Colaba,18.9067,72.8147,1,Urban Heat Island Risk,0.0,1,68.94807096321136
2023-01-25,25.7,60.0,0.0,Colaba,18.9067,72.8147,1,Urban Heat Island Risk,0.0,1,63.8348514519865
2023-01-26,26.4,63.0,0.0,Colaba,18.9067,72.8147,1,Urban Heat Island Risk,0.0,1,59.37969447511463
2023-01-27,31.7,71.0,0.0,Colaba,18.9067,72.8147,1,Urban Heat Island Risk,0.0,1,37.32295889361561
2023-01-28,30.0,80.0,0.0,Colaba,18.9067,72.8147,1,Urban Heat Island Risk,0.0,1,45.575760604315526
2023-01-29,25.099999999999998,94.0,1.0,Colaba,18.9067,72.8147,1,Urban Heat Island Risk,1.0,1,70.30731153791774
2023-01-30,27.2,84.0,0.0,Colaba,18.9067,72.8147,1,Urban Heat Island Risk,1.0,1,54.609904691805184
2023-01-31,29.599999999999998,70.0,0.0,Colaba,18.9067,72.8147,1,Urban Heat Island Risk,1.0,1,46.06188395819963
2023-02-01,32.7,58.0,0.0,Colaba,18.9067,72.8147,1,Urban Heat Island Risk,1.0,2,20.210222696654295
2023-02-02,33.1,57.0,0.0,Colaba,18.9067,72.8147,1,Urban Heat Island Risk,1.0,2,26.483799500954124
2023-02-03,31.400000000000002,59.0,0.0,Colaba,18.9067,72.8147,1,Urban Heat Island Risk,1.0,2,39.75762193043966
2023-02-04,30.8,61.0,0.0,Colaba,18.9067,72.8147,1,Urban Heat Island Risk,1.0,2,32.544004316831604
2023-02-05,30.099999999999998,67.0,0.0,Colaba,18.9067,72.8147,1,Urban Heat Island Risk,1.0,2,35.10407528251836
2023-02-06,28.599999999999998,71.0,0.0,Colaba,18.9067,72.8147,1,Urban Heat Island Risk,1.0,2,59.16385612514098
2023-02-07,30.5,66.0,0.0,Colaba,18.9067,72.8147,1,Urban Heat Island Risk,1.0,2,37.441201802477075
2023-02-08,30.3,65.0,0.0,Colaba,18.9067,72.8147,1,Urban Heat Island Risk,1.0,2,47.31307256305244
2023-02-09,32.900000000000006,58.0,0.0,Colaba,18.9067,72.8147,1,Urban Heat Island Risk,1.0,2,26.130011674010813
2023-02-10,30.7,62.0,0.0,Colaba,18.9067,72.8147,1,Urban Heat Island Risk,1.0,2,38.556892581960035
2023-02-11,30.9,56.0,0.0,Colaba,18.9067,72.8147,1,Urban Heat Island Risk,1.0,2,40.42539683081657
2023-02-12,31.900000000000002,51.0,0.0,Colaba,18.9067,72.8147,1,Urban Heat Island Risk,1.0,2,28.146672382934455
2023-02-13,33.0,44.0,0.0,Colaba,18.9067,72.8147,1,Urban Heat Island Risk,1.0,2,26.995819050811562
2023-02-14,32.2,47.0,0.0,Colaba,18.9067,72.8147,1,Urban Heat Island Risk,1.0,2,28.95921959254619
2023-02-15,32.300000000000004,50.0,0.0,Colaba,18.9067,72.8147,1,Urban Heat Island Risk,1.0,2,23.697532782974818
2023-02-16,34.1,42.0,0.0,Colaba,18.9067,72.8147,1,Urban Heat Island Risk,1.0,2,21.78741037363199
2023-02-17,33.400000000000006,42.0,0.0,Colaba,18.9067,72.8147,1,Urban Heat Island Risk,1.0,2,22.750127632277053
2023-02-18,34.1,41.0,0.0,Colaba,18.9067,72.8147,1,Urban Heat Island Risk,1.0,2,19.314875857776457
2023-02-19,34.800000000000004,48.0,0.0,Colaba,18.9067,72.8147,1,Urban Heat Island Risk,0.0,2,10.082528616262518
2023-02-20,30.099999999999998,68.0,0.0,Colaba,18.9067,72.8147,1,Urban Heat Island Risk,0.0,2,50.7236685054807
2023-02-21,31.2,69.0,0.0,Colaba,18.9067,72.8147,1,Urban Heat Island Risk,0.0,2,40.916904265263916
2023-02-22,29.2,73.0,0.0,Colaba,18.9067,72.8147,1,Urban Heat Island Risk,0.0,2,52.68744608752656
2023-02-23,31.999999999999996,56.0,0.0,Colaba,18.9067,72.8147,1,Urban Heat Island Risk,0.0,2,30.472776487791613
2023-02-24,33.400000000000006,49.0,0.0,Colaba,18.9067,72.8147,1,Urban Heat Island Risk,0.0,2,15.420752219149533
2023-02-25,33.0,45.0,0.0,Colaba,18.9067,72.8147,1,Urban Heat Island Risk,0.0,2,36.09792024578089
2023-02-26,34.0,46.0,0.0,Colaba,18.9067,72.8147,1,Urban Heat Island Risk,0.0,2,20.361179126637328
2023-02-27,34.0,47.0,0.0,Colaba,18.9067,72.8147,1,Urban Heat Island Risk,0.0,2,16.9226676865664
2023-02-28,32.400000000000006,55.0,0.0,Colaba,18.9067,72.8147,1,Urban Heat Island Risk,0.0,2,31.817341205748868
2023-03-01,31.900000000000002,58.0,0.0,Colaba,18.9067,72.8147,1,Urban Heat Island Risk,0.0,3,20.835603940016487
2023-03-02,34.300000000000004,52.0,0.0,Colaba,18.9067,72.8147,1,Urban Heat Island Risk,0.0,3,14.884747219572668
2023-03-03,32.900000000000006,61.0,0.0,Colaba,18.9067,72.8147,1,Urban Heat Island Risk,0.0,3,21.39287583969687
2023-03-04,33.400000000000006,67.0,0.0,Colaba,18.9067,72.8147,1,Urban Heat Island Risk,0.0,3,20.41499969258434
2023-03-05,35.400000000000006,61.0,0.0,Colaba,18.9067,72.8147,1,Urban Heat Island Risk,0.0,3,9.618094062989709
2023-03-06,35.5,48.0,0.1,Colaba,18.9067,72.8147,1,Urban Heat Island Risk,0.1,3,11.631049471702617
2023-03-07,35.2,51.0,0.0,Colaba,18.9067,72.8147,1,Urban Heat Island Risk,0.1,3,19.787685816398838
2023-03-08,34.400000000000006,54.0,0.0,Colaba,18.9067,72.8147,1,Urban Heat Island Risk,0.1,3,5.0
2023-03-09,35.7,39.0,0.0,Colaba,18.9067,72.8147,1,Urban Heat Island Risk,0.1,3,14.252721534175055
2023-03-10,34.400000000000006,37.0,0.0,Colaba,18.9067,72.8147,1,Urban Heat Island Risk,0.1,3,7.845843991876641
2023-03-11,36.0,44.0,0.0,Colaba,18.9067,72.8147,1,Urban Heat Island Risk,0.1,3,12.617230992832376
2023-03-12,36.900000000000006,45.0,0.0,Colaba,18.9067,72.8147,1,Urban Heat Island Risk,0.1,3,13.505899554853979
2023-03-13,36.5,55.0,0.0,Colaba,18.9067,72.8147,1,Urban Heat Island Risk,0.1,3,13.208778110462461
2023-03-14,35.7,68.0,0.0,Colaba,18.9067,72.8147,1,Urban Heat Island Risk,0.1,3,12.238693739436957
2023-03-15,33.900000000000006,65.0,0.0,Colaba,18.9067,72.8147,1,Urban Heat Island Risk,0.1,3,9.514281751855929
2023-03-16,31.499999999999996,72.0,13.3,Colaba,18.9067,72.8147,1,Urban Heat Island Risk,13.4,3,26.45955633409343
2023-03-17,29.8,81.0,0.7,Colaba,18.9067,72.8147,1,Urban Heat Island Risk,14.1,3,24.337310020806754
2023-03-18,30.0,84.0,0.0,Colaba,18.9067,72.8147,1,Urban Heat Island Risk,14.1,3,9.189670898718585
2023-03-19,29.0,79.0,0.0,Colaba,18.9067,72.8147,1,Urban Heat Island Risk,14.1,3,22.910583756517838
2023-03-20,28.7,72.0,0.0,Colaba,18.9067,72.8147,1,Urban Heat Island Risk,14.1,3,13.002672547635736
2023-03-21,28.2,77.0,0.7,Colaba,18.9067,72.8147,1,Urban Heat Island Risk,14.8,3,15.645937366658552
2023-03-22,29.2,77.0,0.0,Colaba,18.9067,72.8147,1,Urban Heat Island Risk,14.8,3,14.68363020051542
2023-03-23,29.3,78.0,0.4,Colaba,18.9067,72.8147,1,Urban Heat Island Risk,15.200000000000001,3,11.70125679373017
2023-03-24,29.4,80.0,0.0,Colaba,18.9067,72.8147,1,Urban Heat Island Risk,15.200000000000001,3,19.919261718030732
2023-03-25,28.9,74.0,0.0,Colaba,18.9067,72.8147,1,Urban Heat Island Risk,15.200000000000001,3,15.629432652883288
2023-03-26,28.7,74.0,0.0,Colaba,18.9067,72.8147,1,Urban Heat Island Risk,15.200000000000001,3,12.617242883903792
2023-03-27,29.0,81.0,0.0,Colaba,18.9067,72.8147,1,Urban Heat Island Risk,15.100000000000001,3,8.477052780997637
2023-03-28,29.099999999999998,83.0,0.0,Colaba,18.9067,72.8147,1,Urban Heat Island Risk,15.100000000000001,3,10.532024931404397
2023-03-29,29.099999999999998,84.0,0.0,Colaba,18.9067,72.8147,1,Urban Heat Island Risk,15.100000000000001,3,6.793099421989515
2023-03-30,28.7,80.0,0.2,Colaba,18.9067,72.8147,1,Urban Heat Island Risk,15.3,3,15.061117742075847
2023-03-31,28.599999999999998,80.0,0.4,Colaba,18.9067,72.8147,1,Urban Heat Island Risk,15.700000000000001,3,9.01667203857802
2023-04-01,29.2,80.0,0.0,Colaba,18.9067,72.8147,1,Urban Heat Island Risk,15.700000000000001,4,13.672197437407293
2023-04-02,29.2,82.0,0.0,Colaba,18.9067,72.8147,1,Urban Heat Island Risk,15.700000000000001,4,21.850509268051855
2023-04-03,29.3,82.0,0.0,Colaba,18.9067,72.8147,1,Urban Heat Island Risk,15.700000000000001,4,20.996497864607928
2023-04-04,30.0,85.0,0.0,Colaba,18.9067,72.8147,1,Urban Heat Island Risk,15.700000000000001,4,14.83861552948691
2023-04-05,30.2,87.0,0.0,Colaba,18.9067,72.8147,1,Urban Heat Island Risk,15.700000000000001,4,14.56457636928425
2023-04-06,32.2,77.0,0.0,Colaba,18.9067,72.8147,1,Urban Heat Island Risk,2.4,4,24.39937274710504
2023-04-07,33.300000000000004,60.0,0.0,Colaba,18.9067,72.8147,1,Urban Heat Island Risk,1.7,4,17.603780601793556
2023-04-08,34.2,61.0,0.0,Colaba,18.9067,72.8147,1,Urban Heat Island Risk,1.7,4,13.360967700617385
2023-04-09,35.0,63.0,0.0,Colaba,18.9067,72.8147,1,Urban Heat Island Risk,1.7,4,7.86990941439774
2023-04-10,35.1,66.0,0.0,Colaba,18.9067,72.8147,1,Urban Heat Island Risk,1.7,4,16.969366090823716
2023-04-11,34.1,67.0,0.0,Colaba,18.9067,72.8147,1,Urban Heat Island Risk,1.0,4,19.146618862914313
2023-04-12,34.900000000000006,60.0,0.0,Colaba,18.9067,72.8147,1,Urban Heat Island Risk,1.0,4,11.84174237743178
2023-04-13,34.400000000000006,56.0,0.0,Colaba,18.9067,72.8147,1,Urban Heat Island Risk,0.6000000000000001,4,16.456013775690163
2023-04-14,34.400000000000006,65.0,0.0,Colaba,18.9067,72.8147,1,Urban Heat Island Risk,0.6000000000000001,4,13.182133525424854
2023-04-15,34.400000000000006,68.0,0.0,Colaba,18.9067,72.8147,1,Urban Heat Island Risk,0.6000000000000001,4,14.079838004004987
2023-04-16,33.2,77.0,0.0,Colaba,18.9067,72.8147,1,Urban Heat Island Risk,0.6000000000000001,4,5.0
2023-04-17,33.2,77.0,0.0,Colaba,18.9067,72.8147,1,Urban Heat Island Risk,0.6000000000000001,4,13.891092981419323
2023-04-18,36.400000000000006,56.0,0.0,Colaba,18.9067,72.8147,1,Urban Heat Island Risk,0.6000000000000001,4,19.846846512040273
2023-04-19,35.7,52.0,0.0,Colaba,18.9067,72.8147,1,Urban Heat Island Risk,0.6000000000000001,4,11.84298722216721
2023-04-20,34.1,67.0,0.0,Colaba,18.9067,72.8147,1,Urban Heat Island Risk,0.4,4,15.262631841076582
2023-04-21,31.499999999999996,78.0,0.0,Colaba,18.9067,72.8147,1,Urban Heat Island Risk,0.0,4,11.220246466540399
2023-04-22,30.8,84.0,0.0,Colaba,18.9067,72.8147,1,Urban Heat Island Risk,0.0,4,16.802208381463863
2023-04-23,30.7,81.0,0.0,Colaba,18.9067,72.8147,1,Urban Heat Island Risk,0.0,4,13.917384012319133
2023-04-24,31.499999999999996,84.0,0.0,Colaba,18.9067,72.8147,1,Urban Heat Island Risk,0.0,4,10.303792296589965
2023-04-25,31.900000000000002,84.0,0.0,Colaba,18.9067,72.8147,1,Urban Heat Island Risk,0.0,4,21.66275733832564
2023-04-26,30.599999999999998,80.0,0.0,Colaba,18.9067,72.8147,1,Urban Heat Island Risk,0.0,4,19.644660067661075
2023-04-27,31.099999999999998,78.0,0.0,Colaba,18.9067,72.8147,1,Urban Heat Island Risk,0.0,4,11.975466180359126
2023-04-28,31.099999999999998,79.0,0.0,Colaba,18.9067,72.8147,1,Urban Heat Island Risk,0.0,4,17.48894154708889
2023-04-29,30.8,76.0,0.4,Colaba,18.9067,72.8147,1,Urban Heat Island Risk,0.4,4,17.687060014101903
2023-04-30,30.7,77.0,0.5,Colaba,18.9067,72.8147,1,Urban Heat Island Risk,0.9,4,18.21150617505588
2023-05-01,30.8,74.0,2.1,Colaba,18.9067,72.8147,1,Urban Heat Island Risk,3.0,5,6.528720520024612
2023-05-02,30.7,73.0,0.7,Colaba,18.9067,72.8147,1,Urban Heat Island Risk,3.7,5,20.03303270516314
2023-05-03,31.0,73.0,0.0,Colaba,18.9067,72.8147,1,Urban Heat Island Risk,3.7,5,12.151505185371343
2023-05-04,30.8,79.0,0.5,Colaba,18.9067,72.8147,1,Urban Heat Island Risk,4.2,5,13.210860332793665
2023-05-05,31.499999999999996,80.0,0.4,Colaba,18.9067,72.8147,1,Urban Heat Island Risk,4.6,5,28.189408761301
2023-05-06,31.099999999999998,82.0,0.1,Colaba,18.9067,72.8147,1,Urban Heat Island Risk,4.7,5,16.50936690360506
2023-05-07,29.2,85.0,8.2,Colaba,18.9067,72.8147,1,Urban Heat Island Risk,12.899999999999999,5,13.068387622764122
2023-05-08,31.400000000000002,79.0,0.5,Colaba,18.9067,72.8147,1,Urban Heat Island Risk,13.399999999999999,5,5.0
2023-05-09,32.2,80.0,0.0,Colaba,18.9067,72.8147,1,Urban Heat Island Risk,13.399999999999999,5,21.948820669731777
2023-05-10,33.2,84.0,0.0,Colaba,18.9067,72.8147,1,Urban Heat Island Risk,13.399999999999999,5,8.273951645956988
2023-05-11,33.7,84.0,0.0,Colaba,18.9067,72.8147,1,Urban Heat Island Risk,13.399999999999999,5,9.982805482502481
2023-05-12,33.2,85.0,0.0,Colaba,18.9067,72.8147,1,Urban Heat Island Risk,13.399999999999999,5,13.343238504560754
2023-05-13,32.5,82.0,0.0,Colaba,18.9067,72.8147,1,Urban Heat Island Risk,13.399999999999999,5,22.082058958501463
2023-05-14,32.400000000000006,81.0,0.0,Colaba,18.9067,72.8147,1,Urban Heat Island Risk,13.399999999999999,5,18.866199933328797
2023-05-15,32.400000000000006,79.0,0.5,Colaba,18.9067,72.8147,1,Urban Heat Island Risk,13.899999999999999,5,14.2108124507987
2023-05-16,32.800000000000004,76.0,0.3,Colaba,18.9067,72.8147,1,Urban Heat Island Risk,14.2,5,16.541460318194105
2023-05-17,32.6,77.0,0.0,Colaba,18.9067,72.8147,1,Urban Heat Island Risk,14.2,5,11.99807153564447
2023-05-18,32.400000000000006,81.0,0.1,Colaba,18.9067,72.8147,1,Urban Heat Island Risk,14.299999999999999,5,15.698268447826754
2023-05-19,32.7,83.0,0.2,Colaba,18.9067,72.8147,1,Urban Heat Island Risk,14.499999999999998,5,15.366683723890683
2023-05-20,31.8,80.0,0.0,Colaba,18.9067,72.8147,1,Urban Heat Island Risk,14.099999999999998,5,19.843849478406767
2023-05-21,32.1,77.0,0.0,Colaba,18.9067,72.8147,1,Urban Heat Island Risk,13.599999999999998,5,19.835890612194746
2023-05-22,32.2,80.0,0.0,Colaba,18.9067,72.8147,1,Urban Heat Island Risk,11.499999999999998,5,17.469886911028226
2023-05-23,32.7,82.0,0.0,Colaba,18.9067,72.8147,1,Urban Heat Island Risk,10.799999999999999,5,13.188262212269489
2023-05-24,32.5,79.0,0.0,Colaba,18.9067,72.8147,1,Urban Heat Island Risk,10.799999999999999,5,18.70911147195063
2023-05-25,32.400000000000006,70.0,0.0,Colaba,18.9067,72.8147,1,Urban Heat Island Risk,10.299999999999999,5,14.540157668984767
2023-05-26,31.900000000000002,70.0,2.0,Colaba,18.9067,72.8147,1,Urban Heat Island Risk,11.899999999999999,5,9.590428156434335
2023-05-27,32.900000000000006,67.0,0.0,Colaba,18.9067,72.8147,1,Urban Heat Island Risk,11.799999999999999,5,12.983561040445306
2023-05-28,33.0,71.0,0.0,Colaba,18.9067,72.8147,1,Urban Heat Island Risk,3.6,5,15.422634918921622
2023-05-29,32.800000000000004,80.0,0.0,Colaba,18.9067,72.8147,1,Urban Heat Island Risk,3.1,5,19.551078918323725
2023-05-30,33.0,84.0,0.0,Colaba,18.9067,72.8147,1,Urban Heat Island Risk,3.1,5,14.082359139214235
2023-05-31,33.7,83.0,0.0,Colaba,18.9067,72.8147,1,Urban Heat Island Risk,3.1,5,8.954006443801969
2023-06-01,32.7,85.0,0.0,Colaba,18.9067,72.8147,1,Urban Heat Island Risk,3.1,6,15.283708416484098
2023-06-02,32.6,77.0,0.0,Colaba,18.9067,72.8147,1,Urban Heat Island Risk,3.1,6,15.567280200282761
2023-06-03,33.7,72.0,0.1,Colaba,18.9067,72.8147,1,Urban Heat Island Risk,3.2,6,15.929188144513764
2023-06-04,32.800000000000004,75.0,0.8,Colaba,18.9067,72.8147,1,Urban Heat Island Risk,4.0,6,19.59935757977215
2023-06-05,32.400000000000006,76.0,0.4,Colaba,18.9067,72.8147,1,Urban Heat Island Risk,3.9000000000000004,6,20.094616200449494
2023-06-06,33.0,74.0,0.1,Colaba,18.9067,72.8147,1,Urban Heat Island Risk,3.7,6,12.028945638091667
2023-06-07,32.7,74.0,0.0,Colaba,18.9067,72.8147,1,Urban Heat Island Risk,3.7,6,11.919282709755283
2023-06-08,33.2,73.0,0.8,Colaba,18.9067,72.8147,1,Urban Heat Island Risk,4.4,6,9.799006445222634
2023-06-09,32.2,81.0,4.0,Colaba,18.9067,72.8147,1,Urban Heat Island Risk,8.2,6,18.494078351402383
2023-06-10,32.400000000000006,79.0,3.6,Colaba,18.9067,72.8147,1,Urban Heat Island Risk,11.8,6,22.244100541688578
2023-06-11,31.900000000000002,78.0,3.8,Colaba,18.9067,72.8147,1,Urban Heat Island Risk,15.6,6,13.424590360455383
2023-06-12,31.400000000000002,83.0,5.3,Colaba,18.9067,72.8147,1,Urban Heat Island Risk,20.9,6,13.792847176375034
2023-06-13,30.2,85.0,5.6,Colaba,18.9067,72.8147,1,Urban Heat Island Risk,26.5,6,22.33391278449488
2023-06-14,29.4,84.0,2.8,Colaba,18.9067,72.8147,1,Urban Heat Island Risk,29.3,6,17.52778926607504
2023-06-15,31.099999999999998,79.0,2.8,Colaba,18.9067,72.8147,1,Urban Heat Island Risk,32.1,6,17.181178524005276
2023-06-16,30.5,80.0,4.6,Colaba,18.9067,72.8147,1,Urban Heat Island Risk,34.7,6,9.045417470131365
2023-06-17,30.599999999999998,84.0,6.6,Colaba,18.9067,72.8147,1,Urban Heat Island Risk,41.3,6,18.393640346397095
2023-06-18,30.3,84.0,4.6,Colaba,18.9067,72.8147,1,Urban Heat Island Risk,45.9,6,10.354318297451208
2023-06-19,30.599999999999998,82.0,2.4,Colaba,18.9067,72.8147,1,Urban Heat Island Risk,48.3,6,9.32989907032521
2023-06-20,30.7,83.0,1.1,Colaba,18.9067,72.8147,1,Urban Heat Island Risk,49.4,6,13.266142116166439
2023-06-21,30.7,84.0,2.9,Colaba,18.9067,72.8147,1,Urban Heat Island Risk,52.3,6,12.07103638275655
2023-06-22,30.7,81.0,1.9,Colaba,18.9067,72.8147,1,Urban Heat Island Risk,54.199999999999996,6,13.892001528074804
2023-06-23,30.0,86.0,2.9,Colaba,18.9067,72.8147,1,Urban Heat Island Risk,57.1,6,7.795091827375407
2023-06-24,28.4,91.0,20.7,Colaba,18.9067,72.8147,1,Urban Heat Island Risk,77.69999999999999,6,19.79408153233836
2023-06-25,26.7,93.0,32.9,Colaba,18.9067,72.8147,1,Urban Heat Island Risk,109.8,6,20.638431472582145
2023-06-26,25.9,96.0,23.2,Colaba,18.9067,72.8147,1,Urban Heat Island Risk,132.6,6,5.263287629295929
2023-06-27,26.2,96.0,23.2,Colaba,18.9067,72.8147,1,Urban Heat Island Risk,155.7,6,19.89228902833275
2023-06-28,27.0,95.0,45.7,Colaba,18.9067,72.8147,1,Urban Heat Island Risk,201.4,6,10.947356850891868
2023-06-29,26.0,96.0,50.0,Colaba,18.9067,72.8147,1,Urban Heat Island Risk,250.6,6,19.28487768491393
2023-06-30,26.0,96.0,55.8,Colaba,18.9067,72.8147,1,Urban Heat Island Risk,302.4,6,14.657767536667922
2023-07-01,27.4,95.0,40.5,Colaba,18.9067,72.8147,1,Urban Heat Island Risk,339.3,7,15.143877820404994
2023-07-02,27.599999999999998,94.0,34.7,Colaba,18.9067,72.8147,1,Urban Heat Island Risk,370.2,7,14.074511752893907
2023-07-03,28.099999999999998,93.0,8.6,Colaba,18.9067,72.8147,1,Urban Heat Island Risk,373.5,7,21.06064602116743
2023-07-04,28.4,94.0,48.3,Colaba,18.9067,72.8147,1,Urban Heat Island Risk,416.2,7,8.802059937374858
2023-07-05,27.5,95.0,35.9,Colaba,18.9067,72.8147,1,Urban Heat Island Risk,449.3,7,18.039201693675043
2023-07-06,26.2,98.0,97.5,Colaba,18.9067,72.8147,1,Urban Heat Island Risk,544.0,7,20.506650824447753
2023-07-07,27.0,95.0,50.7,Colaba,18.9067,72.8147,1,Urban Heat Island Risk,590.1,7,18.581700402702054
2023-07-08,28.9,89.0,13.0,Colaba,18.9067,72.8147,1,Urban Heat Island Risk,596.5,7,26.623494571617087
2023-07-09,28.4,87.0,10.8,Colaba,18.9067,72.8147,1,Urban Heat Island Risk,602.7,7,12.355266186376506
2023-07-10,27.9,87.0,3.5,Colaba,18.9067,72.8147,1,Urban Heat Island Risk,603.8,7,19.786524112967655
2023-07-11,28.7,87.0,4.3,Colaba,18.9067,72.8147,1,Urban Heat Island Risk,607.0,7,14.469546823292898
2023-07-12,26.2,95.0,12.2,Colaba,18.9067,72.8147,1,Urban Heat Island Risk,616.3,7,21.167030381763347
2023-07-13,26.5,95.0,10.9,Colaba,18.9067,72.8147,1,Urban Heat Island Risk,625.3,7,14.961555021393153
2023-07-14,26.599999999999998,95.0,32.7,Colaba,18.9067,72.8147,1,Urban Heat Island Risk,655.1,7,13.060621090687652
2023-07-15,26.599999999999998,94.0,16.7,Colaba,18.9067,72.8147,1,Urban Heat Island Risk,651.0999999999999,7,21.530361019358146
2023-07-16,27.099999999999998,96.0,30.5,Colaba,18.9067,72.8147,1,Urban Heat Island Risk,648.6999999999999,7,12.54219030490535
2023-07-17,26.599999999999998,96.0,63.8,Colaba,18.9067,72.8147,1,Urban Heat Island Risk,689.3000000000001,7,7.936371205497219
2023-07-18,25.599999999999998,96.0,67.7,Colaba,18.9067,72.8147,1,Urban Heat Island Risk,733.8,7,12.415765584130858
2023-07-19,26.4,96.0,44.8,Colaba,18.9067,72.8147,1,Urban Heat Island Risk,732.9,7,18.095164732942663
2023-07-20,27.099999999999998,93.0,36.4,Colaba,18.9067,72.8147,1,Urban Heat Island Risk,719.3,7,21.960193757935457
2023-07-21,26.7,94.0,40.9,Colaba,18.9067,72.8147,1,Urban Heat Island Risk,704.4,7,15.55564687648256
2023-07-22,25.599999999999998,96.0,42.7,Colaba,18.9067,72.8147,1,Urban Heat Island Risk,706.6,7,21.590985336170128
2023-07-23,26.9,95.0,34.8,Colaba,18.9067,72.8147,1,Urban Heat Island Risk,706.6999999999999,7,8.209125392612032
2023-07-24,27.3,94.0,58.2,Colaba,18.9067,72.8147,1,Urban Heat Island Risk,756.3000000000001,7,12.783682675910486
2023-07-25,26.3,95.0,44.1,Colaba,18.9067,72.8147,1,Urban Heat Island Risk,752.1,7,13.557124414229495
2023-07-26,26.2,96.0,93.9,Colaba,18.9067,72.8147,1,Urban Heat Island Risk,810.1,7,14.427202862637401
2023-07-27,26.3,95.0,90.9,Colaba,18.9067,72.8147,1,Urban Heat Island Risk,803.5,7,15.420471941250982
2023-07-28,26.2,96.0,49.8,Colaba,18.9067,72.8147,1,Urban Heat Island Risk,802.6,7,18.454554786960962
2023-07-29,28.0,89.0,12.3,Colaba,18.9067,72.8147,1,Urban Heat Island Risk,801.9,7,12.775965809147548
2023-07-30,28.0,88.0,9.3,Colaba,18.9067,72.8147,1,Urban Heat Island Risk,800.4,7,15.695143434765628
2023-07-31,27.7,90.0,9.9,Colaba,18.9067,72.8147,1,Urban Heat Island Risk,806.8000000000001,7,14.774385548379742
2023-08-01,28.099999999999998,89.0,6.1,Colaba,18.9067,72.8147,1,Urban Heat Island Risk,808.6,8,10.37055048054425
2023-08-02,27.8,89.0,15.1,Colaba,18.9067,72.8147,1,Urban Heat Island Risk,811.5,8,14.431666554592823
2023-08-03,28.0,89.0,6.3,Colaba,18.9067,72.8147,1,Urban Heat Island Risk,806.9000000000001,8,14.28170235051441
2023-08-04,27.599999999999998,90.0,2.5,Colaba,18.9067,72.8147,1,Urban Heat Island Risk,776.7,8,14.17459717498477
2023-08-05,28.5,88.0,3.8,Colaba,18.9067,72.8147,1,Urban Heat Island Risk,763.8000000000001,8,15.158797282907253
2023-08-06,28.0,88.0,2.8,Colaba,18.9067,72.8147,1,Urban Heat Island Risk,736.1,8,15.37836770306693
2023-08-07,28.2,88.0,2.2,Colaba,18.9067,72.8147,1,Urban Heat Island Risk,674.5,8,12.83852410446335
2023-08-08,28.2,88.0,2.3,Colaba,18.9067,72.8147,1,Urban Heat Island Risk,609.0999999999999,8,21.363573669856322
2023-08-09,28.2,88.0,3.0,Colaba,18.9067,72.8147,1,Urban Heat Island Risk,567.3,8,9.152596853984917
2023-08-10,27.599999999999998,90.0,7.3,Colaba,18.9067,72.8147,1,Urban Heat Island Risk,538.2,8,11.395149457650518
2023-08-11,28.2,87.0,3.7,Colaba,18.9067,72.8147,1,Urban Heat Island Risk,501.00000000000006,8,28.89981812111778
2023-08-12,26.4,91.0,5.4,Colaba,18.9067,72.8147,1,Urban Heat Island Risk,463.7,8,9.81004322505385
2023-08-13,28.4,87.0,5.0,Colaba,18.9067,72.8147,1,Urban Heat Island Risk,433.9,8,8.231226626451207
2023-08-14,28.599999999999998,85.0,2.6,Colaba,18.9067,72.8147,1,Urban Heat Island Risk,378.3,8,18.67238372500609
2023-08-15,27.4,88.0,3.5,Colaba,18.9067,72.8147,1,Urban Heat Island Risk,337.70000000000005,8,5.0
2023-08-16,28.2,89.0,4.5,Colaba,18.9067,72.8147,1,Urban Heat Island Risk,248.3,8,13.823630450137806
2023-08-17,28.5,88.0,3.5,Colaba,18.9067,72.8147,1,Urban Heat Island Risk,160.9,8,25.729124625382443
2023-08-18,28.099999999999998,86.0,2.0,Colaba,18.9067,72.8147,1,Urban Heat Island Risk,113.1,8,7.275320389232998
2023-08-19,27.9,89.0,4.1,Colaba,18.9067,72.8147,1,Urban Heat Island Risk,104.9,8,5.090177571306434
2023-08-20,27.099999999999998,93.0,10.5,Colaba,18.9067,72.8147,1,Urban Heat Island Risk,106.1,8,7.5040939902115085
2023-08-21,27.9,91.0,3.8,Colaba,18.9067,72.8147,1,Urban Heat Island Risk,100.0,8,19.49179784173493
2023-08-22,27.9,91.0,6.1,Colaba,18.9067,72.8147,1,Urban Heat Island Risk,100.0,8,20.623883599929062
2023-08-23,28.599999999999998,87.0,3.8,Colaba,18.9067,72.8147,1,Urban Heat Island Risk,88.7,8,12.437056015107455
2023-08-24,28.0,90.0,6.5,Colaba,18.9067,72.8147,1,Urban Heat Island Risk,88.9,8,18.416062020005345
2023-08-25,27.7,91.0,6.2,Colaba,18.9067,72.8147,1,Urban Heat Island Risk,92.6,8,21.95127663755995
2023-08-26,27.099999999999998,93.0,14.3,Colaba,18.9067,72.8147,1,Urban Heat Island Risk,103.10000000000001,8,23.936732072149127
2023-08-27,27.0,94.0,15.1,Colaba,18.9067,72.8147,1,Urban Heat Island Risk,115.4,8,13.768323594100758
2023-08-28,26.7,93.0,4.1,Colaba,18.9067,72.8147,1,Urban Heat Island Risk,117.30000000000001,8,5.0
2023-08-29,27.8,91.0,3.6,Colaba,18.9067,72.8147,1,Urban Heat Island Risk,118.60000000000001,8,10.895605387951566
2023-08-30,28.5,91.0,0.7,Colaba,18.9067,72.8147,1,Urban Heat Island Risk,116.30000000000001,8,12.865979025323712
2023-08-31,29.2,90.0,0.7,Colaba,18.9067,72.8147,1,Urban Heat Island Risk,109.69999999999999,8,13.705306017108047
2023-09-01,29.7,91.0,1.2,Colaba,18.9067,72.8147,1,Urban Heat Island Risk,107.2,9,14.060702994956403
2023-09-02,27.9,94.0,2.6,Colaba,18.9067,72.8147,1,Urban Heat Island Risk,104.4,9,20.594472989653347
2023-09-03,28.3,91.0,10.0,Colaba,18.9067,72.8147,1,Urban Heat Island Risk,109.4,9,21.372142133437908
2023-09-04,28.7,89.0,2.2,Colaba,18.9067,72.8147,1,Urban Heat Island Risk,109.00000000000001,9,14.141631730376083
2023-09-05,28.3,88.0,2.4,Colaba,18.9067,72.8147,1,Urban Heat Island Risk,107.9,9,20.492424380259095
2023-09-06,29.099999999999998,86.0,1.0,Colaba,18.9067,72.8147,1,Urban Heat Island Risk,104.4,9,16.788306833155445
2023-09-07,27.5,89.0,10.2,Colaba,18.9067,72.8147,1,Urban Heat Island Risk,111.10000000000001,9,15.322529864312859
2023-09-08,27.3,94.0,50.6,Colaba,18.9067,72.8147,1,Urban Heat Island Risk,159.7,9,19.53272078554982
2023-09-09,28.2,93.0,15.9,Colaba,18.9067,72.8147,1,Urban Heat Island Risk,171.5,9,15.361260241189578
2023-09-10,28.2,93.0,5.5,Colaba,18.9067,72.8147,1,Urban Heat Island Risk,166.5,9,25.28905588548881
2023-09-11,28.0,93.0,4.7,Colaba,18.9067,72.8147,1,Urban Heat Island Risk,167.39999999999998,9,7.807944166027204
2023-09-12,28.3,90.0,4.7,Colaba,18.9067,72.8147,1,Urban Heat Island Risk,166.0,9,12.424145504539911
2023-09-13,27.599999999999998,92.0,3.6,Colaba,18.9067,72.8147,1,Urban Heat Island Risk,165.8,9,14.36740551523025
2023-09-14,28.0,91.0,2.2,Colaba,18.9067,72.8147,1,Urban Heat Island Risk,161.5,9,17.197263452289953
2023-09-15,28.5,87.0,2.1,Colaba,18.9067,72.8147,1,Urban Heat Island Risk,157.4,9,21.339802435515445
2023-09-16,27.7,89.0,7.3,Colaba,18.9067,72.8147,1,Urban Heat Island Risk,150.4,9,14.878007163819216
2023-09-17,28.4,87.0,8.2,Colaba,18.9067,72.8147,1,Urban Heat Island Risk,143.5,9,7.888851752468964
2023-09-18,26.4,95.0,30.9,Colaba,18.9067,72.8147,1,Urban Heat Island Risk,170.29999999999998,9,19.212569482275022
2023-09-19,27.599999999999998,93.0,12.3,Colaba,18.9067,72.8147,1,Urban Heat Island Risk,179.0,9,18.77479383070982
2023-09-20,27.3,94.0,11.1,Colaba,18.9067,72.8147,1,Urban Heat Island Risk,189.4,9,5.29070670310297
2023-09-21,27.3,95.0,20.7,Colaba,18.9067,72.8147,1,Urban Heat Island Risk,209.39999999999998,9,14.980979331646003
2023-09-22,27.3,96.0,14.9,Colaba,18.9067,72.8147,1,Urban Heat Island Risk,223.1,9,7.0492908465985105
2023-09-23,27.7,96.0,35.3,Colaba,18.9067,72.8147,1,Urban Heat Island Risk,255.8,9,11.676744512489687
2023-09-24,27.3,95.0,15.3,Colaba,18.9067,72.8147,1,Urban Heat Island Risk,261.1,9,10.485955365186001
2023-09-25,27.599999999999998,94.0,17.7,Colaba,18.9067,72.8147,1,Urban Heat Island Risk,276.6,9,19.04632349120993
2023-09-26,28.2,94.0,4.4,Colaba,18.9067,72.8147,1,Urban Heat Island Risk,278.59999999999997,9,15.584150870860919
2023-09-27,28.3,96.0,21.0,Colaba,18.9067,72.8147,1,Urban Heat Island Risk,298.59999999999997,9,8.572044996219862
2023-09-28,29.2,96.0,22.6,Colaba,18.9067,72.8147,1,Urban Heat Island Risk,311.0,9,19.400329814786712
2023-09-29,29.7,96.0,25.9,Colaba,18.9067,72.8147,1,Urban Heat Island Risk,286.29999999999995,9,7.830970880357928
2023-09-30,31.7,93.0,13.2,Colaba,18.9067,72.8147,1,Urban Heat Island Risk,283.59999999999997,9,16.650568952354718
2023-10-01,30.099999999999998,94.0,0.8,Colaba,18.9067,72.8147,1,Urban Heat Island Risk,278.9,10,38.696613320208904
2023-10-02,28.3,92.0,3.2,Colaba,18.9067,72.8147,1,Urban Heat Island Risk,277.4,10,51.13828125401406
2023-10-03,28.8,88.0,0.1,Colaba,18.9067,72.8147,1,Urban Heat Island Risk,272.8,10,52.654687073525245
2023-10-04,29.099999999999998,90.0,2.9,Colaba,18.9067,72.8147,1,Urban Heat Island Risk,272.09999999999997,10,51.04058032863099
2023-10-05,29.7,91.0,0.1,Colaba,18.9067,72.8147,1,Urban Heat Island Risk,270.0,10,51.71817870111314
2023-10-06,29.099999999999998,90.0,0.7,Colaba,18.9067,72.8147,1,Urban Heat Island Risk,268.59999999999997,10,48.02206483497608
2023-10-07,29.599999999999998,91.0,0.2,Colaba,18.9067,72.8147,1,Urban Heat Island Risk,261.49999999999994,10,47.13225431481671
2023-10-08,30.7,89.0,0.3,Colaba,18.9067,72.8147,1,Urban Heat Island Risk,253.59999999999997,10,37.17798005464505
2023-10-09,31.499999999999996,85.0,0.0,Colaba,18.9067,72.8147,1,Urban Heat Island Risk,222.7,10,35.74328274644734
2023-10-10,31.099999999999998,81.0,0.0,Colaba,18.9067,72.8147,1,Urban Heat Island Risk,210.39999999999998,10,39.297430240042566
2023-10-11,30.4,86.0,0.0,Colaba,18.9067,72.8147,1,Urban Heat Island Risk,199.29999999999998,10,40.575117429394794
2023-10-12,30.7,89.0,0.0,Colaba,18.9067,72.8147,1,Urban Heat Island Risk,178.59999999999997,10,30.34791424620419
2023-10-13,32.300000000000004,89.0,0.0,Colaba,18.9067,72.8147,1,Urban Heat Island Risk,163.7,10,31.957354481654452
2023-10-14,31.8,90.0,0.0,Colaba,18.9067,72.8147,1,Urban Heat Island Risk,128.39999999999998,10,34.95614072011061
2023-10-15,32.6,90.0,0.7,Colaba,18.9067,72.8147,1,Urban Heat Island Risk,113.8,10,25.19913261826024
2023-10-16,32.2,76.0,0.0,Colaba,18.9067,72.8147,1,Urban Heat Island Risk,96.1,10,24.444731486304082
2023-10-17,31.400000000000002,80.0,1.0,Colaba,18.9067,72.8147,1,Urban Heat Island Risk,92.7,10,42.77939575251982
2023-10-18,33.0,78.0,0.0,Colaba,18.9067,72.8147,1,Urban Heat Island Risk,71.7,10,28.790560887805345
2023-10-19,33.0,68.0,0.0,Colaba,18.9067,72.8147,1,Urban Heat Island Risk,49.099999999999994,10,25.18792817872479
2023-10-20,33.5,72.0,0.0,Colaba,18.9067,72.8147,1,Urban Heat Island Risk,23.2,10,17.814835584262564
2023-10-21,34.1,72.0,0.1,Colaba,18.9067,72.8147,1,Urban Heat Island Risk,10.1,10,15.990925857893265
2023-10-22,32.900000000000006,76.0,0.0,Colaba,18.9067,72.8147,1,Urban Heat Island Risk,9.299999999999999,10,33.41295198393113
2023-10-23,34.0,72.0,0.0,Colaba,18.9067,72.8147,1,Urban Heat Island Risk,6.1,10,21.3549763710069
2023-10-24,33.6,66.0,0.0,Colaba,18.9067,72.8147,1,Urban Heat Island Risk,6.0,10,20.180397998329795
2023-10-25,33.1,65.0,0.0,Colaba,18.9067,72.8147,1,Urban Heat Island Risk,3.1,10,28.31511282278994
2023-10-26,33.300000000000004,63.0,0.0,Colaba,18.9067,72.8147,1,Urban Heat Island Risk,3.0,10,20.56134239610169
2023-10-27,33.5,60.0,0.0,Colaba,18.9067,72.8147,1,Urban Heat Island Risk,2.3000000000000003,10,31.004215151401894
2023-10-28,33.400000000000006,61.0,0.0,Colaba,18.9067,72.8147,1,Urban Heat Island Risk,2.1,10,30.830669341150262
2023-10-29,33.900000000000006,59.0,0.0,Colaba,18.9067,72.8147,1,Urban Heat Island Risk,1.8,10,18.90046297731942
2023-10-30,34.0,64.0,0.0,Colaba,18.9067,72.8147,1,Urban Heat Island Risk,1.7999999999999998,10,17.523315431512366
2023-10-31,33.800000000000004,64.0,0.0,Colaba,18.9067,72.8147,1,Urban Heat Island Risk,1.7999999999999998,10,8.709334006538576
2023-11-01,33.2,63.0,0.0,Colaba,18.9067,72.8147,1,Urban Heat Island Risk,1.7999999999999998,11,17.792096142243146
2023-11-02,33.2,63.0,0.0,Colaba,18.9067,72.8147,1,Urban Heat Island Risk,1.7999999999999998,11,18.502651125211205
2023-11-03,33.7,62.0,0.0,Colaba,18.9067,72.8147,1,Urban Heat Island Risk,1.7999999999999998,11,23.042618371603577
2023-11-04,34.5,59.0,0.0,Colaba,18.9067,72.8147,1,Urban Heat Island Risk,1.7999999999999998,11,16.202164811126533
2023-11-05,34.300000000000004,64.0,0.0,Colaba,18.9067,72.8147,1,Urban Heat Island Risk,1.1,11,12.239989229590437
2023-11-06,34.5,61.0,0.0,Colaba,18.9067,72.8147,1,Urban Heat Island Risk,1.1,11,16.427513121010545
2023-11-07,33.400000000000006,61.0,0.0,Colaba,18.9067,72.8147,1,Urban Heat Island Risk,0.10000000000000012,11,26.593352404903378
2023-11-08,31.900000000000002,74.0,0.0,Colaba,18.9067,72.8147,1,Urban Heat Island Risk,0.10000000000000012,11,35.20586341624459
2023-11-09,32.7,81.0,0.0,Colaba,18.9067,72.8147,1,Urban Heat Island Risk,0.10000000000000012,11,18.534981929038914
2023-11-10,32.2,78.0,1.1,Colaba,18.9067,72.8147,1,Urban Heat Island Risk,1.2000000000000002,11,30.225349264247498
2023-11-11,34.2,69.0,0.0,Colaba,18.9067,72.8147,1,Urban Heat Island Risk,1.1,11,12.616629448475265
2023-11-12,34.400000000000006,57.0,0.0,Colaba,18.9067,72.8147,1,Urban Heat Island Risk,1.1,11,22.908643485701337
2023-11-13,33.6,61.0,0.0,Colaba,18.9067,72.8147,1,Urban Heat Island Risk,1.1,11,26.85406541510082
2023-11-14,33.0,68.0,0.0,Colaba,18.9067,72.8147,1,Urban Heat Island Risk,1.1,11,21.843197201711043
2023-11-15,33.1,69.0,0.0,Colaba,18.9067,72.8147,1,Urban Heat Island Risk,1.1,11,21.936440654664658
2023-11-16,33.2,66.0,0.0,Colaba,18.9067,72.8147,1,Urban Heat Island Risk,1.1,11,22.89366474750845
2023-11-17,32.900000000000006,65.0,0.0,Colaba,18.9067,72.8147,1,Urban Heat Island Risk,1.1,11,15.636033026343274
2023-11-18,32.900000000000006,67.0,0.0,Colaba,18.9067,72.8147,1,Urban Heat Island Risk,1.1,11,28.579840867202854
2023-11-19,31.499999999999996,68.0,0.0,Colaba,18.9067,72.8147,1,Urban Heat Island Risk,1.1,11,33.46911060163271
2023-11-20,33.400000000000006,66.0,0.0,Colaba,18.9067,72.8147,1,Urban Heat Island Risk,1.1,11,28.917542079505928
2023-11-21,33.400000000000006,64.0,0.0,Colaba,18.9067,72.8147,1,Urban Heat Island Risk,1.1,11,18.57462057685387
2023-11-22,32.800000000000004,55.0,0.0,Colaba,18.9067,72.8147,1,Urban Heat Island Risk,1.1,11,24.37105192541698
2023-11-23,32.400000000000006,59.0,0.0,Colaba,18.9067,72.8147,1,Urban Heat Island Risk,1.1,11,22.200707043137722
2023-11-24,33.6,65.0,0.0,Colaba,18.9067,72.8147,1,Urban Heat Island Risk,1.1,11,17.91188051586206
2023-11-25,32.7,72.0,0.0,Colaba,18.9067,72.8147,1,Urban Heat Island Risk,1.1,11,22.123423352992223
2023-11-26,30.3,83.0,2.4,Colaba,18.9067,72.8147,1,Urban Heat Island Risk,3.5,11,46.61320172756555
2023-11-27,29.5,82.0,0.9,Colaba,18.9067,72.8147,1,Urban Heat Island Risk,4.4,11,42.67535742290971
2023-11-28,29.2,78.0,0.0,Colaba,18.9067,72.8147,1,Urban Heat Island Risk,4.4,11,48.48754509038974
2023-11-29,28.0,77.0,0.0,Colaba,18.9067,72.8147,1,Urban Heat Island Risk,4.4,11,52.76284964735764
2023-11-30,28.9,84.0,0.0,Colaba,18.9067,72.8147,1,Urban Heat Island Risk,4.4,11,43.21934033660261
2023-12-01,28.8,85.0,0.3,Colaba,18.9067,72.8147,1,Urban Heat Island Risk,3.6,12,49.291831217475114
2023-12-02,30.8,82.0,0.0,Colaba,18.9067,72.8147,1,Urban Heat Island Risk,3.6,12,41.79551665931797
2023-12-03,32.5,73.0,0.0,Colaba,18.9067,72.8147,1,Urban Heat Island Risk,3.6,12,23.127869703949905
2023-12-04,32.400000000000006,75.0,0.3,Colaba,18.9067,72.8147,1,Urban Heat Island Risk,3.9,12,33.778897286990194
2023-12-05,31.999999999999996,70.0,0.0,Colaba,18.9067,72.8147,1,Urban Heat Island Risk,3.9,12,27.751395392611542
2023-12-06,30.7,71.0,0.0,Colaba,18.9067,72.8147,1,Urban Heat Island Risk,3.9,12,36.95174703630247
2023-12-07,30.5,72.0,0.0,Colaba,18.9067,72.8147,1,Urban Heat Island Risk,3.9,12,43.153415615050235
2023-12-08,31.0,71.0,0.0,Colaba,18.9067,72.8147,1,Urban Heat Island Risk,3.9,12,34.34948588056923
2023-12-09,31.499999999999996,68.0,0.0,Colaba,18.9067,72.8147,1,Urban Heat Island Risk,3.9,12,35.02120763001268
2023-12-10,31.999999999999996,67.0,0.0,Colaba,18.9067,72.8147,1,Urban Heat Island Risk,3.9,12,30.42654585605956
2023-12-11,31.400000000000002,63.0,0.0,Colaba,18.9067,72.8147,1,Urban Heat Island Risk,3.9,12,36.04684003351908
2023-12-12,30.4,63.0,0.0,Colaba,18.9067,72.8147,1,Urban Heat Island Risk,3.9,12,29.16297113904919
2023-12-13,30.099999999999998,67.0,0.0,Colaba,18.9067,72.8147,1,Urban Heat Island Risk,3.9,12,33.618257590626264
2023-12-14,31.7,64.0,0.0,Colaba,18.9067,72.8147,1,Urban Heat Island Risk,3.9,12,36.779835030234196
2023-12-15,31.099999999999998,58.0,0.0,Colaba,18.9067,72.8147,1,Urban Heat Island Risk,3.9,12,42.28590702824526
2023-12-16,30.9,61.0,0.0,Colaba,18.9067,72.8147,1,Urban Heat Island Risk,3.9,12,33.68089981567574
2023-12-17,31.3,61.0,0.0,Colaba,18.9067,72.8147,1,Urban Heat Island Risk,1.5,12,34.746524905810986
2023-12-18,32.1,56.0,0.0,Colaba,18.9067,72.8147,1,Urban Heat Island Risk,0.6,12,32.90692959784484
2023-12-19,31.8,57.0,0.0,Colaba,18.9067,72.8147,1,Urban Heat Island Risk,0.6,12,36.599421341626844
2023-12-20,31.8,53.0,0.0,Colaba,18.9067,72.8147,1,Urban Heat Island Risk,0.6,12,22.994946974979083
2023-12-21,32.2,58.0,0.0,Colaba,18.9067,72.8147,1,Urban Heat Island Risk,0.6,12,26.436465431774767
2023-12-22,30.7,68.0,0.0,Colaba,18.9067,72.8147,1,Urban Heat Island Risk,0.3,12,37.7037697674173
2023-12-23,32.300000000000004,66.0,0.0,Colaba,18.9067,72.8147,1,Urban Heat Island Risk,0.3,12,33.815700986180225
2023-12-24,31.999999999999996,60.0,0.0,Colaba,18.9067,72.8147,1,Urban Heat Island Risk,0.3,12,44.492152418607496
2023-12-25,31.999999999999996,59.0,0.0,Colaba,18.9067,72.8147,1,Urban Heat Island Risk,0.0,12,30.85997136595143
2023-12-26,32.300000000000004,60.0,0.0,Colaba,18.9067,72.8147,1,Urban Heat Island Risk,0.0,12,23.265112689480034
2023-12-27,33.0,60.0,0.0,Colaba,18.9067,72.8147,1,Urban Heat Island Risk,0.0,12,28.344673719339827
2023-12-28,31.499999999999996,66.0,0.0,Colaba,18.9067,72.8147,1,Urban Heat Island Risk,0.0,12,41.43831228103691
2023-12-29,32.300000000000004,69.0,0.0,Colaba,18.9067,72.8147,1,Urban Heat Island Risk,0.0,12,30.84007060489748
2023-12-30,31.2,74.0,0.0,Colaba,18.9067,72.8147,1,Urban Heat Island Risk,0.0,12,32.00009060756187
2023-12-31,31.099999999999998,69.0,0.0,Colaba,18.9067,72.8147,1,Urban Heat Island Risk,0.0,12,41.889969707400105
2024-01-01,30.8,71.0,0.0,Colaba,18.9067,72.8147,1,Urban Heat Island Risk,0.0,1,42.11772809249217
2024-01-02,30.2,72.0,0.0,Colaba,18.9067,72.8147,1,Urban Heat Island Risk,0.0,1,37.06959577902188
2024-01-03,29.3,70.0,0.0,Colaba,18.9067,72.8147,1,Urban Heat Island Risk,0.0,1,49.207128087671705
2024-01-04,28.099999999999998,80.0,0.0,Colaba,18.9067,72.8147,1,Urban Heat Island Risk,0.0,1,59.08632783829438
2024-01-05,29.0,78.0,0.0,Colaba,18.9067,72.8147,1,Urban Heat Island Risk,0.0,1,54.90945021279447
2024-01-06,31.0,66.0,0.0,Colaba,18.9067,72.8147,1,Urban Heat Island Risk,0.0,1,37.33442179011939
2024-01-07,30.9,69.0,0.0,Colaba,18.9067,72.8147,1,Urban Heat Island Risk,0.0,1,36.44293610243675
2024-01-08,31.999999999999996,62.0,0.0,Colaba,18.9067,72.8147,1,Urban Heat Island Risk,0.0,1,38.136369110406335
2024-01-09,29.9,75.0,0.7,Colaba,18.9067,72.8147,1,Urban Heat Island Risk,0.7,1,37.84919748509558
2024-01-10,29.7,76.0,0.7,Colaba,18.9067,72.8147,1,Urban Heat Island Risk,1.4,1,47.226229787938365
2024-01-11,31.999999999999996,71.0,0.8,Colaba,18.9067,72.8147,1,Urban Heat Island Risk,2.2,1,25.149866863177877
2024-01-12,33.400000000000006,66.0,0.0,Colaba,18.9067,72.8147,1,Urban Heat Island Risk,2.2,1,29.39354802796465
2024-01-13,32.1,67.0,0.0,Colaba,18.9067,72.8147,1,Urban Heat Island Risk,2.2,1,30.143105755277517
2024-01-14,31.900000000000002,55.0,0.0,Colaba,18.9067,72.8147,1,Urban Heat Island Risk,2.2,1,38.909582844904
2024-01-15,29.2,47.0,0.0,Colaba,18.9067,72.8147,1,Urban Heat Island Risk,2.2,1,50.3237304484443
2024-01-16,27.599999999999998,62.0,0.0,Colaba,18.9067,72.8147,1,Urban Heat Island Risk,2.2,1,50.817232183023705
2024-01-17,26.7,70.0,0.0,Colaba,18.9067,72.8147,1,Urban Heat Island Risk,2.2,1,69.15647199371955
2024-01-18,27.099999999999998,71.0,0.0,Colaba,18.9067,72.8147,1,Urban Heat Island Risk,2.2,1,67.52289299880533
2024-01-19,26.9,75.0,0.0,Colaba,18.9067,72.8147,1,Urban Heat Island Risk,2.2,1,65.31143246299608
2024-01-20,27.599999999999998,70.0,0.0,Colaba,18.9067,72.8147,1,Urban Heat Island Risk,2.2,1,53.12539400815225
2024-01-21,29.4,57.0,0.0,Colaba,18.9067,72.8147,1,Urban Heat Island Risk,2.2,1,45.203263561546294
2024-01-22,29.0,58.0,0.0,Colaba,18.9067,72.8147,1,Urban Heat Island Risk,2.2,1,49.727136087028796
2024-01-23,28.9,44.0,0.0,Colaba,18.9067,72.8147,1,Urban Heat Island Risk,2.2,1,46.04811467000951
2024-01-24,29.7,44.0,0.0,Colaba,18.9067,72.8147,1,Urban Heat Island Risk,2.2,1,53.495066195649365
2024-01-25,30.3,48.0,0.0,Colaba,18.9067,72.8147,1,Urban Heat Island Risk,2.2,1,42.35496569196351
2024-01-26,31.2,53.0,0.0,Colaba,18.9067,72.8147,1,Urban Heat Island Risk,2.2,1,23.01659309779655
2024-01-27,31.900000000000002,52.0,0.0,Colaba,18.9067,72.8147,1,Urban Heat Island Risk,2.2,1,34.263445730447756
2024-01-28,31.900000000000002,52.0,0.0,Colaba,18.9067,72.8147,1,Urban Heat Island Risk,2.2,1,30.82587968258009
2024-01-29,31.2,48.0,0.0,Colaba,18.9067,72.8147,1,Urban Heat Island Risk,2.2,1,36.1587005527411
2024-01-30,30.599999999999998,54.0,0.0,Colaba,18.9067,72.8147,1,Urban Heat Island Risk,1.5,1,38.09023650440485
2024-01-31,28.7,69.0,0.0,Colaba,18.9067,72.8147,1,Urban Heat Island Risk,0.8,1,54.735232083033445
2024-02-01,27.4,75.0,0.0,Colaba,18.9067,72.8147,1,Urban Heat Island Risk,0.0,2,63.665105559433584
2024-02-02,29.3,73.0,0.0,Colaba,18.9067,72.8147,1,Urban Heat Island Risk,0.0,2,48.715265811293264
2024-02-03,33.400000000000006,54.0,0.0,Colaba,18.9067,72.8147,1,Urban Heat Island Risk,0.0,2,22.37011073097584
2024-02-04,32.7,60.0,0.0,Colaba,18.9067,72.8147,1,Urban Heat Island Risk,0.0,2,27.826647309287466
2024-02-05,31.400000000000002,59.0,0.0,Colaba,18.9067,72.8147,1,Urban Heat Island Risk,0.0,2,35.49799808288813
2024-02-06,31.2,62.0,0.0,Colaba,18.9067,72.8147,1,Urban Heat Island Risk,0.0,2,32.521183134009156
2024-02-07,31.599999999999998,63.0,0.0,Colaba,18.9067,72.8147,1,Urban Heat Island Risk,0.0,2,37.161309909522856
2024-02-08,31.400000000000002,58.0,0.0,Colaba,18.9067,72.8147,1,Urban Heat Island Risk,0.0,2,37.70021161930232
2024-02-09,30.2,57.0,0.0,Colaba,18.9067,72.8147,1,Urban Heat Island Risk,0.0,2,49.90220619888337
2024-02-10,30.099999999999998,46.0,0.0,Colaba,18.9067,72.8147,1,Urban Heat Island Risk,0.0,2,49.043415568109054
2024-02-11,30.2,50.0,0.0,Colaba,18.9067,72.8147,1,Urban Heat Island Risk,0.0,2,38.77162541204935
2024-02-12,30.7,58.0,0.0,Colaba,18.9067,72.8147,1,Urban Heat Island Risk,0.0,2,43.4681585392115
2024-02-13,31.0,47.0,0.0,Colaba,18.9067,72.8147,1,Urban Heat Island Risk,0.0,2,32.91189975119431
2024-02-14,32.2,44.0,0.0,Colaba,18.9067,72.8147,1,Urban Heat Island Risk,0.0,2,34.3463271713709
2024-02-15,31.900000000000002,49.0,0.0,Colaba,18.9067,72.8147,1,Urban Heat Island Risk,0.0,2,29.983595672866116
2024-02-16,33.7,61.0,0.0,Colaba,18.9067,72.8147,1,Urban Heat Island Risk,0.0,2,17.25040054978873
2024-02-17,32.7,63.0,0.0,Colaba,18.9067,72.8147,1,Urban Heat Island Risk,0.0,2,29.43356004682034
2024-02-18,34.0,60.0,0.0,Colaba,18.9067,72.8147,1,Urban Heat Island Risk,0.0,2,7.2938310258959635
2024-02-19,31.499999999999996,55.0,0.0,Colaba,18.9067,72.8147,1,Urban Heat Island Risk,0.0,2,26.078455461307215
2024-02-20,30.7,67.0,0.0,Colaba,18.9067,72.8147,1,Urban Heat Island Risk,0.0,2,38.47920724779526
2024-02-21,28.0,81.0,0.1,Colaba,18.9067,72.8147,1,Urban Heat Island Risk,0.1,2,55.078875499840876
2024-02-22,27.8,83.0,0.2,Colaba,18.9067,72.8147,1,Urban Heat Island Risk,0.30000000000000004,2,53.953406149209044
2024-02-23,29.3,68.0,0.0,Colaba,18.9067,72.8147,1,Urban Heat Island Risk,0.30000000000000004,2,39.402818506412004
2024-02-24,31.0,40.0,0.0,Colaba,18.9067,72.8147,1,Urban Heat Island Risk,0.30000000000000004,2,33.57720745597415
2024-02-25,33.5,34.0,0.0,Colaba,18.9067,72.8147,1,Urban Heat Island Risk,0.30000000000000004,2,25.45604663618697
2024-02-26,34.0,52.0,0.0,Colaba,18.9067,72.8147,1,Urban Heat Island Risk,0.30000000000000004,2,23.57557551980848
2024-02-27,33.2,56.0,0.0,Colaba,18.9067,72.8147,1,Urban Heat Island Risk,0.30000000000000004,2,25.11888441202028
2024-02-28,34.400000000000006,46.0,0.0,Colaba,18.9067,72.8147,1,Urban Heat Island Risk,0.30000000000000004,2,24.18416890518491
2024-02-29,33.6,58.0,0.0,Colaba,18.9067,72.8147,1,Urban Heat Island Risk,0.30000000000000004,2,24.920318450629498
2024-03-01,33.0,65.0,0.0,Colaba,18.9067,72.8147,1,Urban Heat Island Risk,0.30000000000000004,3,11.262721730208938
2024-03-02,29.3,82.0,0.0,Colaba,18.9067,72.8147,1,Urban Heat Island Risk,0.30000000000000004,3,13.597489732941913
2024-03-03,27.2,78.0,0.2,Colaba,18.9067,72.8147,1,Urban Heat Island Risk,0.5,3,7.985669213960726
2024-03-04,27.599999999999998,67.0,0.0,Colaba,18.9067,72.8147,1,Urban Heat Island Risk,0.5,3,14.459305048042916
2024-03-05,29.7,51.0,0.0,Colaba,18.9067,72.8147,1,Urban Heat Island Risk,0.5,3,20.560503096106693
2024-03-06,30.2,40.0,0.0,Colaba,18.9067,72.8147,1,Urban Heat Island Risk,0.5,3,18.42645042355484
2024-03-07,31.900000000000002,44.0,0.0,Colaba,18.9067,72.8147,1,Urban Heat Island Risk,0.5,3,22.01004662959561
2024-03-08,34.2,35.0,0.0,Colaba,18.9067,72.8147,1,Urban Heat Island Risk,0.5,3,13.485573781005034
2024-03-09,34.2,36.0,0.0,Colaba,18.9067,72.8147,1,Urban Heat Island Risk,0.5,3,21.73049897257129
2024-03-10,31.999999999999996,41.0,0.0,Colaba,18.9067,72.8147,1,Urban Heat Island Risk,0.5,3,14.03347886776015
2024-03-11,33.7,52.0,0.0,Colaba,18.9067,72.8147,1,Urban Heat Island Risk,0.5,3,22.357925412849468
2024-03-12,34.0,50.0,0.0,Colaba,18.9067,72.8147,1,Urban Heat Island Risk,0.5,3,14.89071626278938
2024-03-13,30.7,69.0,0.0,Colaba,18.9067,72.8147,1,Urban Heat Island Risk,0.4,3,18.536156869021383
2024-03-14,30.2,76.0,0.0,Colaba,18.9067,72.8147,1,Urban Heat Island Risk,0.2,3,22.375561821549276
2024-03-15,29.2,79.0,0.0,Colaba,18.9067,72.8147,1,Urban Heat Island Risk,0.2,3,14.032861857093971
2024-03-16,29.599999999999998,80.0,0.0,Colaba,18.9067,72.8147,1,Urban Heat Island Risk,0.2,3,16.09194493772087
2024-03-17,30.8,80.0,0.0,Colaba,18.9067,72.8147,1,Urban Heat Island Risk,0.2,3,21.44431712603151
2024-03-18,30.7,84.0,0.0,Colaba,18.9067,72.8147,1,Urban Heat Island Risk,0.2,3,14.334984180349682
2024-03-19,32.2,73.0,0.0,Colaba,18.9067,72.8147,1,Urban Heat Island Risk,0.2,3,8.395538587469193
2024-03-20,37.2,36.0,0.0,Colaba,18.9067,72.8147,1,Urban Heat Island Risk,0.2,3,25.71503527292455
2024-03-21,37.0,32.0,0.0,Colaba,18.9067,72.8147,1,Urban Heat Island Risk,0.2,3,12.651177678314316
2024-03-22,33.0,73.0,0.0,Colaba,18.9067,72.8147,1,Urban Heat Island Risk,0.2,3,15.793780254687714
2024-03-23,32.400000000000006,73.0,0.0,Colaba,18.9067,72.8147,1,Urban Heat Island Risk,0.2,3,20.780033347255635
2024-03-24,31.0,80.0,0.0,Colaba,18.9067,72.8147,1,Urban Heat Island Risk,0.0,3,11.95753048134399
2024-03-25,31.7,78.0,0.0,Colaba,18.9067,72.8147,1,Urban Heat Island Risk,0.0,3,9.960660433889348
2024-03-26,33.400000000000006,76.0,0.0,Colaba,18.9067,72.8147,1,Urban Heat Island Risk,0.0,3,16.268686483874166
2024-03-27,32.300000000000004,84.0,0.0,Colaba,18.9067,72.8147,1,Urban Heat Island Risk,0.0,3,6.034618010438052
2024-03-28,32.2,83.0,0.0,Colaba,18.9067,72.8147,1,Urban Heat Island Risk,0.0,3,13.560469615660399
2024-03-29,33.900000000000006,74.0,0.0,Colaba,18.9067,72.8147,1,Urban Heat Island Risk,0.0,3,16.22519332157703
2024-03-30,33.400000000000006,71.0,0.0,Colaba,18.9067,72.8147,1,Urban Heat Island Risk,0.0,3,13.650240515874179
2024-03-31,33.2,60.0,0.0,Colaba,18.9067,72.8147,1,Urban Heat Island Risk,0.0,3,7.2827452840712645
2024-04-01,33.0,73.0,0.0,Colaba,18.9067,72.8147,1,Urban Heat Island Risk,0.0,4,22.970889781020063
2024-04-02,32.400000000000006,77.0,0.0,Colaba,18.9067,72.8147,1,Urban Heat Island Risk,0.0,4,15.517690769745878
2024-04-03,32.6,75.0,0.0,Colaba,18.9067,72.8147,1,Urban Heat Island Risk,0.0,4,22.155760588808704
2024-04-04,32.1,76.0,0.0,Colaba,18.9067,72.8147,1,Urban Heat Island Risk,0.0,4,13.699818749097776
2024-04-05,34.6,67.0,0.0,Colaba,18.9067,72.8147,1,Urban Heat Island Risk,0.0,4,10.59994009154618
2024-04-06,36.0,49.0,0.0,Colaba,18.9067,72.8147,1,Urban Heat Island Risk,0.0,4,16.345904601275798
2024-04-07,35.7,52.0,0.0,Colaba,18.9067,72.8147,1,Urban Heat Island Risk,0.0,4,13.921064368358902
2024-04-08,32.5,72.0,0.0,Colaba,18.9067,72.8147,1,Urban Heat Island Risk,0.0,4,9.111192710043209
2024-04-09,33.400000000000006,79.0,0.0,Colaba,18.9067,72.8147,1,Urban Heat Island Risk,0.0,4,22.34892129393748
2024-04-10,32.5,82.0,0.0,Colaba,18.9067,72.8147,1,Urban Heat Island Risk,0.0,4,11.88864888553002
2024-04-11,32.7,78.0,0.0,Colaba,18.9067,72.8147,1,Urban Heat Island Risk,0.0,4,5.798668076022157
2024-04-12,33.0,72.0,0.0,Colaba,18.9067,72.8147,1,Urban Heat Island Risk,0.0,4,21.64083026978666
2024-04-13,30.7,78.0,0.0,Colaba,18.9067,72.8147,1,Urban Heat Island Risk,0.0,4,12.478509920936883
2024-04-14,31.8,84.0,0.0,Colaba,18.9067,72.8147,1,Urban Heat Island Risk,0.0,4,11.960880536921879
2024-04-15,35.5,70.0,0.0,Colaba,18.9067,72.8147,1,Urban Heat Island Risk,0.0,4,6.17306206485013
2024-04-16,40.5,52.0,0.0,Colaba,18.9067,72.8147,1,Urban Heat Island Risk,0.0,4,23.704707432984954
2024-04-17,33.0,71.0,0.0,Colaba,18.9067,72.8147,1,Urban Heat Island Risk,0.0,4,8.552597063951563
2024-04-18,33.5,78.0,0.0,Colaba,18.9067,72.8147,1,Urban Heat Island Risk,0.0,4,15.292247403528249
2024-04-19,34.900000000000006,69.0,0.0,Colaba,18.9067,72.8147,1,Urban Heat Island Risk,0.0,4,19.5631016127022
2024-04-20,34.900000000000006,64.0,0.0,Colaba,18.9067,72.8147,1,Urban Heat Island Risk,0.0,4,17.108584665015485
2024-04-21,33.2,66.0,0.0,Colaba,18.9067,72.8147,1,Urban Heat Island Risk,0.0,4,14.701728440039043
2024-04-22,33.400000000000006,71.0,0.0,Colaba,18.9067,72.8147,1,Urban Heat Island Risk,0.0,4,6.4916707085629195
2024-04-23,33.5,73.0,0.0,Colaba,18.9067,72.8147,1,Urban Heat Island Risk,0.0,4,10.95137582116358
2024-04-24,33.0,77.0,0.0,Colaba,18.9067,72.8147,1,Urban Heat Island Risk,0.0,4,15.93900169021261
2024-04-25,33.5,73.0,0.0,Colaba,18.9067,72.8147,1,Urban Heat Island Risk,0.0,4,11.064129650065018
2024-04-26,34.400000000000006,70.0,0.0,Colaba,18.9067,72.8147,1,Urban Heat Island Risk,0.0,4,16.01679729999384
2024-04-27,35.300000000000004,65.0,0.0,Colaba,18.9067,72.8147,1,Urban Heat Island Risk,0.0,4,18.408717044075708
2024-04-28,38.5,52.0,0.0,Colaba,18.9067,72.8147,1,Urban Heat Island Risk,0.0,4,19.812514429000508
2024-04-29,37.400000000000006,49.0,0.0,Colaba,18.9067,72.8147,1,Urban Heat Island Risk,0.0,4,8.869103210936583
2024-04-30,36.800000000000004,58.0,0.0,Colaba,18.9067,72.8147,1,Urban Heat Island Risk,0.0,4,25.983230274894773
2024-05-01,33.7,69.0,0.0,Colaba,18.9067,72.8147,1,Urban Heat Island Risk,0.0,5,18.837396722770652
2024-05-02,32.6,74.0,0.0,Colaba,18.9067,72.8147,1,Urban Heat Island Risk,0.0,5,14.99142923165468
2024-05-03,32.400000000000006,82.0,0.0,Colaba,18.9067,72.8147,1,Urban Heat Island Risk,0.0,5,20.447682915383204
2024-05-04,32.400000000000006,85.0,0.0,Colaba,18.9067,72.8147,1,Urban Heat Island Risk,0.0,5,26.827038859999867
2024-05-05,33.900000000000006,79.0,0.0,Colaba,18.9067,72.8147,1,Urban Heat Island Risk,0.0,5,7.806399494715652
2024-05-06,32.400000000000006,83.0,0.0,Colaba,18.9067,72.8147,1,Urban Heat Island Risk,0.0,5,13.873686787543232
2024-05-07,32.5,82.0,0.0,Colaba,18.9067,72.8147,1,Urban Heat Island Risk,0.0,5,5.0
2024-05-08,32.2,79.0,0.0,Colaba,18.9067,72.8147,1,Urban Heat Island Risk,0.0,5,15.963257663240123
2024-05-09,31.999999999999996,82.0,0.0,Colaba,18.9067,72.8147,1,Urban Heat Island Risk,0.0,5,16.826971209625704
2024-05-10,32.400000000000006,81.0,0.0,Colaba,18.9067,72.8147,1,Urban Heat Island Risk,0.0,5,14.804189422786203
2024-05-11,32.7,83.0,0.0,Colaba,18.9067,72.8147,1,Urban Heat Island Risk,0.0,5,11.72733214500845
2024-05-12,33.0,80.0,0.0,Colaba,18.9067,72.8147,1,Urban Heat Island Risk,0.0,5,5.0
2024-05-13,34.0,78.0,1.8,Colaba,18.9067,72.8147,1,Urban Heat Island Risk,1.8,5,16.867668417058844
2024-05-14,36.7,69.0,0.0,Colaba,18.9067,72.8147,1,Urban Heat Island Risk,1.8,5,22.277172419576626
2024-05-15,35.2,74.0,0.0,Colaba,18.9067,72.8147,1,Urban Heat Island Risk,1.8,5,12.04490772133284
2024-05-16,38.1,71.0,0.1,Colaba,18.9067,72.8147,1,Urban Heat Island Risk,1.9000000000000001,5,17.200299645115724
2024-05-17,35.400000000000006,72.0,0.0,Colaba,18.9067,72.8147,1,Urban Heat Island Risk,1.9000000000000001,5,7.159278432899747
2024-05-18,33.900000000000006,84.0,0.0,Colaba,18.9067,72.8147,1,Urban Heat Island Risk,1.9000000000000001,5,17.28606531846257
2024-05-19,33.300000000000004,82.0,5.6,Colaba,18.9067,72.8147,1,Urban Heat Island Risk,7.5,5,13.033088511276715
2024-05-20,34.300000000000004,79.0,0.0,Colaba,18.9067,72.8147,1,Urban Heat Island Risk,7.5,5,11.187910246985428
2024-05-21,34.5,80.0,0.1,Colaba,18.9067,72.8147,1,Urban Heat Island Risk,7.6,5,11.198181793919346
2024-05-22,33.7,82.0,0.3,Colaba,18.9067,72.8147,1,Urban Heat Island Risk,7.9,5,13.031942089834951
2024-05-23,33.400000000000006,83.0,0.0,Colaba,18.9067,72.8147,1,Urban Heat Island Risk,7.9,5,16.912166578462678
2024-05-24,33.900000000000006,81.0,0.2,Colaba,18.9067,72.8147,1,Urban Heat Island Risk,8.1,5,8.439183994022411
2024-05-25,32.900000000000006,78.0,0.7,Colaba,18.9067,72.8147,1,Urban Heat Island Risk,8.8,5,13.014423342160736
2024-05-26,32.6,74.0,0.5,Colaba,18.9067,72.8147,1,Urban Heat Island Risk,9.3,5,14.792641110004261
2024-05-27,32.7,77.0,0.5,Colaba,18.9067,72.8147,1,Urban Heat Island Risk,9.8,5,9.504803877340704
2024-05-28,32.900000000000006,75.0,0.6,Colaba,18.9067,72.8147,1,Urban Heat Island Risk,10.4,5,23.983326008375087
2024-05-29,33.2,69.0,0.4,Colaba,18.9067,72.8147,1,Urban Heat Island Risk,10.8,5,10.732522599693292
2024-05-30,33.7,70.0,0.2,Colaba,18.9067,72.8147,1,Urban Heat Island Risk,11.0,5,11.652815431832547
2024-05-31,33.5,84.0,0.6,Colaba,18.9067,72.8147,1,Urban Heat Island Risk,11.6,5,10.10846025088751
2024-06-01,33.2,79.0,0.8,Colaba,18.9067,72.8147,1,Urban Heat Island Risk,12.4,6,23.992400435690588
2024-06-02,33.7,74.0,0.3,Colaba,18.9067,72.8147,1,Urban Heat Island Risk,12.7,6,17.764526142997408
2024-06-03,33.400000000000006,75.0,0.7,Colaba,18.9067,72.8147,1,Urban Heat Island Risk,11.6,6,10.317039968781788
2024-06-04,32.7,82.0,4.8,Colaba,18.9067,72.8147,1,Urban Heat Island Risk,16.4,6,20.531157794299844
2024-06-05,33.0,83.0,6.7,Colaba,18.9067,72.8147,1,Urban Heat Island Risk,23.1,6,16.00349347144439
2024-06-06,33.300000000000004,83.0,1.2,Colaba,18.9067,72.8147,1,Urban Heat Island Risk,24.200000000000003,6,16.28626710555751
2024-06-07,32.7,79.0,1.1,Colaba,18.9067,72.8147,1,Urban Heat Island Risk,25.3,6,13.277613956237737
2024-06-08,33.5,79.0,6.3,Colaba,18.9067,72.8147,1,Urban Heat Island Risk,31.6,6,11.252920065215132
2024-06-09,30.8,86.0,23.0,Colaba,18.9067,72.8147,1,Urban Heat Island Risk,49.0,6,16.688830495273006
2024-06-10,29.0,92.0,33.2,Colaba,18.9067,72.8147,1,Urban Heat Island Risk,82.2,6,12.274563850022048
2024-06-11,29.4,92.0,10.8,Colaba,18.9067,72.8147,1,Urban Heat Island Risk,92.9,6,24.083778147875524
2024-06-12,29.2,91.0,14.3,Colaba,18.9067,72.8147,1,Urban Heat Island Risk,106.9,6,8.653544473784478
2024-06-13,29.2,91.0,13.6,Colaba,18.9067,72.8147,1,Urban Heat Island Risk,120.5,6,22.680783864274726
2024-06-14,28.4,91.0,8.6,Colaba,18.9067,72.8147,1,Urban Heat Island Risk,128.9,6,14.443405756010996
2024-06-15,29.0,88.0,2.2,Colaba,18.9067,72.8147,1,Urban Heat Island Risk,130.4,6,16.49542867010553
2024-06-16,30.2,86.0,1.4,Colaba,18.9067,72.8147,1,Urban Heat Island Risk,131.29999999999998,6,19.165788833147175
2024-06-17,30.7,88.0,7.4,Colaba,18.9067,72.8147,1,Urban Heat Island Risk,138.2,6,11.84875352497782
2024-06-18,29.0,92.0,30.3,Colaba,18.9067,72.8147,1,Urban Heat Island Risk,167.9,6,19.321241923493183
2024-06-19,28.4,90.0,23.3,Colaba,18.9067,72.8147,1,Urban Heat Island Risk,190.79999999999998,6,5.0
2024-06-20,27.7,93.0,48.6,Colaba,18.9067,72.8147,1,Urban Heat Island Risk,239.2,6,11.400052333890304
2024-06-21,30.3,91.0,22.9,Colaba,18.9067,72.8147,1,Urban Heat Island Risk,261.5,6,10.379685963294673
2024-06-22,29.4,90.0,5.3,Colaba,18.9067,72.8147,1,Urban Heat Island Risk,266.0,6,8.732469938141191
2024-06-23,29.0,91.0,4.2,Colaba,18.9067,72.8147,1,Urban Heat Island Risk,269.9,6,13.925225809605244
2024-06-24,28.8,91.0,11.3,Colaba,18.9067,72.8147,1,Urban Heat Island Risk,280.5,6,16.928749840908473
2024-06-25,29.8,90.0,6.8,Colaba,18.9067,72.8147,1,Urban Heat Island Risk,282.5,6,18.513299992496528
2024-06-26,29.7,92.0,23.0,Colaba,18.9067,72.8147,1,Urban Heat Island Risk,298.8,6,16.204383786002037
2024-06-27,28.0,95.0,98.7,Colaba,18.9067,72.8147,1,Urban Heat Island Risk,396.3,6,11.671532675532266
2024-06-28,27.4,94.0,45.3,Colaba,18.9067,72.8147,1,Urban Heat Island Risk,440.5,6,16.845082189125836
2024-06-29,29.2,92.0,21.3,Colaba,18.9067,72.8147,1,Urban Heat Island Risk,455.50000000000006,6,15.621428474254254
2024-06-30,28.599999999999998,92.0,21.3,Colaba,18.9067,72.8147,1,Urban Heat Island Risk,453.79999999999995,6,19.68028083968008
2024-07-01,29.8,87.0,16.3,Colaba,18.9067,72.8147,1,Urban Heat Island Risk,436.9,7,18.88468351465758
2024-07-02,29.599999999999998,87.0,8.1,Colaba,18.9067,72.8147,1,Urban Heat Island Risk,434.2,7,15.152382069603144
2024-07-03,29.2,89.0,8.9,Colaba,18.9067,72.8147,1,Urban Heat Island Risk,428.8,7,10.513734969193717
2024-07-04,28.2,90.0,8.7,Colaba,18.9067,72.8147,1,Urban Heat Island Risk,423.9,7,11.735249220839595
2024-07-05,28.3,92.0,12.2,Colaba,18.9067,72.8147,1,Urban Heat Island Risk,427.5,7,12.251053201809833
2024-07-06,28.7,90.0,17.6,Colaba,18.9067,72.8147,1,Urban Heat Island Risk,442.9,7,13.423668330418721
2024-07-07,28.4,93.0,11.8,Colaba,18.9067,72.8147,1,Urban Heat Island Risk,453.3,7,16.340252137948767
2024-07-08,27.7,94.0,20.7,Colaba,18.9067,72.8147,1,Urban Heat Island Risk,466.59999999999997,7,18.57587195064029
2024-07-09,26.2,97.0,80.2,Colaba,18.9067,72.8147,1,Urban Heat Island Risk,516.5,7,14.744406534923112
2024-07-10,28.0,93.0,36.0,Colaba,18.9067,72.8147,1,Urban Heat Island Risk,529.2,7,15.080623939502361
2024-07-11,28.0,95.0,39.1,Colaba,18.9067,72.8147,1,Urban Heat Island Risk,519.7,7,15.716531525000018
2024-07-12,26.099999999999998,97.0,83.3,Colaba,18.9067,72.8147,1,Urban Heat Island Risk,580.1,7,12.4204734343383
2024-07-13,25.7,97.0,76.7,Colaba,18.9067,72.8147,1,Urban Heat Island Risk,651.5000000000001,7,10.37303871178522
2024-07-14,25.7,98.0,50.5,Colaba,18.9067,72.8147,1,Urban Heat Island Risk,697.8000000000001,7,6.222810513446451
2024-07-15,27.2,94.0,10.2,Colaba,18.9067,72.8147,1,Urban Heat Island Risk,696.7,7,11.524253209615638
2024-07-16,28.2,95.0,17.6,Colaba,18.9067,72.8147,1,Urban Heat Island Risk,707.5,7,17.365727266338936
2024-07-17,26.8,95.0,45.3,Colaba,18.9067,72.8147,1,Urban Heat Island Risk,729.8,7,11.485442809802162
2024-07-18,27.3,96.0,57.6,Colaba,18.9067,72.8147,1,Urban Heat Island Risk,688.6999999999999,7,13.810964812870301
2024-07-19,26.5,96.0,48.3,Colaba,18.9067,72.8147,1,Urban Heat Island Risk,691.7,7,17.332156437061585
2024-07-20,26.9,95.0,87.0,Colaba,18.9067,72.8147,1,Urban Heat Island Risk,757.4000000000001,7,17.603447482113342
2024-07-21,26.3,95.0,48.9,Colaba,18.9067,72.8147,1,Urban Heat Island Risk,785.0,7,9.602335739169805
2024-07-22,26.099999999999998,95.0,54.7,Colaba,18.9067,72.8147,1,Urban Heat Island Risk,823.4,7,19.985296782268207
2024-07-23,25.7,95.0,42.1,Colaba,18.9067,72.8147,1,Urban Heat Island Risk,857.4,7,20.636750446777427
2024-07-24,26.2,95.0,54.4,Colaba,18.9067,72.8147,1,Urban Heat Island Risk,902.9,7,9.350750713907201
2024-07-25,26.599999999999998,94.0,74.2,Colaba,18.9067,72.8147,1,Urban Heat Island Risk,968.4,7,10.88081565179423
2024-07-26,27.7,92.0,22.9,Colaba,18.9067,72.8147,1,Urban Heat Island Risk,979.1,7,20.955453415730958
2024-07-27,28.0,88.0,8.2,Colaba,18.9067,72.8147,1,Urban Heat Island Risk,969.7,7,14.265732393723496
2024-07-28,28.4,92.0,19.0,Colaba,18.9067,72.8147,1,Urban Heat Island Risk,976.9000000000001,7,5.0
2024-07-29,26.9,94.0,34.2,Colaba,18.9067,72.8147,1,Urban Heat Island Risk,990.4,7,8.001592476336569
2024-07-30,27.3,94.0,17.4,Colaba,18.9067,72.8147,1,Urban Heat Island Risk,927.6,7,13.753151874137593
2024-07-31,27.8,93.0,22.1,Colaba,18.9067,72.8147,1,Urban Heat Island Risk,913.6999999999999,7,9.18478674857699
2024-08-01,28.599999999999998,91.0,15.8,Colaba,18.9067,72.8147,1,Urban Heat Island Risk,890.4,8,12.932881146817794
2024-08-02,27.5,91.0,28.2,Colaba,18.9067,72.8147,1,Urban Heat Island Risk,835.3,8,15.161981068417894
2024-08-03,26.7,92.0,24.5,Colaba,18.9067,72.8147,1,Urban Heat Island Risk,783.0999999999999,8,22.311273020173644
2024-08-04,26.2,93.0,39.4,Colaba,18.9067,72.8147,1,Urban Heat Island Risk,772.0,8,13.547730418861054
2024-08-05,28.099999999999998,89.0,5.8,Colaba,18.9067,72.8147,1,Urban Heat Island Risk,767.6,8,20.362708997863795
2024-08-06,27.8,89.0,5.2,Colaba,18.9067,72.8147,1,Urban Heat Island Risk,755.2,8,22.14380081018385
2024-08-07,28.0,90.0,5.6,Colaba,18.9067,72.8147,1,Urban Heat Island Risk,715.5,8,22.17154834676038
2024-08-08,27.8,88.0,4.2,Colaba,18.9067,72.8147,1,Urban Heat Island Risk,662.1,8,16.423772966927842
2024-08-09,27.0,93.0,15.5,Colaba,18.9067,72.8147,1,Urban Heat Island Risk,629.3,8,5.1835542608051295
2024-08-10,27.3,90.0,4.7,Colaba,18.9067,72.8147,1,Urban Heat Island Risk,547.0,8,17.304124327019327
2024-08-11,28.4,87.0,2.4,Colaba,18.9067,72.8147,1,Urban Heat Island Risk,500.50000000000006,8,20.241999439067705
2024-08-12,28.099999999999998,89.0,2.9,Colaba,18.9067,72.8147,1,Urban Heat Island Risk,448.7,8,14.594664472822915
2024-08-13,28.0,90.0,3.6,Colaba,18.9067,72.8147,1,Urban Heat Island Risk,410.20000000000005,8,23.722919350376245
2024-08-14,28.3,90.0,1.9,Colaba,18.9067,72.8147,1,Urban Heat Island Risk,357.7,8,19.299167807337287
2024-08-15,28.599999999999998,89.0,1.2,Colaba,18.9067,72.8147,1,Urban Heat Island Risk,284.7,8,17.84136688576392
2024-08-16,28.7,89.0,0.9,Colaba,18.9067,72.8147,1,Urban Heat Island Risk,262.70000000000005,8,20.43190355602919
2024-08-17,28.8,90.0,0.5,Colaba,18.9067,72.8147,1,Urban Heat Island Risk,255.0,8,16.666849256304392
2024-08-18,29.099999999999998,91.0,2.9,Colaba,18.9067,72.8147,1,Urban Heat Island Risk,238.9,8,5.0
2024-08-19,28.2,94.0,16.7,Colaba,18.9067,72.8147,1,Urban Heat Island Risk,221.39999999999998,8,12.504305242648172
2024-08-20,27.8,96.0,28.8,Colaba,18.9067,72.8147,1,Urban Heat Island Risk,232.8,8,20.98584013623927
2024-08-21,29.5,92.0,0.2,Colaba,18.9067,72.8147,1,Urban Heat Island Risk,210.89999999999998,8,10.962043299508519
2024-08-22,29.2,91.0,4.7,Colaba,18.9067,72.8147,1,Urban Heat Island Risk,199.8,8,13.882637473815304
2024-08-23,27.7,95.0,16.0,Colaba,18.9067,72.8147,1,Urban Heat Island Risk,187.60000000000002,8,9.775818430484644
2024-08-24,25.7,97.0,61.7,Colaba,18.9067,72.8147,1,Urban Heat Island Risk,224.8,8,23.919612976008843
2024-08-25,26.8,93.0,28.0,Colaba,18.9067,72.8147,1,Urban Heat Island Risk,213.4,8,23.407462287090077
2024-08-26,26.2,92.0,22.6,Colaba,18.9067,72.8147,1,Urban Heat Island Risk,230.2,8,10.580655524296354
2024-08-27,26.7,92.0,17.9,Colaba,18.9067,72.8147,1,Urban Heat Island Risk,242.9,8,15.73649000194542
2024-08-28,28.099999999999998,90.0,14.4,Colaba,18.9067,72.8147,1,Urban Heat Island Risk,251.70000000000002,8,11.59752976117976
2024-08-29,28.2,89.0,5.1,Colaba,18.9067,72.8147,1,Urban Heat Island Risk,252.6,8,18.074723195156892
2024-08-30,28.2,90.0,6.5,Colaba,18.9067,72.8147,1,Urban Heat Island Risk,243.6,8,17.548415386211644
2024-08-31,28.099999999999998,90.0,2.1,Colaba,18.9067,72.8147,1,Urban Heat Island Risk,241.0,8,19.058527858066327
2024-09-01,27.0,90.0,2.3,Colaba,18.9067,72.8147,1,Urban Heat Island Risk,240.9,9,16.659592238539435
2024-09-02,26.4,95.0,29.6,Colaba,18.9067,72.8147,1,Urban Heat Island Risk,267.6,9,29.67703103194234
2024-09-03,26.4,94.0,13.0,Colaba,18.9067,72.8147,1,Urban Heat Island Risk,277.0,9,9.860381174946305
2024-09-04,27.5,93.0,17.1,Colaba,18.9067,72.8147,1,Urban Heat Island Risk,292.2,9,6.446983227817428
2024-09-05,27.4,93.0,27.9,Colaba,18.9067,72.8147,1,Urban Heat Island Risk,318.90000000000003,9,13.034548996492692
2024-09-06,27.599999999999998,91.0,14.7,Colaba,18.9067,72.8147,1,Urban Heat Island Risk,332.7,9,7.160058672198662
2024-09-07,27.5,92.0,10.0,Colaba,18.9067,72.8147,1,Urban Heat Island Risk,342.2,9,7.537688649970036
2024-09-08,27.9,91.0,4.2,Colaba,18.9067,72.8147,1,Urban Heat Island Risk,343.5,9,9.993426729010165
2024-09-09,28.0,90.0,2.0,Colaba,18.9067,72.8147,1,Urban Heat Island Risk,328.8,9,10.389055472841862
2024-09-10,27.7,91.0,3.9,Colaba,18.9067,72.8147,1,Urban Heat Island Risk,303.9,9,10.2269094902497
2024-09-11,27.3,91.0,4.6,Colaba,18.9067,72.8147,1,Urban Heat Island Risk,308.3,9,17.591094752227058
2024-09-12,27.599999999999998,91.0,8.2,Colaba,18.9067,72.8147,1,Urban Heat Island Risk,311.8,9,12.46905469457332
2024-09-13,27.8,88.0,4.5,Colaba,18.9067,72.8147,1,Urban Heat Island Risk,300.3,9,14.102427125637599
2024-09-14,27.099999999999998,92.0,9.1,Colaba,18.9067,72.8147,1,Urban Heat Island Risk,247.70000000000002,9,19.471163872504675
2024-09-15,26.599999999999998,92.0,3.9,Colaba,18.9067,72.8147,1,Urban Heat Island Risk,223.6,9,11.16838737609287
2024-09-16,27.9,92.0,2.4,Colaba,18.9067,72.8147,1,Urban Heat Island Risk,203.4,9,13.67727050647639
2024-09-17,28.099999999999998,89.0,0.2,Colaba,18.9067,72.8147,1,Urban Heat Island Risk,185.70000000000002,9,16.828799930464577
2024-09-18,28.4,88.0,0.8,Colaba,18.9067,72.8147,1,Urban Heat Island Risk,172.1,9,5.292160996898893
2024-09-19,28.7,86.0,1.0,Colaba,18.9067,72.8147,1,Urban Heat Island Risk,168.0,9,5.0
2024-09-20,27.599999999999998,92.0,5.2,Colaba,18.9067,72.8147,1,Urban Heat Island Risk,166.70000000000002,9,16.730586643988612
2024-09-21,28.9,88.0,1.9,Colaba,18.9067,72.8147,1,Urban Heat Island Risk,166.5,9,17.460071402834494
2024-09-22,28.8,88.0,2.2,Colaba,18.9067,72.8147,1,Urban Heat Island Risk,166.4,9,25.321100674262055
2024-09-23,28.099999999999998,92.0,5.7,Colaba,18.9067,72.8147,1,Urban Heat Island Risk,142.5,9,15.79047437933405
2024-09-24,28.2,96.0,23.1,Colaba,18.9067,72.8147,1,Urban Heat Island Risk,152.60000000000002,9,19.098698586290475
2024-09-25,27.2,97.0,36.4,Colaba,18.9067,72.8147,1,Urban Heat Island Risk,171.89999999999998,9,14.022636782070132
2024-09-26,25.7,99.0,48.0,Colaba,18.9067,72.8147,1,Urban Heat Island Risk,192.0,9,16.486136107925432
2024-09-27,26.0,95.0,61.7,Colaba,18.9067,72.8147,1,Urban Heat Island Risk,239.0,9,23.33628420874767
2024-09-28,27.2,91.0,5.8,Colaba,18.9067,72.8147,1,Urban Heat Island Risk,234.79999999999998,9,5.0
2024-09-29,27.8,93.0,4.6,Colaba,18.9067,72.8147,1,Urban Heat Island Risk,235.20000000000002,9,17.0680812878584
2024-09-30,28.9,93.0,1.6,Colaba,18.9067,72.8147,1,Urban Heat Island Risk,234.8,9,25.67793365038683
2024-10-01,30.7,94.0,0.6,Colaba,18.9067,72.8147,1,Urban Heat Island Risk,231.5,10,40.776837762713384
2024-10-02,29.9,96.0,1.3,Colaba,18.9067,72.8147,1,Urban Heat Island Risk,228.20000000000002,10,52.15286481616425
2024-10-03,29.2,92.0,1.4,Colaba,18.9067,72.8147,1,Urban Heat Island Risk,221.4,10,44.720605919019455
2024-10-04,28.7,91.0,1.4,Colaba,18.9067,72.8147,1,Urban Heat Island Risk,218.3,10,50.539762529181445
2024-10-05,28.7,91.0,1.1,Colaba,18.9067,72.8147,1,Urban Heat Island Risk,210.29999999999998,10,50.867623511942945
2024-10-06,30.4,91.0,21.4,Colaba,18.9067,72.8147,1,Urban Heat Island Risk,227.8,10,29.978711269872825
2024-10-07,30.8,89.0,0.6,Colaba,18.9067,72.8147,1,Urban Heat Island Risk,226.0,10,32.95911086074899
2024-10-08,31.400000000000002,90.0,0.0,Colaba,18.9067,72.8147,1,Urban Heat Island Risk,225.79999999999998,10,29.91562460308006
2024-10-09,28.3,93.0,6.4,Colaba,18.9067,72.8147,1,Urban Heat Island Risk,231.4,10,57.0769970568293
2024-10-10,28.8,91.0,6.4,Colaba,18.9067,72.8147,1,Urban Heat Island Risk,236.8,10,54.4940988617536
2024-10-11,30.7,88.0,22.0,Colaba,18.9067,72.8147,1,Urban Heat Island Risk,253.6,10,40.98684888019934
2024-10-12,30.599999999999998,91.0,0.7,Colaba,18.9067,72.8147,1,Urban Heat Island Risk,252.4,10,44.053847817611874
2024-10-13,29.8,91.0,2.0,Colaba,18.9067,72.8147,1,Urban Heat Island Risk,252.2,10,43.64591960305779
2024-10-14,30.7,92.0,5.2,Colaba,18.9067,72.8147,1,Urban Heat Island Risk,251.70000000000002,10,45.37632501436439
2024-10-15,28.8,92.0,0.0,Colaba,18.9067,72.8147,1,Urban Heat Island Risk,228.60000000000002,10,50.17727554649368
2024-10-16,29.9,93.0,8.6,Colaba,18.9067,72.8147,1,Urban Heat Island Risk,200.8,10,44.189320237133785
2024-10-17,28.2,96.0,2.9,Colaba,18.9067,72.8147,1,Urban Heat Island Risk,155.70000000000002,10,52.20537016702128
2024-10-18,31.099999999999998,90.0,12.4,Colaba,18.9067,72.8147,1,Urban Heat Island Risk,106.39999999999999,10,40.522252388182146
2024-10-19,29.2,93.0,7.9,Colaba,18.9067,72.8147,1,Urban Heat Island Risk,108.5,10,45.7606725836021
2024-10-20,29.0,92.0,6.8,Colaba,18.9067,72.8147,1,Urban Heat Island Risk,110.7,10,53.88215688599034
2024-10-21,29.599999999999998,90.0,13.3,Colaba,18.9067,72.8147,1,Urban Heat Island Risk,122.4,10,39.939254296419975
2024-10-22,29.5,92.0,7.3,Colaba,18.9067,72.8147,1,Urban Heat Island Risk,129.1,10,40.672085393025704
2024-10-23,30.599999999999998,90.0,0.0,Colaba,18.9067,72.8147,1,Urban Heat Island Risk,127.8,10,43.37046710896587
2024-10-24,31.7,80.0,0.0,Colaba,18.9067,72.8147,1,Urban Heat Island Risk,126.39999999999999,10,33.25727892708494
2024-10-25,30.3,79.0,0.0,Colaba,18.9067,72.8147,1,Urban Heat Island Risk,125.0,10,39.363876252567685
2024-10-26,31.7,73.0,0.0,Colaba,18.9067,72.8147,1,Urban Heat Island Risk,123.89999999999999,10,38.1502886623773
2024-10-27,30.8,83.0,0.0,Colaba,18.9067,72.8147,1,Urban Heat Island Risk,102.5,10,35.76369292956957
2024-10-28,31.0,88.0,0.0,Colaba,18.9067,72.8147,1,Urban Heat Island Risk,101.89999999999999,10,36.66566039516482
2024-10-29,30.4,92.0,0.0,Colaba,18.9067,72.8147,1,Urban Heat Island Risk,101.89999999999999,10,48.06280641702247
2024-10-30,31.900000000000002,88.0,0.0,Colaba,18.9067,72.8147,1,Urban Heat Island Risk,95.5,10,40.26237839571991
2024-10-31,31.599999999999998,80.0,0.0,Colaba,18.9067,72.8147,1,Urban Heat Island Risk,89.1,10,42.12865771801832
2024-11-01,30.4,87.0,0.3,Colaba,18.9067,72.8147,1,Urban Heat Island Risk,67.4,11,39.65603778199712
2024-11-02,32.2,81.0,0.0,Colaba,18.9067,72.8147,1,Urban Heat Island Risk,66.7,11,37.020181191589
2024-11-03,33.400000000000006,70.0,0.0,Colaba,18.9067,72.8147,1,Urban Heat Island Risk,64.7,11,19.321902527823244
2024-11-04,33.2,65.0,0.0,Colaba,18.9067,72.8147,1,Urban Heat Island Risk,59.5,11,20.665485626389682
2024-11-05,33.5,65.0,0.0,Colaba,18.9067,72.8147,1,Urban Heat Island Risk,59.5,11,11.747720736878195
2024-11-06,32.900000000000006,66.0,0.0,Colaba,18.9067,72.8147,1,Urban Heat Island Risk,50.9,11,35.26434100949262
2024-11-07,32.7,62.0,0.0,Colaba,18.9067,72.8147,1,Urban Heat Island Risk,48.0,11,23.713434087952926
2024-11-08,33.0,63.0,0.0,Colaba,18.9067,72.8147,1,Urban Heat Island Risk,35.599999999999994,11,25.700670434598035
2024-11-09,33.300000000000004,63.0,0.0,Colaba,18.9067,72.8147,1,Urban Heat Island Risk,27.7,11,20.081711623691888
2024-11-10,32.900000000000006,61.0,0.0,Colaba,18.9067,72.8147,1,Urban Heat Island Risk,20.900000000000002,11,30.37582624165067
2024-11-11,32.5,52.0,0.0,Colaba,18.9067,72.8147,1,Urban Heat Island Risk,7.6,11,27.288498363079963
2024-11-12,32.7,58.0,0.0,Colaba,18.9067,72.8147,1,Urban Heat Island Risk,0.3,11,21.50924888116857
2024-11-13,34.0,54.0,0.0,Colaba,18.9067,72.8147,1,Urban Heat Island Risk,0.3,11,22.87497948759697
2024-11-14,34.6,51.0,0.0,Colaba,18.9067,72.8147,1,Urban Heat Island Risk,0.3,11,10.098016542615516
2024-11-15,33.1,63.0,0.3,Colaba,18.9067,72.8147,1,Urban Heat Island Risk,0.6,11,21.5796380400892
2024-11-16,33.5,70.0,0.0,Colaba,18.9067,72.8147,1,Urban Heat Island Risk,0.6,11,12.965554426869595
2024-11-17,35.0,63.0,0.0,Colaba,18.9067,72.8147,1,Urban Heat Island Risk,0.6,11,7.880209439011966
2024-11-18,34.0,57.0,0.0,Colaba,18.9067,72.8147,1,Urban Heat Island Risk,0.6,11,21.559312515269056
2024-11-19,33.0,50.0,0.0,Colaba,18.9067,72.8147,1,Urban Heat Island Risk,0.6,11,16.51065314281871
2024-11-20,32.2,52.0,0.0,Colaba,18.9067,72.8147,1,Urban Heat Island Risk,0.6,11,23.460938043558073
2024-11-21,32.2,54.0,0.0,Colaba,18.9067,72.8147,1,Urban Heat Island Risk,0.6,11,30.854822086002613
2024-11-22,31.900000000000002,59.0,0.0,Colaba,18.9067,72.8147,1,Urban Heat Island Risk,0.3,11,29.848632186201392
2024-11-23,31.2,61.0,0.0,Colaba,18.9067,72.8147,1,Urban Heat Island Risk,0.3,11,46.49351651312988
2024-11-24,32.2,61.0,0.0,Colaba,18.9067,72.8147,1,Urban Heat Island Risk,0.3,11,40.03614939678853
2024-11-25,31.999999999999996,59.0,0.0,Colaba,18.9067,72.8147,1,Urban Heat Island Risk,0.3,11,27.660387686244253
2024-11-26,31.499999999999996,50.0,0.0,Colaba,18.9067,72.8147,1,Urban Heat Island Risk,0.3,11,37.619021425350766
2024-11-27,31.8,47.0,0.0,Colaba,18.9067,72.8147,1,Urban Heat Island Risk,0.3,11,36.87974611773058
2024-11-28,31.3,40.0,0.0,Colaba,18.9067,72.8147,1,Urban Heat Island Risk,0.3,11,32.97927237654464
2024-11-29,30.599999999999998,47.0,0.0,Colaba,18.9067,72.8147,1,Urban Heat Island Risk,0.3,11,32.45562565084232
2024-11-30,30.599999999999998,48.0,0.0,Colaba,18.9067,72.8147,1,Urban Heat Island Risk,0.3,11,39.871841086793054
2024-12-01,31.7,57.0,0.0,Colaba,18.9067,72.8147,1,Urban Heat Island Risk,0.3,12,32.835771625929446
2024-12-02,33.0,62.0,0.0,Colaba,18.9067,72.8147,1,Urban Heat Island Risk,0.3,12,24.15451084848024
2024-12-03,32.7,64.0,0.2,Colaba,18.9067,72.8147,1,Urban Heat Island Risk,0.5,12,30.244917674155744
2024-12-04,33.400000000000006,71.0,0.2,Colaba,18.9067,72.8147,1,Urban Heat Island Risk,0.7,12,20.31301863163864
2024-12-05,33.400000000000006,74.0,0.0,Colaba,18.9067,72.8147,1,Urban Heat Island Risk,0.7,12,18.30667892877092
2024-12-06,31.900000000000002,70.0,0.0,Colaba,18.9067,72.8147,1,Urban Heat Island Risk,0.4,12,33.11208151841581
2024-12-07,31.999999999999996,56.0,0.0,Colaba,18.9067,72.8147,1,Urban Heat Island Risk,0.4,12,33.9298504628444
2024-12-08,30.3,49.0,0.0,Colaba,18.9067,72.8147,1,Urban Heat Island Risk,0.4,12,35.75010861383306
2024-12-09,30.099999999999998,41.0,0.0,Colaba,18.9067,72.8147,1,Urban Heat Island Risk,0.4,12,47.40711972162209
2024-12-10,30.599999999999998,53.0,0.0,Colaba,18.9067,72.8147,1,Urban Heat Island Risk,0.4,12,31.080927644452956
2024-12-11,32.7,62.0,0.0,Colaba,18.9067,72.8147,1,Urban Heat Island Risk,0.4,12,25.142766039755102
2024-12-12,30.3,65.0,0.0,Colaba,18.9067,72.8147,1,Urban Heat Island Risk,0.4,12,40.34329065234528
2024-12-13,31.400000000000002,56.0,0.0,Colaba,18.9067,72.8147,1,Urban Heat Island Risk,0.4,12,32.21888143674034
2024-12-14,31.999999999999996,48.0,0.0,Colaba,18.9067,72.8147,1,Urban Heat Island Risk,0.4,12,29.174697632244058
2024-12-15,32.400000000000006,49.0,0.0,Colaba,18.9067,72.8147,1,Urban Heat Island Risk,0.4,12,39.08870574487387
2024-12-16,31.499999999999996,49.0,0.0,Colaba,18.9067,72.8147,1,Urban Heat Island Risk,0.4,12,30.578912888138863
2024-12-17,30.0,54.0,0.0,Colaba,18.9067,72.8147,1,Urban Heat Island Risk,0.4,12,55.5394419456929
2024-12-18,31.400000000000002,61.0,0.0,Colaba,18.9067,72.8147,1,Urban Heat Island Risk,0.4,12,37.58563389865525
2024-12-19,28.8,74.0,0.0,Colaba,18.9067,72.8147,1,Urban Heat Island Risk,0.4,12,50.593609019893286
2024-12-20,27.3,77.0,0.0,Colaba,18.9067,72.8147,1,Urban Heat Island Risk,0.4,12,61.01453510027166
2024-12-21,27.099999999999998,80.0,0.0,Colaba,18.9067,72.8147,1,Urban Heat Island Risk,0.4,12,72.41630541292645
2024-12-22,27.0,82.0,0.0,Colaba,18.9067,72.8147,1,Urban Heat Island Risk,0.4,12,55.36536831367609
2024-12-23,26.5,76.0,0.0,Colaba,18.9067,72.8147,1,Urban Heat Island Risk,0.4,12,57.564577071984715
2024-12-24,27.7,65.0,0.0,Colaba,18.9067,72.8147,1,Urban Heat Island Risk,0.2,12,52.59233568380707
2024-12-25,27.9,66.0,0.0,Colaba,18.9067,72.8147,1,Urban Heat Island Risk,0.0,12,55.39404906815614
2024-12-26,28.7,73.0,0.0,Colaba,18.9067,72.8147,1,Urban Heat Island Risk,0.0,12,42.071144375937145
2024-12-27,27.4,75.0,0.0,Colaba,18.9067,72.8147,1,Urban Heat Island Risk,0.0,12,58.178362863259714
2024-12-28,29.099999999999998,73.0,0.3,Colaba,18.9067,72.8147,1,Urban Heat Island Risk,0.3,12,56.901069000401705
2024-12-29,29.599999999999998,74.0,0.0,Colaba,18.9067,72.8147,1,Urban Heat Island Risk,0.3,12,46.357036953123895
2024-12-30,31.7,68.0,0.0,Colaba,18.9067,72.8147,1,Urban Heat Island Risk,0.3,12,32.23657270512362
2024-12-31,32.400000000000006,64.0,0.0,Colaba,18.9067,72.8147,1,Urban Heat Island Risk,0.3,12,26.64253108991516
2025-01-01,31.599999999999998,66.0,0.0,Colaba,18.9067,72.8147,1,Urban Heat Island Risk,0.3,1,38.759225189424505
2025-01-02,31.999999999999996,63.0,0.0,Colaba,18.9067,72.8147,1,Urban Heat Island Risk,0.3,1,27.87083613380978
2025-01-03,32.5,57.0,0.0,Colaba,18.9067,72.8147,1,Urban Heat Island Risk,0.3,1,38.398646269662905
2025-01-04,32.1,53.0,0.0,Colaba,18.9067,72.8147,1,Urban Heat Island Risk,0.3,1,41.10013207190511
2025-01-05,28.4,67.0,0.0,Colaba,18.9067,72.8147,1,Urban Heat Island Risk,0.3,1,53.68375399330894
2025-01-06,29.099999999999998,64.0,0.0,Colaba,18.9067,72.8147,1,Urban Heat Island Risk,0.3,1,48.37575789295012
2025-01-07,30.599999999999998,58.0,0.0,Colaba,18.9067,72.8147,1,Urban Heat Island Risk,0.3,1,45.08663237454114
2025-01-08,29.8,59.0,0.0,Colaba,18.9067,72.8147,1,Urban Heat Island Risk,0.3,1,49.94065917780329
2025-01-09,31.2,51.0,0.0,Colaba,18.9067,72.8147,1,Urban Heat Island Risk,0.3,1,32.50337467803626
2025-01-10,30.5,56.0,0.0,Colaba,18.9067,72.8147,1,Urban Heat Island Risk,0.3,1,37.86722433431649
2025-01-11,27.7,68.0,0.0,Colaba,18.9067,72.8147,1,Urban Heat Island Risk,0.3,1,49.754929493250195
2025-01-12,29.2,65.0,0.0,Colaba,18.9067,72.8147,1,Urban Heat Island Risk,0.3,1,49.911991358336955
2025-01-13,31.900000000000002,60.0,0.0,Colaba,18.9067,72.8147,1,Urban Heat Island Risk,0.3,1,35.89980608395111
2025-01-14,32.1,62.0,0.0,Colaba,18.9067,72.8147,1,Urban Heat Island Risk,0.3,1,24.683705144026963
2025-01-15,29.3,72.0,0.0,Colaba,18.9067,72.8147,1,Urban Heat Island Risk,0.3,1,45.0240054759192
2025-01-16,28.9,71.0,0.0,Colaba,18.9067,72.8147,1,Urban Heat Island Risk,0.3,1,42.83039707875993
2025-01-17,32.5,65.0,0.0,Colaba,18.9067,72.8147,1,Urban Heat Island Risk,0.3,1,24.672667615447477
2025-01-18,33.2,51.0,0.0,Colaba,18.9067,72.8147,1,Urban Heat Island Risk,0.0,1,27.955085301131483
2025-01-19,32.400000000000006,51.0,0.0,Colaba,18.9067,72.8147,1,Urban Heat Island Risk,0.0,1,26.0659229999419
2025-01-20,32.400000000000006,51.0,0.0,Colaba,18.9067,72.8147,1,Urban Heat Island Risk,0.0,1,28.229203553171807
2025-01-21,30.599999999999998,56.0,0.0,Colaba,18.9067,72.8147,1,Urban Heat Island Risk,0.0,1,31.796774693596767
2025-01-22,30.599999999999998,58.0,0.0,Colaba,18.9067,72.8147,1,Urban Heat Island Risk,0.0,1,40.86828438195666
2025-01-23,29.7,55.0,0.0,Colaba,18.9067,72.8147,1,Urban Heat Island Risk,0.0,1,44.811966734110094
2025-01-24,30.9,54.0,0.0,Colaba,18.9067,72.8147,1,Urban Heat Island Risk,0.0,1,34.58853708316753
2025-01-25,32.400000000000006,62.0,0.0,Colaba,18.9067,72.8147,1,Urban Heat Island Risk,0.0,1,28.788261844920928
2025-01-26,32.7,64.0,0.0,Colaba,18.9067,72.8147,1,Urban Heat Island Risk,0.0,1,28.93480773585054
2025-01-27,31.7,61.0,0.0,Colaba,18.9067,72.8147,1,Urban Heat Island Risk,0.0,1,29.625659255453282
2025-01-28,29.7,62.0,0.0,Colaba,18.9067,72.8147,1,Urban Heat Island Risk,0.0,1,37.65202061332444
2025-01-29,30.0,63.0,0.0,Colaba,18.9067,72.8147,1,Urban Heat Island Risk,0.0,1,52.361205496767404
2025-01-30,30.599999999999998,57.0,0.0,Colaba,18.9067,72.8147,1,Urban Heat Island Risk,0.0,1,36.76696980978198
2025-01-31,28.7,64.0,0.0,Colaba,18.9067,72.8147,1,Urban Heat Island Risk,0.0,1,50.21619948406556
2025-02-01,28.3,63.0,0.0,Colaba,18.9067,72.8147,1,Urban Heat Island Risk,0.0,2,58.02086534176823
2025-02-02,30.099999999999998,50.0,0.0,Colaba,18.9067,72.8147,1,Urban Heat Island Risk,0.0,2,60.4119426045191
2025-02-03,28.099999999999998,57.0,0.0,Colaba,18.9067,72.8147,1,Urban Heat Island Risk,0.0,2,47.877567750555684
2025-02-04,28.9,58.0,0.0,Colaba,18.9067,72.8147,1,Urban Heat Island Risk,0.0,2,51.81580273529923
2025-02-05,30.7,43.0,0.0,Colaba,18.9067,72.8147,1,Urban Heat Island Risk,0.0,2,35.82890524019614
2025-02-06,31.0,48.0,0.0,Colaba,18.9067,72.8147,1,Urban Heat Island Risk,0.0,2,34.97271514378312
2025-02-07,33.5,58.0,0.0,Colaba,18.9067,72.8147,1,Urban Heat Island Risk,0.0,2,19.89893989496605
2025-02-08,32.400000000000006,60.0,0.0,Colaba,18.9067,72.8147,1,Urban Heat Island Risk,0.0,2,24.105058494330372
2025-02-09,32.2,53.0,0.0,Colaba,18.9067,72.8147,1,Urban Heat Island Risk,0.0,2,30.660209857743347
2025-02-10,32.7,51.0,0.0,Colaba,18.9067,72.8147,1,Urban Heat Island Risk,0.0,2,20.66081989809214
2025-02-11,31.499999999999996,52.0,0.0,Colaba,18.9067,72.8147,1,Urban Heat Island Risk,0.0,2,39.56737116589271
2025-02-12,32.400000000000006,54.0,0.0,Colaba,18.9067,72.8147,1,Urban Heat Island Risk,0.0,2,30.00834801350017
2025-02-13,34.0,45.0,0.0,Colaba,18.9067,72.8147,1,Urban Heat Island Risk,0.0,2,22.778841531173867
2025-02-14,33.900000000000006,40.0,0.0,Colaba,18.9067,72.8147,1,Urban Heat Island Risk,0.0,2,18.902390273602187
2025-02-15,34.400000000000006,36.0,0.0,Colaba,18.9067,72.8147,1,Urban Heat Island Risk,0.0,2,16.563980328941224
2025-02-16,34.300000000000004,40.0,0.0,Colaba,18.9067,72.8147,1,Urban Heat Island Risk,0.0,2,20.404486192503285
2025-02-17,33.400000000000006,49.0,0.0,Colaba,18.9067,72.8147,1,Urban Heat Island Risk,0.0,2,18.24641350463751
2025-02-18,34.0,44.0,0.0,Colaba,18.9067,72.8147,1,Urban Heat Island Risk,0.0,2,18.876714494599987
2025-02-19,32.6,43.0,0.0,Colaba,18.9067,72.8147,1,Urban Heat Island Risk,0.0,2,24.301932430607724
2025-02-20,33.900000000000006,44.0,0.0,Colaba,18.9067,72.8147,1,Urban Heat Island Risk,0.0,2,16.78048928037823
2025-02-21,35.900000000000006,36.0,0.0,Colaba,18.9067,72.8147,1,Urban Heat Island Risk,0.0,2,5.0
2025-02-22,34.1,39.0,0.0,Colaba,18.9067,72.8147,1,Urban Heat Island Risk,0.0,2,26.796632947399992
2025-02-23,34.900000000000006,39.0,0.0,Colaba,18.9067,72.8147,1,Urban Heat Island Risk,0.0,2,12.13397290089779
2025-02-24,36.0,38.0,0.0,Colaba,18.9067,72.8147,1,Urban Heat Island Risk,0.0,2,15.150213609151082
2025-02-25,36.7,39.0,0.0,Colaba,18.9067,72.8147,1,Urban Heat Island Risk,0.0,2,10.710628273638113
2025-02-26,36.400000000000006,51.0,0.0,Colaba,18.9067,72.8147,1,Urban Heat Island Risk,0.0,2,5.0
2025-02-27,35.0,49.0,0.0,Colaba,18.9067,72.8147,1,Urban Heat Island Risk,0.0,2,9.55794382163577
2025-02-28,32.6,56.0,0.0,Colaba,18.9067,72.8147,1,Urban Heat Island Risk,0.0,2,41.40251479677841
2025-03-01,32.900000000000006,47.0,0.0,Colaba,18.9067,72.8147,1,Urban Heat Island Risk,0.0,3,23.754629709635715
2025-03-02,35.400000000000006,41.0,0.0,Colaba,18.9067,72.8147,1,Urban Heat Island Risk,0.0,3,14.84240743335948
2025-03-03,35.400000000000006,44.0,0.0,Colaba,18.9067,72.8147,1,Urban Heat Island Risk,0.0,3,16.286865532086747
2025-03-04,35.0,44.0,0.0,Colaba,18.9067,72.8147,1,Urban Heat Island Risk,0.0,3,11.845767985264057
2025-03-05,36.0,36.0,0.0,Colaba,18.9067,72.8147,1,Urban Heat Island Risk,0.0,3,17.1617635710017
2025-03-06,34.2,30.0,0.0,Colaba,18.9067,72.8147,1,Urban Heat Island Risk,0.0,3,11.414090496387644
2025-03-07,36.1,30.0,0.0,Colaba,18.9067,72.8147,1,Urban Heat Island Risk,0.0,3,5.0
2025-03-08,35.2,40.0,0.0,Colaba,18.9067,72.8147,1,Urban Heat Island Risk,0.0,3,8.392221067444744
2025-03-09,34.800000000000004,53.0,0.0,Colaba,18.9067,72.8147,1,Urban Heat Island Risk,0.0,3,15.105463739252937
2025-03-10,38.2,40.0,0.0,Colaba,18.9067,72.8147,1,Urban Heat Island Risk,0.0,3,9.34466382248706
2025-03-11,36.6,49.0,0.0,Colaba,18.9067,72.8147,1,Urban Heat Island Risk,0.0,3,14.663612675432327
2025-03-12,36.2,55.0,0.0,Colaba,18.9067,72.8147,1,Urban Heat Island Risk,0.0,3,9.626694802835685
2025-03-13,33.400000000000006,67.0,0.0,Colaba,18.9067,72.8147,1,Urban Heat Island Risk,0.0,3,11.088230387490032
2025-03-14,33.900000000000006,62.0,0.0,Colaba,18.9067,72.8147,1,Urban Heat Island Risk,0.0,3,19.265826532065958
2025-03-15,34.7,59.0,0.0,Colaba,18.9067,72.8147,1,Urban Heat Island Risk,0.0,3,16.237402738200522
2025-03-16,32.400000000000006,58.0,0.0,Colaba,18.9067,72.8147,1,Urban Heat Island Risk,0.0,3,14.951677893433263
2025-03-17,32.7,63.0,0.0,Colaba,18.9067,72.8147,1,Urban Heat Island Risk,0.0,3,19.394819865353256
2025-03-18,32.400000000000006,70.0,0.0,Colaba,18.9067,72.8147,1,Urban Heat Island Risk,0.0,3,17.403042966736738
2025-03-19,31.499999999999996,69.0,0.0,Colaba,18.9067,72.8147,1,Urban Heat Island Risk,0.0,3,22.232816456256838
2025-03-20,34.300000000000004,50.0,0.0,Colaba,18.9067,72.8147,1,Urban Heat Island Risk,0.0,3,12.7007036884243
2025-03-21,31.599999999999998,63.0,0.0,Colaba,18.9067,72.8147,1,Urban Heat Island Risk,0.0,3,12.851825107362457
2025-03-22,31.900000000000002,70.0,0.0,Colaba,18.9067,72.8147,1,Urban Heat Island Risk,0.0,3,8.494453668043274
2025-03-23,33.0,73.0,0.0,Colaba,18.9067,72.8147,1,Urban Heat Island Risk,0.0,3,12.8550964131379
2025-03-24,32.1,80.0,0.0,Colaba,18.9067,72.8147,1,Urban Heat Island Risk,0.0,3,19.82384947151223
2025-03-25,32.400000000000006,72.0,0.0,Colaba,18.9067,72.8147,1,Urban Heat Island Risk,0.0,3,21.49993686131067
2025-03-26,30.7,78.0,0.0,Colaba,18.9067,72.8147,1,Urban Heat Island Risk,0.0,3,19.80152584043334
2025-03-27,30.0,81.0,0.0,Colaba,18.9067,72.8147,1,Urban Heat Island Risk,0.0,3,6.0290406672528185
2025-03-28,31.7,66.0,0.0,Colaba,18.9067,72.8147,1,Urban Heat Island Risk,0.0,3,20.415726063303673
2025-03-29,35.400000000000006,36.0,0.0,Colaba,18.9067,72.8147,1,Urban Heat Island Risk,0.0,3,5.807406883639647
2025-03-30,36.900000000000006,44.0,0.0,Colaba,18.9067,72.8147,1,Urban Heat Island Risk,0.0,3,19.490586620611737
2025-03-31,36.2,49.0,0.0,Colaba,18.9067,72.8147,1,Urban Heat Island Risk,0.0,3,13.161077367144724
2025-04-01,38.0,49.0,0.0,Colaba,18.9067,72.8147,1,Urban Heat Island Risk,0.0,4,18.51266656966928
2025-04-02,36.6,46.0,0.0,Colaba,18.9067,72.8147,1,Urban Heat Island Risk,0.0,4,8.33775826052717
2025-04-03,31.7,78.0,0.6,Colaba,18.9067,72.8147,1,Urban Heat Island Risk,0.6,4,20.855838163530734
2025-04-04,32.400000000000006,81.0,1.0,Colaba,18.9067,72.8147,1,Urban Heat Island Risk,1.6,4,7.675126269475555
2025-04-05,34.6,68.0,0.0,Colaba,18.9067,72.8147,1,Urban Heat Island Risk,1.6,4,11.657725445734112
2025-04-06,34.900000000000006,64.0,0.0,Colaba,18.9067,72.8147,1,Urban Heat Island Risk,1.6,4,10.009526861154825
2025-04-07,35.6,62.0,0.0,Colaba,18.9067,72.8147,1,Urban Heat Island Risk,1.6,4,6.228575735887505
2025-04-08,35.7,54.0,0.0,Colaba,18.9067,72.8147,1,Urban Heat Island Risk,1.6,4,15.472637837942342
2025-04-09,33.800000000000004,63.0,0.0,Colaba,18.9067,72.8147,1,Urban Heat Island Risk,1.6,4,24.030445589184808
2025-04-10,32.400000000000006,79.0,0.0,Colaba,18.9067,72.8147,1,Urban Heat Island Risk,1.6,4,28.334526111600045
2025-04-11,32.2,78.0,0.0,Colaba,18.9067,72.8147,1,Urban Heat Island Risk,1.6,4,15.485778935431238
2025-04-12,31.400000000000002,80.0,0.1,Colaba,18.9067,72.8147,1,Urban Heat Island Risk,1.7000000000000002,4,20.58340637533761
2025-04-13,31.900000000000002,80.0,0.0,Colaba,18.9067,72.8147,1,Urban Heat Island Risk,1.7000000000000002,4,16.160473189642687
2025-04-14,35.6,67.0,0.0,Colaba,18.9067,72.8147,1,Urban Heat Island Risk,1.7000000000000002,4,17.494415973841065
2025-04-15,34.300000000000004,67.0,0.0,Colaba,18.9067,72.8147,1,Urban Heat Island Risk,1.7000000000000002,4,13.289256744363806
2025-04-16,32.2,79.0,0.0,Colaba,18.9067,72.8147,1,Urban Heat Island Risk,1.7000000000000002,4,15.97538462711301
2025-04-17,31.599999999999998,83.0,0.0,Colaba,18.9067,72.8147,1,Urban Heat Island Risk,1.7000000000000002,4,17.687393523032142
2025-04-18,31.499999999999996,81.0,0.0,Colaba,18.9067,72.8147,1,Urban Heat Island Risk,1.7000000000000002,4,12.107701355618342
2025-04-19,31.900000000000002,80.0,0.0,Colaba,18.9067,72.8147,1,Urban Heat Island Risk,1.7000000000000002,4,14.61252850053506
2025-04-20,32.2,77.0,0.0,Colaba,18.9067,72.8147,1,Urban Heat Island Risk,1.7000000000000002,4,14.707849405012558
2025-04-21,31.900000000000002,79.0,0.0,Colaba,18.9067,72.8147,1,Urban Heat Island Risk,1.7000000000000002,4,19.132016586652625
2025-04-22,33.5,75.0,0.0,Colaba,18.9067,72.8147,1,Urban Heat Island Risk,1.7000000000000002,4,9.669839141861598
2025-04-23,34.0,77.0,0.0,Colaba,18.9067,72.8147,1,Urban Heat Island Risk,1.7000000000000002,4,14.742288956961742
2025-04-24,32.5,79.0,0.0,Colaba,18.9067,72.8147,1,Urban Heat Island Risk,1.1,4,24.560027345263485
2025-04-25,32.900000000000006,76.0,0.0,Colaba,18.9067,72.8147,1,Urban Heat Island Risk,0.10000000000000012,4,20.820300762929687
2025-04-26,32.400000000000006,76.0,0.0,Colaba,18.9067,72.8147,1,Urban Heat Island Risk,0.10000000000000012,4,21.745895244443524
2025-04-27,32.5,79.0,0.0,Colaba,18.9067,72.8147,1,Urban Heat Island Risk,0.10000000000000012,4,15.12215920089017
2025-04-28,31.999999999999996,80.0,0.0,Colaba,18.9067,72.8147,1,Urban Heat Island Risk,0.10000000000000012,4,16.604987818430114
2025-04-29,31.999999999999996,81.0,0.0,Colaba,18.9067,72.8147,1,Urban Heat Island Risk,0.10000000000000012,4,20.011180833514626
2025-04-30,32.2,80.0,0.0,Colaba,18.9067,72.8147,1,Urban Heat Island Risk,0.10000000000000012,4,22.801277647654654
2025-05-01,32.5,80.0,0.0,Colaba,18.9067,72.8147,1,Urban Heat Island Risk,0.10000000000000012,5,5.241985435585567
2025-05-02,33.7,73.0,0.0,Colaba,18.9067,72.8147,1,Urban Heat Island Risk,0.10000000000000012,5,8.422793464750772
2025-05-03,32.400000000000006,73.0,0.0,Colaba,18.9067,72.8147,1,Urban Heat Island Risk,0.0,5,21.54722050701324
2025-05-04,32.1,73.0,0.0,Colaba,18.9067,72.8147,1,Urban Heat Island Risk,0.0,5,13.615553221155983
2025-05-05,32.7,75.0,0.0,Colaba,18.9067,72.8147,1,Urban Heat Island Risk,0.0,5,11.641396053709613
2025-05-06,31.999999999999996,78.0,6.3,Colaba,18.9067,72.8147,1,Urban Heat Island Risk,6.3,5,8.72919506502198
2025-05-07,31.499999999999996,78.0,3.0,Colaba,18.9067,72.8147,1,Urban Heat Island Risk,9.3,5,12.224916492279453
2025-05-08,28.599999999999998,86.0,9.3,Colaba,18.9067,72.8147,1,Urban Heat Island Risk,18.6,5,7.988153582880876
2025-05-09,27.7,87.0,2.0,Colaba,18.9067,72.8147,1,Urban Heat Island Risk,20.6,5,25.455471363662383
2025-05-10,30.099999999999998,86.0,0.5,Colaba,18.9067,72.8147,1,Urban Heat Island Risk,21.1,5,14.887819740097132
2025-05-11,31.7,81.0,0.4,Colaba,18.9067,72.8147,1,Urban Heat Island Risk,21.5,5,14.710247291186413
2025-05-12,32.800000000000004,75.0,1.6,Colaba,18.9067,72.8147,1,Urban Heat Island Risk,23.1,5,17.940383375839158
2025-05-13,33.0,75.0,1.7,Colaba,18.9067,72.8147,1,Urban Heat Island Risk,24.8,5,19.81172584633285
2025-05-14,32.400000000000006,77.0,0.6,Colaba,18.9067,72.8147,1,Urban Heat Island Risk,25.400000000000002,5,19.729440782773196
2025-05-15,32.400000000000006,75.0,1.8,Colaba,18.9067,72.8147,1,Urban Heat Island Risk,27.200000000000003,5,20.36810971953786
2025-05-16,33.0,70.0,1.0,Colaba,18.9067,72.8147,1,Urban Heat Island Risk,28.200000000000003,5,11.845772246045719
2025-05-17,31.7,71.0,0.9,Colaba,18.9067,72.8147,1,Urban Heat Island Risk,29.1,5,13.510665975215694
2025-05-18,33.6,66.0,0.0,Colaba,18.9067,72.8147,1,Urban Heat Island Risk,29.1,5,18.84515827721138
2025-05-19,31.499999999999996,74.0,0.2,Colaba,18.9067,72.8147,1,Urban Heat Island Risk,29.3,5,12.3630546918019
2025-05-20,33.5,80.0,8.7,Colaba,18.9067,72.8147,1,Urban Heat Island Risk,38.0,5,14.974466839863874
2025-05-21,30.7,88.0,1.1,Colaba,18.9067,72.8147,1,Urban Heat Island Risk,39.1,5,16.993818822124073
2025-05-22,31.0,87.0,21.2,Colaba,18.9067,72.8147,1,Urban Heat Island Risk,60.3,5,18.92592541155188
2025-05-23,31.7,91.0,2.2,Colaba,18.9067,72.8147,1,Urban Heat Island Risk,62.5,5,6.1115951881489945
2025-05-24,31.3,89.0,8.9,Colaba,18.9067,72.8147,1,Urban Heat Island Risk,71.4,5,18.573728249444727
2025-05-25,27.7,96.0,27.3,Colaba,18.9067,72.8147,1,Urban Heat Island Risk,98.7,5,13.831379710741373
2025-05-26,27.0,98.0,54.0,Colaba,18.9067,72.8147,1,Urban Heat Island Risk,152.7,5,18.537288554321904
2025-05-27,29.0,94.0,9.1,Colaba,18.9067,72.8147,1,Urban Heat Island Risk,155.5,5,18.884658461774144
2025-05-28,27.0,95.0,11.5,Colaba,18.9067,72.8147,1,Urban Heat Island Risk,164.0,5,23.03957530559579
2025-05-29,30.599999999999998,91.0,5.6,Colaba,18.9067,72.8147,1,Urban Heat Island Risk,160.3,5,21.767268238106016
2025-05-30,30.7,83.0,1.8,Colaba,18.9067,72.8147,1,Urban Heat Island Risk,160.1,5,21.73285831305148
2025-05-31,30.2,85.0,3.5,Colaba,18.9067,72.8147,1,Urban Heat Island Risk,163.1,5,22.21835159583119
2025-06-01,28.4,90.0,11.1,Colaba,18.9067,72.8147,1,Urban Heat Island Risk,173.8,6,16.45689492407973
2025-06-02,29.8,88.0,8.8,Colaba,18.9067,72.8147,1,Urban Heat Island Risk,181.0,6,15.160925435184199
2025-06-03,29.3,89.0,12.8,Colaba,18.9067,72.8147,1,Urban Heat Island Risk,192.1,6,19.364085415891672
2025-06-04,28.4,90.0,4.5,Colaba,18.9067,72.8147,1,Urban Heat Island Risk,196.0,6,18.66040475716511
2025-06-05,29.4,88.0,1.6,Colaba,18.9067,72.8147,1,Urban Heat Island Risk,195.8,6,13.454668816308699
2025-06-06,29.4,88.0,4.7,Colaba,18.9067,72.8147,1,Urban Heat Island Risk,199.5,6,17.02411704404134
2025-06-07,28.8,91.0,8.1,Colaba,18.9067,72.8147,1,Urban Heat Island Risk,206.70000000000002,6,14.824517666077028
2025-06-08,29.4,87.0,4.4,Colaba,18.9067,72.8147,1,Urban Heat Island Risk,211.10000000000002,6,10.73033545769972
2025-06-09,30.0,82.0,2.0,Colaba,18.9067,72.8147,1,Urban Heat Island Risk,212.89999999999998,6,21.45230370688175
2025-06-10,29.7,85.0,0.8,Colaba,18.9067,72.8147,1,Urban Heat Island Risk,205.0,6,15.275996212650446
2025-06-11,31.0,82.0,0.8,Colaba,18.9067,72.8147,1,Urban Heat Island Risk,204.70000000000002,6,25.243541288494253
2025-06-12,30.7,83.0,2.8,Colaba,18.9067,72.8147,1,Urban Heat Island Risk,186.29999999999998,6,6.8725386490008376
2025-06-13,29.7,91.0,29.6,Colaba,18.9067,72.8147,1,Urban Heat Island Risk,213.7,6,12.216106135783168
2025-06-14,29.7,95.0,58.0,Colaba,18.9067,72.8147,1,Urban Heat Island Risk,262.8,6,15.163194183454356
2025-06-15,28.8,98.0,55.5,Colaba,18.9067,72.8147,1,Urban Heat Island Risk,291.0,6,20.68690548814457
2025-06-16,26.3,97.0,100.9,Colaba,18.9067,72.8147,1,Urban Heat Island Risk,337.9,6,16.997346863010925
2025-06-17,28.7,90.0,17.5,Colaba,18.9067,72.8147,1,Urban Heat Island Risk,346.3,6,16.552363770903757
2025-06-18,27.599999999999998,94.0,86.1,Colaba,18.9067,72.8147,1,Urban Heat Island Risk,420.90000000000003,6,9.363681037229265
2025-06-19,27.599999999999998,96.0,65.8,Colaba,18.9067,72.8147,1,Urban Heat Island Risk,481.1,6,9.215293013852644
2025-06-20,28.7,89.0,11.3,Colaba,18.9067,72.8147,1,Urban Heat Island Risk,490.59999999999997,6,16.612523301449524
2025-06-21,29.2,90.0,10.0,Colaba,18.9067,72.8147,1,Urban Heat Island Risk,497.09999999999997,6,8.179470030908208
2025-06-22,28.3,89.0,15.8,Colaba,18.9067,72.8147,1,Urban Heat Island Risk,501.8,6,12.340611248553357
2025-06-23,27.5,92.0,51.2,Colaba,18.9067,72.8147,1,Urban Heat Island Risk,544.2,6,17.50458664542929
2025-06-24,28.3,92.0,26.7,Colaba,18.9067,72.8147,1,Urban Heat Island Risk,558.1,6,10.08837863861612
2025-06-25,29.2,87.0,10.0,Colaba,18.9067,72.8147,1,Urban Heat Island Risk,563.6,6,23.026779811809032
2025-06-26,27.8,94.0,25.0,Colaba,18.9067,72.8147,1,Urban Heat Island Risk,587.0,6,21.11968172118945
2025-06-27,28.0,88.0,13.9,Colaba,18.9067,72.8147,1,Urban Heat Island Risk,596.1999999999999,6,7.142900008308498
2025-06-28,28.599999999999998,86.0,21.5,Colaba,18.9067,72.8147,1,Urban Heat Island Risk,609.5999999999999,6,10.338143784090065
2025-06-29,28.099999999999998,89.0,18.1,Colaba,18.9067,72.8147,1,Urban Heat Island Risk,623.3,6,5.0
2025-06-30,28.3,89.0,22.2,Colaba,18.9067,72.8147,1,Urban Heat Island Risk,643.5,6,11.087043187259333
2025-07-01,28.0,91.0,34.3,Colaba,18.9067,72.8147,1,Urban Heat Island Risk,677.0,7,18.831942382861996
2025-07-02,27.9,93.0,40.8,Colaba,18.9067,72.8147,1,Urban Heat Island Risk,717.0,7,12.930525288625716
2025-07-03,27.4,92.0,26.3,Colaba,18.9067,72.8147,1,Urban Heat Island Risk,740.5,7,17.30398621807984
2025-07-04,27.2,90.0,20.2,Colaba,18.9067,72.8147,1,Urban Heat Island Risk,731.1,7,7.3883284085912795
2025-07-05,26.7,91.0,37.9,Colaba,18.9067,72.8147,1,Urban Heat Island Risk,711.0,7,18.989876272909527
2025-07-06,26.7,92.0,31.3,Colaba,18.9067,72.8147,1,Urban Heat Island Risk,686.8,7,12.22445386035825
2025-07-07,27.7,90.0,7.6,Colaba,18.9067,72.8147,1,Urban Heat Island Risk,593.5,7,15.060848411414526
2025-07-08,27.8,88.0,3.7,Colaba,18.9067,72.8147,1,Urban Heat Island Risk,579.7,7,14.535627493034736
2025-07-09,26.7,92.0,15.4,Colaba,18.9067,72.8147,1,Urban Heat Island Risk,509.0,7,8.64225739553858
2025-07-10,28.2,90.0,6.5,Colaba,18.9067,72.8147,1,Urban Heat Island Risk,449.70000000000005,7,9.234578341301088
2025-07-11,27.2,91.0,6.1,Colaba,18.9067,72.8147,1,Urban Heat Island Risk,444.5,7,19.83897234501713
2025-07-12,28.5,90.0,4.9,Colaba,18.9067,72.8147,1,Urban Heat Island Risk,439.40000000000003,7,16.99496078750848
2025-07-13,27.7,91.0,14.7,Colaba,18.9067,72.8147,1,Urban Heat Island Risk,438.3,7,20.250245207767133
2025-07-14,26.7,95.0,51.0,Colaba,18.9067,72.8147,1,Urban Heat Island Risk,438.1,7,16.62329117751259
2025-07-15,26.8,92.0,15.8,Colaba,18.9067,72.8147,1,Urban Heat Island Risk,427.2,7,15.714953174046082
2025-07-16,28.3,90.0,7.9,Colaba,18.9067,72.8147,1,Urban Heat Island Risk,425.09999999999997,7,6.369946906666167
2025-07-17,28.5,90.0,4.1,Colaba,18.9067,72.8147,1,Urban Heat Island Risk,404.2,7,13.648166516194152
2025-07-18,28.7,88.0,2.7,Colaba,18.9067,72.8147,1,Urban Heat Island Risk,393.0,7,14.86307839798128
2025-07-19,27.5,90.0,6.3,Colaba,18.9067,72.8147,1,Urban Heat Island Risk,377.8,7,24.76553599136287
2025-07-20,27.2,93.0,12.3,Colaba,18.9067,72.8147,1,Urban Heat Island Risk,371.99999999999994,7,18.434783160493385
2025-07-21,27.2,94.0,17.7,Colaba,18.9067,72.8147,1,Urban Heat Island Risk,367.5,7,22.68030590854764
2025-07-22,27.2,93.0,18.4,Colaba,18.9067,72.8147,1,Urban Heat Island Risk,351.6,7,17.98768852947364
2025-07-23,27.2,92.0,18.6,Colaba,18.9067,72.8147,1,Urban Heat Island Risk,329.40000000000003,7,11.443483865252603
2025-07-24,26.599999999999998,92.0,14.9,Colaba,18.9067,72.8147,1,Urban Heat Island Risk,318.0,7,15.585621080749256
2025-07-25,26.3,94.0,40.3,Colaba,18.9067,72.8147,1,Urban Heat Island Risk,338.1,7,16.181118231321165
2025-07-26,27.2,91.0,17.4,Colaba,18.9067,72.8147,1,Urban Heat Island Risk,317.59999999999997,7,10.304222151146591
2025-07-27,27.3,88.0,10.5,Colaba,18.9067,72.8147,1,Urban Heat Island Risk,296.8,7,13.078063117035395
2025-07-28,27.5,87.0,8.8,Colaba,18.9067,72.8147,1,Urban Heat Island Risk,298.0,7,13.97116503161414
2025-07-29,26.7,89.0,8.6,Colaba,18.9067,72.8147,1,Urban Heat Island Risk,302.90000000000003,7,23.02809916282559
2025-07-30,26.4,92.0,7.8,Colaba,18.9067,72.8147,1,Urban Heat Island Risk,295.29999999999995,7,5.0
2025-07-31,26.8,90.0,3.9,Colaba,18.9067,72.8147,1,Urban Heat Island Risk,292.7,7,21.029092103580215
2025-08-01,27.599999999999998,88.0,4.1,Colaba,18.9067,72.8147,1,Urban Heat Island Risk,290.7,8,10.316023825203086
2025-08-02,27.5,91.0,8.7,Colaba,18.9067,72.8147,1,Urban Heat Island Risk,294.5,8,8.13960406365193
2025-08-03,27.3,91.0,4.0,Colaba,18.9067,72.8147,1,Urban Heat Island Risk,283.79999999999995,8,20.89971065019232
2025-08-04,27.8,90.0,3.5,Colaba,18.9067,72.8147,1,Urban Heat Island Risk,236.29999999999998,8,18.659490346171907
2025-08-05,28.099999999999998,89.0,4.3,Colaba,18.9067,72.8147,1,Urban Heat Island Risk,224.8,8,21.27259351190595
2025-08-06,28.4,89.0,1.2,Colaba,18.9067,72.8147,1,Urban Heat Island Risk,218.1,8,19.00350973772788
2025-08-07,27.099999999999998,92.0,3.2,Colaba,18.9067,72.8147,1,Urban Heat Island Risk,217.2,8,25.29922500868701
2025-08-08,27.3,91.0,2.9,Colaba,18.9067,72.8147,1,Urban Heat Island Risk,217.39999999999998,8,17.793619184722427
2025-08-09,27.7,91.0,1.6,Colaba,18.9067,72.8147,1,Urban Heat Island Risk,212.7,8,14.217613119384207
2025-08-10,27.3,91.0,3.2,Colaba,18.9067,72.8147,1,Urban Heat Island Risk,203.6,8,16.714631886606714
2025-08-11,27.4,89.0,4.3,Colaba,18.9067,72.8147,1,Urban Heat Island Risk,190.2,8,21.217345641729818
2025-08-12,27.8,88.0,5.0,Colaba,18.9067,72.8147,1,Urban Heat Island Risk,176.79999999999998,8,11.103123373699415
2025-08-13,27.4,92.0,15.4,Colaba,18.9067,72.8147,1,Urban Heat Island Risk,173.6,8,11.740557087343095
2025-08-14,26.4,94.0,38.9,Colaba,18.9067,72.8147,1,Urban Heat Island Risk,197.6,8,13.455199927010463
2025-08-15,26.4,94.0,35.8,Colaba,18.9067,72.8147,1,Urban Heat Island Risk,193.10000000000002,8,5.0
2025-08-16,25.7,97.0,34.2,Colaba,18.9067,72.8147,1,Urban Heat Island Risk,209.9,8,15.690392042087733
2025-08-17,27.2,93.0,16.3,Colaba,18.9067,72.8147,1,Urban Heat Island Risk,215.70000000000002,8,5.569356480244869
2025-08-18,25.2,97.0,127.0,Colaba,18.9067,72.8147,1,Urban Heat Island Risk,333.9,8,15.265296564663096
2025-08-19,25.4,96.0,136.5,Colaba,18.9067,72.8147,1,Urban Heat Island Risk,461.79999999999995,8,19.326448780676248
2025-08-20,25.7,94.0,61.5,Colaba,18.9067,72.8147,1,Urban Heat Island Risk,515.5,8,12.615617696780822
2025-08-21,27.2,90.0,26.0,Colaba,18.9067,72.8147,1,Urban Heat Island Risk,537.5999999999999,8,23.385579350934357
2025-08-22,27.4,86.0,4.5,Colaba,18.9067,72.8147,1,Urban Heat Island Risk,538.0,8,7.697495502907561
2025-08-23,27.5,86.0,10.4,Colaba,18.9067,72.8147,1,Urban Heat Island Risk,539.7,8,20.95630340815916
2025-08-24,27.7,87.0,6.7,Colaba,18.9067,72.8147,1,Urban Heat Island Risk,542.4,8,18.375685282034603
2025-08-25,26.0,92.0,23.2,Colaba,18.9067,72.8147,1,Urban Heat Island Risk,562.1,8,6.419833758446554
2025-08-26,27.0,90.0,14.9,Colaba,18.9067,72.8147,1,Urban Heat Island Risk,572.6999999999999,8,28.553971495202664
2025-08-27,27.599999999999998,90.0,7.6,Colaba,18.9067,72.8147,1,Urban Heat Island Risk,579.1,8,14.681273572480169
2025-08-28,27.5,93.0,16.3,Colaba,18.9067,72.8147,1,Urban Heat Island Risk,592.1999999999999,8,10.612579889221841
2025-08-29,27.2,93.0,7.5,Colaba,18.9067,72.8147,1,Urban Heat Island Risk,596.8,8,7.964564026079915
2025-08-30,27.599999999999998,91.0,2.8,Colaba,18.9067,72.8147,1,Urban Heat Island Risk,598.0,8,13.89990986170163
2025-08-31,26.8,91.0,10.0,Colaba,18.9067,72.8147,1,Urban Heat Island Risk,604.8000000000001,8,14.362965638050202
2025-09-01,27.0,90.0,6.7,Colaba,18.9067,72.8147,1,Urban Heat Island Risk,607.1999999999999,9,15.513227642698322
2025-09-02,27.4,91.0,5.7,Colaba,18.9067,72.8147,1,Urban Heat Island Risk,607.9,9,13.511019218880199
2025-09-03,27.9,88.0,4.8,Colaba,18.9067,72.8147,1,Urban Heat Island Risk,597.3,9,18.166126550575466
2025-09-04,25.3,93.0,17.2,Colaba,18.9067,72.8147,1,Urban Heat Island Risk,575.6,9,13.061850836683767
2025-09-05,26.599999999999998,94.0,18.2,Colaba,18.9067,72.8147,1,Urban Heat Island Risk,558.0,9,5.325179413797645
2025-09-06,25.7,92.0,24.9,Colaba,18.9067,72.8147,1,Urban Heat Island Risk,548.7,9,14.253192521751794
2025-09-07,27.3,89.0,9.2,Colaba,18.9067,72.8147,1,Urban Heat Island Risk,541.5999999999999,9,5.0
2025-09-08,27.0,91.0,5.5,Colaba,18.9067,72.8147,1,Urban Heat Island Risk,420.1,9,16.76885315445695
2025-09-09,28.099999999999998,92.0,0.7,Colaba,18.9067,72.8147,1,Urban Heat Island Risk,284.3,9,10.103498848586824
2025-09-10,28.7,89.0,0.3,Colaba,18.9067,72.8147,1,Urban Heat Island Risk,223.1,9,15.816801774579002
2025-09-11,28.099999999999998,87.0,1.5,Colaba,18.9067,72.8147,1,Urban Heat Island Risk,198.6,9,21.57037490762302
2025-09-12,28.5,87.0,1.2,Colaba,18.9067,72.8147,1,Urban Heat Island Risk,195.3,9,10.25625652366
2025-09-13,27.8,93.0,12.7,Colaba,18.9067,72.8147,1,Urban Heat Island Risk,197.6,9,20.30628129256059
2025-09-14,28.2,92.0,12.2,Colaba,18.9067,72.8147,1,Urban Heat Island Risk,203.1,9,12.833052166569233
2025-09-15,26.3,95.0,65.5,Colaba,18.9067,72.8147,1,Urban Heat Island Risk,245.39999999999998,9,23.765974010327927
2025-09-16,27.0,95.0,5.2,Colaba,18.9067,72.8147,1,Urban Heat Island Risk,235.7,9,13.174236934008933
2025-09-17,27.4,95.0,25.7,Colaba,18.9067,72.8147,1,Urban Heat Island Risk,253.79999999999998,9,10.797535072466543
2025-09-18,27.0,95.0,10.4,Colaba,18.9067,72.8147,1,Urban Heat Island Risk,247.9,9,18.436192251976443
2025-09-19,27.4,95.0,8.2,Colaba,18.9067,72.8147,1,Urban Heat Island Risk,248.6,9,12.82105135188182
2025-09-20,28.2,93.0,12.3,Colaba,18.9067,72.8147,1,Urban Heat Island Risk,258.09999999999997,9,10.792752429354959
2025-09-21,27.8,95.0,15.7,Colaba,18.9067,72.8147,1,Urban Heat Island Risk,263.79999999999995,9,12.610800746481043
2025-09-22,27.5,95.0,17.0,Colaba,18.9067,72.8147,1,Urban Heat Island Risk,274.1,9,14.776967339084994
2025-09-23,27.9,91.0,10.7,Colaba,18.9067,72.8147,1,Urban Heat Island Risk,279.1,9,21.71090065622427
2025-09-24,27.8,87.0,2.5,Colaba,18.9067,72.8147,1,Urban Heat Island Risk,276.8,9,5.329561272702115
2025-09-25,27.3,90.0,3.1,Colaba,18.9067,72.8147,1,Urban Heat Island Risk,262.7,9,15.115403294752104
2025-09-26,28.3,91.0,3.0,Colaba,18.9067,72.8147,1,Urban Heat Island Risk,247.5,9,18.124517973270216
2025-09-27,27.4,91.0,14.1,Colaba,18.9067,72.8147,1,Urban Heat Island Risk,236.7,9,15.96724287495898
2025-09-28,25.7,95.0,125.7,Colaba,18.9067,72.8147,1,Urban Heat Island Risk,353.2,9,21.549325847167673
2025-09-29,27.5,84.0,15.8,Colaba,18.9067,72.8147,1,Urban Heat Island Risk,363.5,9,14.628273351207378
2025-09-30,26.7,90.0,11.2,Colaba,18.9067,72.8147,1,Urban Heat Island Risk,374.0,9,14.077242789070274
2025-10-01,27.7,92.0,12.0,Colaba,18.9067,72.8147,1,Urban Heat Island Risk,385.7,10,59.328314401733394
2025-10-02,27.099999999999998,93.0,4.1,Colaba,18.9067,72.8147,1,Urban Heat Island Risk,388.3,10,60.26323574142343
2025-10-03,27.8,91.0,2.4,Colaba,18.9067,72.8147,1,Urban Heat Island Risk,389.5,10,53.84795630859764
2025-10-04,28.0,91.0,3.1,Colaba,18.9067,72.8147,1,Urban Heat Island Risk,379.90000000000003,10,57.24738686459856
2025-10-05,27.3,90.0,0.7,Colaba,18.9067,72.8147,1,Urban Heat Island Risk,368.4,10,55.3706918672501
2025-10-06,27.599999999999998,89.0,1.1,Colaba,18.9067,72.8147,1,Urban Heat Island Risk,303.99999999999994,10,53.877447573236715
2025-10-07,28.099999999999998,91.0,2.1,Colaba,18.9067,72.8147,1,Urban Heat Island Risk,300.9,10,51.46002989117195
2025-10-08,28.599999999999998,90.0,0.3,Colaba,18.9067,72.8147,1,Urban Heat Island Risk,275.5,10,58.03201246749872
2025-10-09,30.8,82.0,0.0,Colaba,18.9067,72.8147,1,Urban Heat Island Risk,265.1,10,22.69491822007143
2025-10-10,32.2,71.0,0.1,Colaba,18.9067,72.8147,1,Urban Heat Island Risk,257.0,10,32.84466084048137
2025-10-11,33.0,68.0,0.1,Colaba,18.9067,72.8147,1,Urban Heat Island Risk,244.79999999999998,10,26.504692404334445
2025-10-12,34.0,64.0,0.1,Colaba,18.9067,72.8147,1,Urban Heat Island Risk,229.2,10,12.262314370476066
2025-10-13,33.7,61.0,0.0,Colaba,18.9067,72.8147,1,Urban Heat Island Risk,212.2,10,23.915300562346662
2025-10-14,34.400000000000006,60.0,0.0,Colaba,18.9067,72.8147,1,Urban Heat Island Risk,201.5,10,20.778759959157625
2025-10-15,34.1,62.0,1.5,Colaba,18.9067,72.8147,1,Urban Heat Island Risk,200.5,10,23.048196156786993
2025-10-16,34.2,74.0,6.2,Colaba,18.9067,72.8147,1,Urban Heat Island Risk,203.6,10,6.274193018108573
2025-10-17,35.2,68.0,0.1,Colaba,18.9067,72.8147,1,Urban Heat Island Risk,200.7,10,20.69861372593884
2025-10-18,34.900000000000006,64.0,1.1,Colaba,18.9067,72.8147,1,Urban Heat Island Risk,187.7,10,11.87798314324243
2025-10-19,34.400000000000006,66.0,0.5,Colaba,18.9067,72.8147,1,Urban Heat Island Risk,62.5,10,21.832838733765847
2025-10-20,34.2,65.0,0.2,Colaba,18.9067,72.8147,1,Urban Heat Island Risk,46.900000000000006,10,23.238702236744746
2025-10-21,33.5,67.0,5.9,Colaba,18.9067,72.8147,1,Urban Heat Island Risk,41.6,10,19.116514571903537
2025-10-22,33.1,79.0,4.8,Colaba,18.9067,72.8147,1,Urban Heat Island Risk,34.4,10,29.06896642842441
2025-10-23,33.7,76.0,6.1,Colaba,18.9067,72.8147,1,Urban Heat Island Risk,36.4,10,20.439200462104857
2025-10-24,32.2,77.0,8.7,Colaba,18.9067,72.8147,1,Urban Heat Island Risk,42.7,10,20.50978076997587
2025-10-25,29.3,89.0,13.8,Colaba,18.9067,72.8147,1,Urban Heat Island Risk,53.4,10,53.13870962763889
2025-10-26,26.0,97.0,34.3,Colaba,18.9067,72.8147,1,Urban Heat Island Risk,87.0,10,62.1247751849188
2025-10-27,29.599999999999998,93.0,13.3,Colaba,18.9067,72.8147,1,Urban Heat Island Risk,99.19999999999999,10,41.32753268630974
2025-10-28,30.9,82.0,0.4,Colaba,18.9067,72.8147,1,Urban Heat Island Risk,97.5,10,36.21800399314973
2025-10-29,30.099999999999998,84.0,0.1,Colaba,18.9067,72.8147,1,Urban Heat Island Risk,97.3,10,44.127850293303624
2025-10-30,27.8,88.0,11.5,Colaba,18.9067,72.8147,1,Urban Heat Island Risk,108.8,10,55.51364794588948
2025-10-31,28.3,88.0,8.6,Colaba,18.9067,72.8147,1,Urban Heat Island Risk,117.3,10,55.70700129020251
2025-11-01,27.599999999999998,93.0,3.1,Colaba,18.9067,72.8147,1,Urban Heat Island Risk,120.3,11,50.23588650069006
2025-11-02,26.8,94.0,4.2,Colaba,18.9067,72.8147,1,Urban Heat Island Risk,124.4,11,57.754734814512986
2025-11-03,27.8,93.0,2.5,Colaba,18.9067,72.8147,1,Urban Heat Island Risk,126.9,11,55.22001463839232
2025-11-04,27.3,92.0,1.6,Colaba,18.9067,72.8147,1,Urban Heat Island Risk,128.5,11,68.12276979662686
2025-11-05,27.7,87.0,0.1,Colaba,18.9067,72.8147,1,Urban Heat Island Risk,127.10000000000001,11,55.797603974597884
2025-11-06,28.3,87.0,0.6,Colaba,18.9067,72.8147,1,Urban Heat Island Risk,121.5,11,58.39277798497482
2025-11-07,30.599999999999998,79.0,0.0,Colaba,18.9067,72.8147,1,Urban Heat Island Risk,121.39999999999999,11,40.12610917725493
2025-11-08,32.5,63.0,0.0,Colaba,18.9067,72.8147,1,Urban Heat Island Risk,120.3,11,26.748373479478822
2025-11-09,30.599999999999998,62.0,0.0,Colaba,18.9067,72.8147,1,Urban Heat Island Risk,119.8,11,38.699711212761144
2025-11-10,31.400000000000002,63.0,0.0,Colaba,18.9067,72.8147,1,Urban Heat Island Risk,119.6,11,34.557901439855584
2025-11-11,31.2,64.0,0.0,Colaba,18.9067,72.8147,1,Urban Heat Island Risk,113.69999999999999,11,39.551562028137035
2025-11-12,31.999999999999996,51.0,0.0,Colaba,18.9067,72.8147,1,Urban Heat Island Risk,108.89999999999999,11,38.873056337882794
2025-11-13,32.5,51.0,0.0,Colaba,18.9067,72.8147,1,Urban Heat Island Risk,102.8,11,30.96507090509827
2025-11-14,32.300000000000004,54.0,0.0,Colaba,18.9067,72.8147,1,Urban Heat Island Risk,94.1,11,36.23538839370875
2025-11-15,32.400000000000006,52.0,0.0,Colaba,18.9067,72.8147,1,Urban Heat Island Risk,80.3,11,24.909384645184872
2025-11-16,32.300000000000004,48.0,0.0,Colaba,18.9067,72.8147,1,Urban Heat Island Risk,46.0,11,28.22684745592982
2025-11-17,31.599999999999998,49.0,0.0,Colaba,18.9067,72.8147,1,Urban Heat Island Risk,32.7,11,30.645153995628345
2025-11-18,31.400000000000002,50.0,0.0,Colaba,18.9067,72.8147,1,Urban Heat Island Risk,32.3,11,36.97222295437425
2025-11-19,31.999999999999996,50.0,0.0,Colaba,18.9067,72.8147,1,Urban Heat Island Risk,32.199999999999996,11,30.205208074102952
2025-11-20,32.1,54.0,0.0,Colaba,18.9067,72.8147,1,Urban Heat Island Risk,20.7,11,35.0821980185043
2025-11-21,33.0,56.0,0.0,Colaba,18.9067,72.8147,1,Urban Heat Island Risk,12.100000000000001,11,21.678324775171127
2025-11-22,32.400000000000006,60.0,0.0,Colaba,18.9067,72.8147,1,Urban Heat Island Risk,9.000000000000002,11,29.948488199939707
2025-11-23,31.900000000000002,66.0,0.0,Colaba,18.9067,72.8147,1,Urban Heat Island Risk,4.8,11,36.00095622172794
2025-11-24,31.999999999999996,69.0,0.0,Colaba,18.9067,72.8147,1,Urban Heat Island Risk,2.3,11,21.67348612479697
2025-11-25,32.2,71.0,0.0,Colaba,18.9067,72.8147,1,Urban Heat Island Risk,0.7,11,41.47482320331767
2025-11-26,31.8,72.0,0.0,Colaba,18.9067,72.8147,1,Urban Heat Island Risk,0.6,11,31.717573908933947
2025-11-27,32.900000000000006,67.0,0.0,Colaba,18.9067,72.8147,1,Urban Heat Island Risk,0.0,11,16.774800431619106
2025-11-28,32.400000000000006,64.0,0.0,Colaba,18.9067,72.8147,1,Urban Heat Island Risk,0.0,11,30.523802826217228
2025-11-29,32.1,54.0,0.0,Colaba,18.9067,72.8147,1,Urban Heat Island Risk,0.0,11,31.60055067319908
2025-11-30,31.2,54.0,0.0,Colaba,18.9067,72.8147,1,Urban Heat Island Risk,0.0,11,36.12386143547087
2025-12-01,31.7,54.0,0.0,Colaba,18.9067,72.8147,1,Urban Heat Island Risk,0.0,12,38.65595556463333
2025-12-02,31.400000000000002,59.0,0.0,Colaba,18.9067,72.8147,1,Urban Heat Island Risk,0.0,12,39.13722485713527
2025-12-03,32.5,54.0,0.0,Colaba,18.9067,72.8147,1,Urban Heat Island Risk,0.0,12,30.65604762178589
2025-12-04,32.900000000000006,52.0,0.0,Colaba,18.9067,72.8147,1,Urban Heat Island Risk,0.0,12,29.150778169733208
2025-12-05,33.300000000000004,53.0,0.0,Colaba,18.9067,72.8147,1,Urban Heat Island Risk,0.0,12,24.111541086142875
2025-12-06,32.2,54.0,0.0,Colaba,18.9067,72.8147,1,Urban Heat Island Risk,0.0,12,39.74412091286689
2025-12-07,32.7,51.0,0.0,Colaba,18.9067,72.8147,1,Urban Heat Island Risk,0.0,12,20.637353241544485
2025-12-08,32.900000000000006,55.0,0.0,Colaba,18.9067,72.8147,1,Urban Heat Island Risk,0.0,12,27.598258371079453
2025-12-09,32.300000000000004,39.0,0.0,Colaba,18.9067,72.8147,1,Urban Heat Island Risk,0.0,12,30.625123155943875
2025-12-10,32.400000000000006,39.0,0.0,Colaba,18.9067,72.8147,1,Urban Heat Island Risk,0.0,12,33.79973536365626
2025-12-11,32.2,41.0,0.0,Colaba,18.9067,72.8147,1,Urban Heat Island Risk,0.0,12,26.647397279542155
2025-12-12,31.499999999999996,47.0,0.0,Colaba,18.9067,72.8147,1,Urban Heat Island Risk,0.0,12,26.114970321350675
2025-12-13,32.2,51.0,0.0,Colaba,18.9067,72.8147,1,Urban Heat Island Risk,0.0,12,31.65078174715762
2025-12-14,31.599999999999998,48.0,0.0,Colaba,18.9067,72.8147,1,Urban Heat Island Risk,0.0,12,35.6728191277597
2025-12-15,31.7,47.0,0.0,Colaba,18.9067,72.8147,1,Urban Heat Island Risk,0.0,12,41.14799704723825
2025-12-16,31.999999999999996,47.0,0.0,Colaba,18.9067,72.8147,1,Urban Heat Island Risk,0.0,12,25.64818976837459
2025-12-17,32.300000000000004,52.0,0.0,Colaba,18.9067,72.8147,1,Urban Heat Island Risk,0.0,12,36.073468833583576
2025-12-18,32.300000000000004,50.0,0.0,Colaba,18.9067,72.8147,1,Urban Heat Island Risk,0.0,12,42.13707182013558
2025-12-19,32.400000000000006,47.0,0.0,Colaba,18.9067,72.8147,1,Urban Heat Island Risk,0.0,12,27.844508895720914
2025-12-20,32.300000000000004,44.0,0.0,Colaba,18.9067,72.8147,1,Urban Heat Island Risk,0.0,12,23.845288902533856
2025-12-21,31.599999999999998,44.0,0.0,Colaba,18.9067,72.8147,1,Urban Heat Island Risk,0.0,12,32.23179483479982
2025-12-22,30.8,45.0,0.0,Colaba,18.9067,72.8147,1,Urban Heat Island Risk,0.0,12,38.8700248368569
2025-12-23,31.499999999999996,50.0,0.0,Colaba,18.9067,72.8147,1,Urban Heat Island Risk,0.0,12,37.65227270836793
2025-12-24,31.400000000000002,49.0,0.0,Colaba,18.9067,72.8147,1,Urban Heat Island Risk,0.0,12,32.44302635080975
2025-12-25,30.7,53.0,0.0,Colaba,18.9067,72.8147,1,Urban Heat Island Risk,0.0,12,47.14265933740339
2025-12-26,30.5,53.0,0.0,Colaba,18.9067,72.8147,1,Urban Heat Island Risk,0.0,12,34.92733842495969
2025-12-27,31.2,53.0,0.0,Colaba,18.9067,72.8147,1,Urban Heat Island Risk,0.0,12,27.83730757246934
2025-12-28,30.7,53.0,0.0,Colaba,18.9067,72.8147,1,Urban Heat Island Risk,0.0,12,44.90021878810326
2025-12-29,30.4,55.0,0.0,Colaba,18.9067,72.8147,1,Urban Heat Island Risk,0.0,12,29.69356151063568
2025-12-30,28.599999999999998,68.0,0.0,Colaba,18.9067,72.8147,1,Urban Heat Island Risk,0.0,12,50.2460178223031
2025-12-31,28.0,77.0,0.0,Colaba,18.9067,72.8147,1,Urban Heat Island Risk,0.0,12,70.2550723127069
2021-01-21,28.8,65.0,0.0,Dadar,19.0178,72.8478,1,Urban Heat Island Risk,3.6,1,50.073115568533666
2021-01-22,29.6,75.0,0.0,Dadar,19.0178,72.8478,1,Urban Heat Island Risk,3.6,1,39.996161746518744
2021-01-23,30.6,68.0,0.0,Dadar,19.0178,72.8478,1,Urban Heat Island Risk,3.6,1,39.646346014399356
2021-01-24,29.4,62.0,0.0,Dadar,19.0178,72.8478,1,Urban Heat Island Risk,3.6,1,46.47932939023568
2021-01-25,29.0,64.0,0.0,Dadar,19.0178,72.8478,1,Urban Heat Island Risk,3.6,1,49.80324970176558
2021-01-26,28.0,70.0,0.0,Dadar,19.0178,72.8478,1,Urban Heat Island Risk,3.2,1,57.97798157746476
2021-01-27,27.1,71.0,0.0,Dadar,19.0178,72.8478,1,Urban Heat Island Risk,3.2,1,54.57111082482796
2021-01-28,27.5,71.0,0.0,Dadar,19.0178,72.8478,1,Urban Heat Island Risk,3.0,1,65.93774027618397
2021-01-29,28.2,63.0,0.0,Dadar,19.0178,72.8478,1,Urban Heat Island Risk,0.2,1,54.758904755196426
2021-01-30,30.0,63.0,0.0,Dadar,19.0178,72.8478,1,Urban Heat Island Risk,0.0,1,46.96730356534235
2021-01-31,30.9,62.0,0.0,Dadar,19.0178,72.8478,1,Urban Heat Island Risk,0.0,1,35.09258633455513
2021-02-01,32.6,53.0,0.0,Dadar,19.0178,72.8478,1,Urban Heat Island Risk,0.0,2,35.03191068497766
2021-02-02,32.9,47.0,0.0,Dadar,19.0178,72.8478,1,Urban Heat Island Risk,0.0,2,25.614737955934682
2021-02-03,31.2,53.0,0.0,Dadar,19.0178,72.8478,1,Urban Heat Island Risk,0.0,2,37.921095900801
2021-02-04,30.2,60.0,0.0,Dadar,19.0178,72.8478,1,Urban Heat Island Risk,0.0,2,37.534469614064456
2021-02-05,29.9,53.0,0.0,Dadar,19.0178,72.8478,1,Urban Heat Island Risk,0.0,2,38.91534186798937
2021-02-06,31.4,45.0,0.0,Dadar,19.0178,72.8478,1,Urban Heat Island Risk,0.0,2,38.84102653226442
2021-02-07,32.8,39.0,0.0,Dadar,19.0178,72.8478,1,Urban Heat Island Risk,0.0,2,25.24863251562975
2021-02-08,32.7,41.0,0.0,Dadar,19.0178,72.8478,1,Urban Heat Island Risk,0.0,2,23.76421789581143
2021-02-09,32.7,49.0,0.0,Dadar,19.0178,72.8478,1,Urban Heat Island Risk,0.0,2,24.817416623198167
2021-02-10,30.9,57.0,0.0,Dadar,19.0178,72.8478,1,Urban Heat Island Risk,0.0,2,41.72809869192045
2021-02-11,32.2,55.0,0.0,Dadar,19.0178,72.8478,1,Urban Heat Island Risk,0.0,2,27.7214773606486
2021-02-12,30.3,61.0,0.0,Dadar,19.0178,72.8478,1,Urban Heat Island Risk,0.0,2,41.04505867532251
2021-02-13,30.3,66.0,0.0,Dadar,19.0178,72.8478,1,Urban Heat Island Risk,0.0,2,41.70847208476881
2021-02-14,30.1,70.0,0.0,Dadar,19.0178,72.8478,1,Urban Heat Island Risk,0.0,2,33.17992223661516
2021-02-15,28.6,72.0,0.0,Dadar,19.0178,72.8478,1,Urban Heat Island Risk,0.0,2,43.91103463979907
2021-02-16,27.8,79.0,0.0,Dadar,19.0178,72.8478,1,Urban Heat Island Risk,0.0,2,57.481389446237806
2021-02-17,28.8,76.0,0.0,Dadar,19.0178,72.8478,1,Urban Heat Island Risk,0.0,2,46.44818652756984
2021-02-18,31.4,66.0,1.0,Dadar,19.0178,72.8478,1,Urban Heat Island Risk,1.0,2,40.683624556402094
2021-02-19,32.0,62.0,0.1,Dadar,19.0178,72.8478,1,Urban Heat Island Risk,1.1,2,36.83403552125272
2021-02-20,32.3,55.0,0.0,Dadar,19.0178,72.8478,1,Urban Heat Island Risk,1.1,2,33.8958433317772
2021-02-21,34.0,45.0,0.0,Dadar,19.0178,72.8478,1,Urban Heat Island Risk,1.1,2,29.765525603229655
2021-02-22,33.1,57.0,0.0,Dadar,19.0178,72.8478,1,Urban Heat Island Risk,1.1,2,25.351220027950742
2021-02-23,31.7,61.0,0.0,Dadar,19.0178,72.8478,1,Urban Heat Island Risk,1.1,2,36.9444096295192
2021-02-24,33.0,60.0,0.0,Dadar,19.0178,72.8478,1,Urban Heat Island Risk,1.1,2,23.41132845035318
2021-02-25,33.0,54.0,0.0,Dadar,19.0178,72.8478,1,Urban Heat Island Risk,1.1,2,38.595182897676956
2021-02-26,30.3,66.0,0.0,Dadar,19.0178,72.8478,1,Urban Heat Island Risk,1.1,2,51.55150159551342
2021-02-27,31.2,69.0,0.0,Dadar,19.0178,72.8478,1,Urban Heat Island Risk,1.1,2,36.5927355059223
2021-02-28,34.3,56.0,0.0,Dadar,19.0178,72.8478,1,Urban Heat Island Risk,1.1,2,20.899597816192642
2021-03-01,35.1,49.0,0.0,Dadar,19.0178,72.8478,1,Urban Heat Island Risk,1.1,3,21.796487996824027
2021-03-02,34.4,44.0,0.0,Dadar,19.0178,72.8478,1,Urban Heat Island Risk,1.1,3,14.264302475929465
2021-03-03,36.2,40.0,0.0,Dadar,19.0178,72.8478,1,Urban Heat Island Risk,1.1,3,11.716879646001477
2021-03-04,36.3,36.0,0.0,Dadar,19.0178,72.8478,1,Urban Heat Island Risk,1.1,3,19.369948755034414
2021-03-05,36.6,43.0,0.0,Dadar,19.0178,72.8478,1,Urban Heat Island Risk,1.1,3,15.392196230418351
2021-03-06,31.4,78.0,0.0,Dadar,19.0178,72.8478,1,Urban Heat Island Risk,1.1,3,15.914972248226302
2021-03-07,32.8,67.0,0.0,Dadar,19.0178,72.8478,1,Urban Heat Island Risk,1.1,3,10.828643284660172
2021-03-08,32.3,64.0,0.0,Dadar,19.0178,72.8478,1,Urban Heat Island Risk,1.1,3,6.411639258183019
2021-03-09,34.8,57.0,0.0,Dadar,19.0178,72.8478,1,Urban Heat Island Risk,1.1,3,16.180712049395506
2021-03-10,32.7,62.0,0.0,Dadar,19.0178,72.8478,1,Urban Heat Island Risk,1.1,3,19.524810207471
2021-03-11,31.0,71.0,0.0,Dadar,19.0178,72.8478,1,Urban Heat Island Risk,0.1,3,13.870966254619791
2021-03-12,32.7,64.0,0.0,Dadar,19.0178,72.8478,1,Urban Heat Island Risk,0.0,3,22.182147597794334
2021-03-13,35.7,48.0,0.0,Dadar,19.0178,72.8478,1,Urban Heat Island Risk,0.0,3,11.480418372922276
2021-03-14,34.6,46.0,0.0,Dadar,19.0178,72.8478,1,Urban Heat Island Risk,0.0,3,9.726477725170401
2021-03-15,34.6,46.0,0.0,Dadar,19.0178,72.8478,1,Urban Heat Island Risk,0.0,3,14.663848464019344
2021-03-16,33.8,53.0,0.0,Dadar,19.0178,72.8478,1,Urban Heat Island Risk,0.0,3,14.587037123243547
2021-03-17,34.7,53.0,0.0,Dadar,19.0178,72.8478,1,Urban Heat Island Risk,0.0,3,18.849843656676114
2021-03-18,32.5,59.0,0.0,Dadar,19.0178,72.8478,1,Urban Heat Island Risk,0.0,3,11.125185879680076
2021-03-19,32.2,65.0,0.0,Dadar,19.0178,72.8478,1,Urban Heat Island Risk,0.0,3,21.840471184074488
2021-03-20,31.1,75.0,0.0,Dadar,19.0178,72.8478,1,Urban Heat Island Risk,0.0,3,24.834584812541266
2021-03-21,32.0,74.0,0.0,Dadar,19.0178,72.8478,1,Urban Heat Island Risk,0.0,3,14.804279865158291
2021-03-22,33.8,70.0,0.0,Dadar,19.0178,72.8478,1,Urban Heat Island Risk,0.0,3,21.248552100921593
2021-03-23,33.8,52.0,0.0,Dadar,19.0178,72.8478,1,Urban Heat Island Risk,0.0,3,9.717514646873699
2021-03-24,35.5,49.0,0.0,Dadar,19.0178,72.8478,1,Urban Heat Island Risk,0.0,3,20.37610770590958
2021-03-25,38.2,32.0,0.0,Dadar,19.0178,72.8478,1,Urban Heat Island Risk,0.0,3,20.236382042797313
2021-03-26,36.5,31.0,0.0,Dadar,19.0178,72.8478,1,Urban Heat Island Risk,0.0,3,19.317186400949392
2021-03-27,38.6,32.0,0.0,Dadar,19.0178,72.8478,1,Urban Heat Island Risk,0.0,3,14.92218455564853
2021-03-28,33.7,59.0,0.0,Dadar,19.0178,72.8478,1,Urban Heat Island Risk,0.0,3,5.0
2021-03-29,32.5,78.0,0.0,Dadar,19.0178,72.8478,1,Urban Heat Island Risk,0.0,3,11.791364281739353
2021-03-30,31.4,78.0,0.0,Dadar,19.0178,72.8478,1,Urban Heat Island Risk,0.0,3,11.87041991157699
2021-03-31,30.9,81.0,0.0,Dadar,19.0178,72.8478,1,Urban Heat Island Risk,0.0,3,10.108725309697613
2021-04-01,31.6,78.0,0.0,Dadar,19.0178,72.8478,1,Urban Heat Island Risk,0.0,4,15.611215022735331
2021-04-02,31.0,76.0,0.1,Dadar,19.0178,72.8478,1,Urban Heat Island Risk,0.1,4,12.905182772393827
2021-04-03,30.4,75.0,0.0,Dadar,19.0178,72.8478,1,Urban Heat Island Risk,0.1,4,10.87693995117489
2021-04-04,31.0,76.0,0.0,Dadar,19.0178,72.8478,1,Urban Heat Island Risk,0.1,4,9.705999258760901
2021-04-05,31.7,80.0,0.0,Dadar,19.0178,72.8478,1,Urban Heat Island Risk,0.1,4,11.422435072573856
2021-04-06,33.9,66.0,0.0,Dadar,19.0178,72.8478,1,Urban Heat Island Risk,0.1,4,20.60749605924964
2021-04-07,33.3,70.0,0.0,Dadar,19.0178,72.8478,1,Urban Heat Island Risk,0.1,4,11.69487472686253
2021-04-08,31.5,80.0,0.0,Dadar,19.0178,72.8478,1,Urban Heat Island Risk,0.1,4,12.425306467833638
2021-04-09,32.0,77.0,0.0,Dadar,19.0178,72.8478,1,Urban Heat Island Risk,0.1,4,12.716511924883768
2021-04-10,32.3,77.0,0.0,Dadar,19.0178,72.8478,1,Urban Heat Island Risk,0.1,4,16.694967569047098
2021-04-11,34.1,75.0,0.0,Dadar,19.0178,72.8478,1,Urban Heat Island Risk,0.1,4,17.281247442642663
2021-04-12,33.3,74.0,0.0,Dadar,19.0178,72.8478,1,Urban Heat Island Risk,0.1,4,5.0
2021-04-13,36.1,67.0,0.0,Dadar,19.0178,72.8478,1,Urban Heat Island Risk,0.1,4,20.10817606913804
2021-04-14,35.3,68.0,0.0,Dadar,19.0178,72.8478,1,Urban Heat Island Risk,0.1,4,22.18184017121877
2021-04-15,34.0,75.0,0.0,Dadar,19.0178,72.8478,1,Urban Heat Island Risk,0.1,4,9.749067313191652
2021-04-16,32.0,76.0,0.0,Dadar,19.0178,72.8478,1,Urban Heat Island Risk,0.1,4,10.138508776325827
2021-04-17,32.3,79.0,0.0,Dadar,19.0178,72.8478,1,Urban Heat Island Risk,0.1,4,12.748733061108643
2021-04-18,34.2,76.0,0.0,Dadar,19.0178,72.8478,1,Urban Heat Island Risk,0.1,4,11.219979902716975
2021-04-19,32.6,78.0,0.0,Dadar,19.0178,72.8478,1,Urban Heat Island Risk,0.1,4,16.11963436973303
2021-04-20,32.0,78.0,0.0,Dadar,19.0178,72.8478,1,Urban Heat Island Risk,0.1,4,5.267373568205679
2021-04-21,32.0,77.0,0.0,Dadar,19.0178,72.8478,1,Urban Heat Island Risk,0.1,4,9.410361959816301
2021-04-22,32.8,77.0,0.0,Dadar,19.0178,72.8478,1,Urban Heat Island Risk,0.1,4,22.695986000874537
2021-04-23,33.3,72.0,0.0,Dadar,19.0178,72.8478,1,Urban Heat Island Risk,0.0,4,10.35890016325991
2021-04-24,32.2,77.0,0.0,Dadar,19.0178,72.8478,1,Urban Heat Island Risk,0.0,4,21.217141390514627
2021-04-25,33.6,78.0,0.0,Dadar,19.0178,72.8478,1,Urban Heat Island Risk,0.0,4,16.776690977950686
2021-04-26,33.4,79.0,0.0,Dadar,19.0178,72.8478,1,Urban Heat Island Risk,0.0,4,5.953661427058709
2021-04-27,33.7,75.0,0.0,Dadar,19.0178,72.8478,1,Urban Heat Island Risk,0.0,4,18.17664597608103
2021-04-28,34.2,75.0,0.0,Dadar,19.0178,72.8478,1,Urban Heat Island Risk,0.0,4,14.411663489035734
2021-04-29,34.0,79.0,0.0,Dadar,19.0178,72.8478,1,Urban Heat Island Risk,0.0,4,12.722664718751297
2021-04-30,32.4,79.0,0.0,Dadar,19.0178,72.8478,1,Urban Heat Island Risk,0.0,4,16.22478546586002
2021-05-01,34.2,74.0,0.0,Dadar,19.0178,72.8478,1,Urban Heat Island Risk,0.0,5,17.373167427833963
2021-05-02,33.6,77.0,0.0,Dadar,19.0178,72.8478,1,Urban Heat Island Risk,0.0,5,18.5379591098731
2021-05-03,34.3,75.0,0.0,Dadar,19.0178,72.8478,1,Urban Heat Island Risk,0.0,5,20.89126423774001
2021-05-04,33.6,73.0,0.0,Dadar,19.0178,72.8478,1,Urban Heat Island Risk,0.0,5,17.040679563891782
2021-05-05,33.3,75.0,0.0,Dadar,19.0178,72.8478,1,Urban Heat Island Risk,0.0,5,8.12182955606819
2021-05-06,32.8,79.0,0.0,Dadar,19.0178,72.8478,1,Urban Heat Island Risk,0.0,5,12.631772711744045
2021-05-07,32.9,78.0,0.0,Dadar,19.0178,72.8478,1,Urban Heat Island Risk,0.0,5,29.715241676343105
2021-05-08,33.3,78.0,0.0,Dadar,19.0178,72.8478,1,Urban Heat Island Risk,0.0,5,18.622455301908637
2021-05-09,32.9,77.0,0.0,Dadar,19.0178,72.8478,1,Urban Heat Island Risk,0.0,5,26.846436504057486
2021-05-10,33.2,73.0,0.0,Dadar,19.0178,72.8478,1,Urban Heat Island Risk,0.0,5,21.977170410995924
2021-05-11,32.7,73.0,0.0,Dadar,19.0178,72.8478,1,Urban Heat Island Risk,0.0,5,16.209010357778745
2021-05-12,32.5,69.0,0.0,Dadar,19.0178,72.8478,1,Urban Heat Island Risk,0.0,5,16.50703534890559
2021-05-13,32.0,66.0,0.0,Dadar,19.0178,72.8478,1,Urban Heat Island Risk,0.0,5,14.817099800615772
2021-05-14,33.2,73.0,0.0,Dadar,19.0178,72.8478,1,Urban Heat Island Risk,0.0,5,6.310976920767503
2021-05-15,35.2,65.0,0.0,Dadar,19.0178,72.8478,1,Urban Heat Island Risk,0.0,5,15.090236262341122
2021-05-16,36.2,62.0,7.0,Dadar,19.0178,72.8478,1,Urban Heat Island Risk,7.0,5,21.053372762710985
2021-05-17,27.5,88.0,199.9,Dadar,19.0178,72.8478,1,Urban Heat Island Risk,206.9,5,12.001800025893981
2021-05-18,28.6,88.0,22.6,Dadar,19.0178,72.8478,1,Urban Heat Island Risk,229.5,5,17.05976499530905
2021-05-19,29.1,88.0,15.2,Dadar,19.0178,72.8478,1,Urban Heat Island Risk,244.70000000000002,5,19.257955229465985
2021-05-20,30.6,83.0,1.0,Dadar,19.0178,72.8478,1,Urban Heat Island Risk,245.70000000000002,5,10.451597803437622
2021-05-21,30.7,82.0,0.3,Dadar,19.0178,72.8478,1,Urban Heat Island Risk,246.0,5,12.743485678281676
2021-05-22,30.5,78.0,1.2,Dadar,19.0178,72.8478,1,Urban Heat Island Risk,247.20000000000002,5,9.910442547614204
2021-05-23,30.8,79.0,1.6,Dadar,19.0178,72.8478,1,Urban Heat Island Risk,248.8,5,10.889171966552965
2021-05-24,30.9,81.0,1.8,Dadar,19.0178,72.8478,1,Urban Heat Island Risk,250.6,5,8.561973581734694
2021-05-25,30.9,78.0,1.7,Dadar,19.0178,72.8478,1,Urban Heat Island Risk,252.3,5,10.497757693109866
2021-05-26,31.0,71.0,0.0,Dadar,19.0178,72.8478,1,Urban Heat Island Risk,252.3,5,22.097278403989193
2021-05-27,31.5,72.0,4.8,Dadar,19.0178,72.8478,1,Urban Heat Island Risk,257.1,5,10.422614854548538
2021-05-28,31.0,79.0,3.6,Dadar,19.0178,72.8478,1,Urban Heat Island Risk,260.7,5,15.63229609530345
2021-05-29,30.9,82.0,2.8,Dadar,19.0178,72.8478,1,Urban Heat Island Risk,263.5,5,12.48565623164522
2021-05-30,30.7,82.0,3.3,Dadar,19.0178,72.8478,1,Urban Heat Island Risk,266.8,5,20.894329685184694
2021-05-31,30.3,85.0,3.5,Dadar,19.0178,72.8478,1,Urban Heat Island Risk,270.3,5,21.555811483018083
2021-06-01,30.5,86.0,7.4,Dadar,19.0178,72.8478,1,Urban Heat Island Risk,277.7,6,19.320349910694734
2021-06-02,29.8,86.0,11.1,Dadar,19.0178,72.8478,1,Urban Heat Island Risk,288.8,6,16.530672765513778
2021-06-03,30.8,84.0,1.3,Dadar,19.0178,72.8478,1,Urban Heat Island Risk,290.1,6,13.844702315795507
2021-06-04,31.0,84.0,5.2,Dadar,19.0178,72.8478,1,Urban Heat Island Risk,295.3,6,9.040626479043752
2021-06-05,29.1,86.0,7.7,Dadar,19.0178,72.8478,1,Urban Heat Island Risk,303.0,6,24.717644405610987
2021-06-06,29.4,84.0,9.7,Dadar,19.0178,72.8478,1,Urban Heat Island Risk,305.7,6,11.201634911237234
2021-06-07,29.2,87.0,10.5,Dadar,19.0178,72.8478,1,Urban Heat Island Risk,116.3,6,18.318231735164208
2021-06-08,28.4,91.0,25.1,Dadar,19.0178,72.8478,1,Urban Heat Island Risk,118.8,6,20.297827863116986
2021-06-09,28.2,90.0,24.0,Dadar,19.0178,72.8478,1,Urban Heat Island Risk,127.60000000000001,6,12.223597515473353
2021-06-10,28.0,89.0,24.0,Dadar,19.0178,72.8478,1,Urban Heat Island Risk,150.6,6,20.19006263657981
2021-06-11,28.2,89.0,19.6,Dadar,19.0178,72.8478,1,Urban Heat Island Risk,169.9,6,18.821066016694278
2021-06-12,28.6,90.0,15.7,Dadar,19.0178,72.8478,1,Urban Heat Island Risk,184.4,6,23.639819176908826
2021-06-13,28.9,89.0,9.6,Dadar,19.0178,72.8478,1,Urban Heat Island Risk,192.4,6,12.653267667866444
2021-06-14,29.0,90.0,5.2,Dadar,19.0178,72.8478,1,Urban Heat Island Risk,195.8,6,8.570679913601426
2021-06-15,28.2,89.0,9.2,Dadar,19.0178,72.8478,1,Urban Heat Island Risk,203.3,6,12.472551222777444
2021-06-16,27.2,91.0,13.7,Dadar,19.0178,72.8478,1,Urban Heat Island Risk,217.0,6,16.044267712671658
2021-06-17,27.3,90.0,18.5,Dadar,19.0178,72.8478,1,Urban Heat Island Risk,230.7,6,15.291063635425282
2021-06-18,27.3,90.0,15.9,Dadar,19.0178,72.8478,1,Urban Heat Island Risk,243.0,6,13.032810518627247
2021-06-19,26.9,90.0,18.5,Dadar,19.0178,72.8478,1,Urban Heat Island Risk,258.7,6,5.454012705113785
2021-06-20,28.9,88.0,10.3,Dadar,19.0178,72.8478,1,Urban Heat Island Risk,265.7,6,17.352414980645534
2021-06-21,29.1,85.0,5.6,Dadar,19.0178,72.8478,1,Urban Heat Island Risk,267.8,6,24.861722395411
2021-06-22,28.6,86.0,5.9,Dadar,19.0178,72.8478,1,Urban Heat Island Risk,266.29999999999995,6,17.321256190615017
2021-06-23,28.1,89.0,5.6,Dadar,19.0178,72.8478,1,Urban Heat Island Risk,260.8,6,18.04567759526757
2021-06-24,27.5,90.0,8.7,Dadar,19.0178,72.8478,1,Urban Heat Island Risk,268.2,6,17.86222653077551
2021-06-25,26.7,92.0,36.7,Dadar,19.0178,72.8478,1,Urban Heat Island Risk,299.70000000000005,6,16.985233349412
2021-06-26,29.4,82.0,3.5,Dadar,19.0178,72.8478,1,Urban Heat Island Risk,295.5,6,19.658329834340474
2021-06-27,28.5,85.0,9.3,Dadar,19.0178,72.8478,1,Urban Heat Island Risk,295.09999999999997,6,16.97686840592833
2021-06-28,27.4,90.0,19.2,Dadar,19.0178,72.8478,1,Urban Heat Island Risk,303.79999999999995,6,13.43661415173362
2021-06-29,29.2,88.0,3.0,Dadar,19.0178,72.8478,1,Urban Heat Island Risk,281.70000000000005,6,11.02005544995623
2021-06-30,28.9,89.0,4.8,Dadar,19.0178,72.8478,1,Urban Heat Island Risk,262.5,6,13.755131723596623
2021-07-01,29.8,80.0,2.9,Dadar,19.0178,72.8478,1,Urban Heat Island Risk,241.4,7,16.570647482253328
2021-07-02,29.9,81.0,1.8,Dadar,19.0178,72.8478,1,Urban Heat Island Risk,223.6,7,13.419585194385133
2021-07-03,29.5,85.0,1.8,Dadar,19.0178,72.8478,1,Urban Heat Island Risk,209.70000000000002,7,16.57169341565715
2021-07-04,29.1,86.0,2.3,Dadar,19.0178,72.8478,1,Urban Heat Island Risk,202.4,7,17.195750668502086
2021-07-05,29.1,87.0,1.2,Dadar,19.0178,72.8478,1,Urban Heat Island Risk,198.4,7,19.16589715635091
2021-07-06,29.6,86.0,1.0,Dadar,19.0178,72.8478,1,Urban Heat Island Risk,190.20000000000002,7,21.413974844194904
2021-07-07,29.6,84.0,2.2,Dadar,19.0178,72.8478,1,Urban Heat Island Risk,178.70000000000002,7,15.390037092394287
2021-07-08,29.1,88.0,8.9,Dadar,19.0178,72.8478,1,Urban Heat Island Risk,169.10000000000002,7,8.461117174261696
2021-07-09,29.1,86.0,4.1,Dadar,19.0178,72.8478,1,Urban Heat Island Risk,157.3,7,13.27447951590405
2021-07-10,26.8,92.0,85.5,Dadar,19.0178,72.8478,1,Urban Heat Island Risk,224.3,7,15.220312837032997
2021-07-11,28.8,88.0,13.7,Dadar,19.0178,72.8478,1,Urban Heat Island Risk,227.7,7,5.821156219114549
2021-07-12,28.3,91.0,41.0,Dadar,19.0178,72.8478,1,Urban Heat Island Risk,263.1,7,21.94332260051241
2021-07-13,28.1,91.0,34.6,Dadar,19.0178,72.8478,1,Urban Heat Island Risk,291.8,7,15.711889562552331
2021-07-14,27.3,91.0,34.9,Dadar,19.0178,72.8478,1,Urban Heat Island Risk,321.1,7,16.906764172901426
2021-07-15,28.0,88.0,22.4,Dadar,19.0178,72.8478,1,Urban Heat Island Risk,334.8,7,21.82763231263133
2021-07-16,28.4,91.0,31.8,Dadar,19.0178,72.8478,1,Urban Heat Island Risk,329.90000000000003,7,11.849285849288265
2021-07-17,27.6,90.0,40.6,Dadar,19.0178,72.8478,1,Urban Heat Island Risk,367.0,7,17.87020965442015
2021-07-18,28.2,90.0,32.9,Dadar,19.0178,72.8478,1,Urban Heat Island Risk,390.6,7,14.450679384490321
2021-07-19,27.4,92.0,55.2,Dadar,19.0178,72.8478,1,Urban Heat Island Risk,426.59999999999997,7,14.079565664920404
2021-07-20,27.5,91.0,29.1,Dadar,19.0178,72.8478,1,Urban Heat Island Risk,452.70000000000005,7,11.139038060978104
2021-07-21,27.2,90.0,36.7,Dadar,19.0178,72.8478,1,Urban Heat Island Risk,484.6,7,23.32801606843264
2021-07-22,27.2,88.0,18.5,Dadar,19.0178,72.8478,1,Urban Heat Island Risk,500.2,7,13.122499799622146
2021-07-23,26.8,90.0,28.2,Dadar,19.0178,72.8478,1,Urban Heat Island Risk,526.6,7,18.49732123447851
2021-07-24,27.8,88.0,13.1,Dadar,19.0178,72.8478,1,Urban Heat Island Risk,537.9,7,5.624963062640319
2021-07-25,28.3,90.0,15.3,Dadar,19.0178,72.8478,1,Urban Heat Island Risk,550.9,7,20.899942648448935
2021-07-26,28.5,88.0,12.5,Dadar,19.0178,72.8478,1,Urban Heat Island Risk,562.1999999999999,7,20.261055779785295
2021-07-27,28.0,86.0,8.4,Dadar,19.0178,72.8478,1,Urban Heat Island Risk,569.5999999999999,7,15.487170551486516
2021-07-28,28.3,83.0,12.4,Dadar,19.0178,72.8478,1,Urban Heat Island Risk,579.8000000000001,7,13.865287669310378
2021-07-29,28.8,84.0,11.3,Dadar,19.0178,72.8478,1,Urban Heat Island Risk,582.2,7,17.00000002806783
2021-07-30,28.1,83.0,8.4,Dadar,19.0178,72.8478,1,Urban Heat Island Risk,586.5,7,26.443953304401447
2021-07-31,28.6,82.0,2.7,Dadar,19.0178,72.8478,1,Urban Heat Island Risk,503.70000000000005,7,6.183816505482575
2021-08-01,28.2,81.0,3.1,Dadar,19.0178,72.8478,1,Urban Heat Island Risk,493.09999999999997,8,18.91013693787064
2021-08-02,28.0,84.0,4.7,Dadar,19.0178,72.8478,1,Urban Heat Island Risk,456.8,8,10.441913489230487
2021-08-03,27.2,89.0,9.8,Dadar,19.0178,72.8478,1,Urban Heat Island Risk,432.0,8,14.900408018501343
2021-08-04,27.4,87.0,5.6,Dadar,19.0178,72.8478,1,Urban Heat Island Risk,402.7,8,13.760599404606685
2021-08-05,28.4,86.0,5.9,Dadar,19.0178,72.8478,1,Urban Heat Island Risk,386.2,8,12.858408711011222
2021-08-06,28.1,86.0,3.9,Dadar,19.0178,72.8478,1,Urban Heat Island Risk,358.3,8,14.947674354736353
2021-08-07,28.1,88.0,4.0,Dadar,19.0178,72.8478,1,Urban Heat Island Risk,321.70000000000005,8,9.329144273611048
2021-08-08,27.9,90.0,3.0,Dadar,19.0178,72.8478,1,Urban Heat Island Risk,291.8,8,20.145902180639837
2021-08-09,28.1,87.0,4.2,Dadar,19.0178,72.8478,1,Urban Heat Island Risk,240.8,8,6.0292824440069985
2021-08-10,27.8,88.0,4.2,Dadar,19.0178,72.8478,1,Urban Heat Island Risk,215.89999999999998,8,17.69882256414171
2021-08-11,28.0,87.0,5.5,Dadar,19.0178,72.8478,1,Urban Heat Island Risk,184.7,8,13.367320737327145
2021-08-12,28.0,86.0,3.9,Dadar,19.0178,72.8478,1,Urban Heat Island Risk,170.1,8,9.145375530962731
2021-08-13,27.9,86.0,3.7,Dadar,19.0178,72.8478,1,Urban Heat Island Risk,145.60000000000002,8,16.011916852993476
2021-08-14,27.0,89.0,9.1,Dadar,19.0178,72.8478,1,Urban Heat Island Risk,141.6,8,7.21524456646761
2021-08-15,27.1,90.0,6.7,Dadar,19.0178,72.8478,1,Urban Heat Island Risk,133.0,8,15.198569108598173
2021-08-16,27.6,89.0,3.9,Dadar,19.0178,72.8478,1,Urban Heat Island Risk,124.4,8,7.885615460942228
2021-08-17,26.6,91.0,13.7,Dadar,19.0178,72.8478,1,Urban Heat Island Risk,129.7,8,17.306360421589154
2021-08-18,26.3,93.0,21.8,Dadar,19.0178,72.8478,1,Urban Heat Island Risk,139.1,8,10.378213331848123
2021-08-19,25.7,93.0,33.4,Dadar,19.0178,72.8478,1,Urban Heat Island Risk,161.2,8,12.745029914853454
2021-08-20,27.1,88.0,26.8,Dadar,19.0178,72.8478,1,Urban Heat Island Risk,179.6,8,16.46974693971581
2021-08-21,25.8,92.0,71.7,Dadar,19.0178,72.8478,1,Urban Heat Island Risk,248.60000000000002,8,11.13728944078882
2021-08-22,27.4,89.0,3.1,Dadar,19.0178,72.8478,1,Urban Heat Island Risk,248.60000000000002,8,14.710180001658488
2021-08-23,28.5,88.0,2.3,Dadar,19.0178,72.8478,1,Urban Heat Island Risk,246.2,8,7.430847493775731
2021-08-24,28.4,90.0,1.4,Dadar,19.0178,72.8478,1,Urban Heat Island Risk,237.8,8,18.15437801798078
2021-08-25,27.9,88.0,1.6,Dadar,19.0178,72.8478,1,Urban Heat Island Risk,233.79999999999998,8,23.824569027753856
2021-08-26,27.8,87.0,3.4,Dadar,19.0178,72.8478,1,Urban Heat Island Risk,231.3,8,28.961044339549808
2021-08-27,28.0,89.0,2.1,Dadar,19.0178,72.8478,1,Urban Heat Island Risk,229.5,8,15.455840733332195
2021-08-28,27.8,87.0,0.6,Dadar,19.0178,72.8478,1,Urban Heat Island Risk,226.1,8,18.941020703985934
2021-08-29,28.2,87.0,1.4,Dadar,19.0178,72.8478,1,Urban Heat Island Risk,224.5,8,6.096871635462554
2021-08-30,27.1,88.0,6.0,Dadar,19.0178,72.8478,1,Urban Heat Island Risk,226.29999999999998,8,22.51367163152794
2021-08-31,26.6,91.0,49.1,Dadar,19.0178,72.8478,1,Urban Heat Island Risk,271.2,8,18.881142523620532
2021-09-01,27.4,91.0,17.2,Dadar,19.0178,72.8478,1,Urban Heat Island Risk,282.9,9,12.580332775243836
2021-09-02,27.9,89.0,7.1,Dadar,19.0178,72.8478,1,Urban Heat Island Risk,286.1,9,21.185904001445046
2021-09-03,27.2,91.0,13.7,Dadar,19.0178,72.8478,1,Urban Heat Island Risk,296.09999999999997,9,13.727619616773293
2021-09-04,27.8,91.0,16.6,Dadar,19.0178,72.8478,1,Urban Heat Island Risk,303.6,9,12.709874084927218
2021-09-05,27.2,91.0,10.1,Dadar,19.0178,72.8478,1,Urban Heat Island Risk,307.0,9,17.376674627137458
2021-09-06,27.9,89.0,7.9,Dadar,19.0178,72.8478,1,Urban Heat Island Risk,311.0,9,9.683227500848407
2021-09-07,27.1,92.0,32.0,Dadar,19.0178,72.8478,1,Urban Heat Island Risk,329.3,9,20.10812382199974
2021-09-08,27.6,90.0,146.8,Dadar,19.0178,72.8478,1,Urban Heat Island Risk,454.3,9,9.720050940365784
2021-09-09,28.4,88.0,6.9,Dadar,19.0178,72.8478,1,Urban Heat Island Risk,427.8,9,9.74972605088407
2021-09-10,27.8,89.0,9.9,Dadar,19.0178,72.8478,1,Urban Heat Island Risk,410.90000000000003,9,10.451551057958328
2021-09-11,27.5,92.0,53.6,Dadar,19.0178,72.8478,1,Urban Heat Island Risk,392.80000000000007,9,18.79750018758061
2021-09-12,27.5,91.0,45.3,Dadar,19.0178,72.8478,1,Urban Heat Island Risk,435.0,9,11.91612319240146
2021-09-13,26.9,90.0,27.4,Dadar,19.0178,72.8478,1,Urban Heat Island Risk,460.1,9,8.260021078164156
2021-09-14,28.4,85.0,6.0,Dadar,19.0178,72.8478,1,Urban Heat Island Risk,464.70000000000005,9,11.97160000032101
2021-09-15,27.6,87.0,6.0,Dadar,19.0178,72.8478,1,Urban Heat Island Risk,469.1,9,14.839788146597567
2021-09-16,28.5,85.0,4.4,Dadar,19.0178,72.8478,1,Urban Heat Island Risk,470.1,9,9.095137581678072
2021-09-17,28.4,84.0,3.3,Dadar,19.0178,72.8478,1,Urban Heat Island Risk,471.3,9,9.241594454828283
2021-09-18,27.3,89.0,3.3,Dadar,19.0178,72.8478,1,Urban Heat Island Risk,474.00000000000006,9,25.556481670497924
2021-09-19,27.1,91.0,6.4,Dadar,19.0178,72.8478,1,Urban Heat Island Risk,479.0,9,10.697172980930565
2021-09-20,27.5,90.0,10.2,Dadar,19.0178,72.8478,1,Urban Heat Island Risk,483.2,9,13.384788156134967
2021-09-21,27.2,91.0,17.8,Dadar,19.0178,72.8478,1,Urban Heat Island Risk,451.90000000000003,9,13.163814996003572
2021-09-22,26.8,92.0,19.7,Dadar,19.0178,72.8478,1,Urban Heat Island Risk,454.40000000000003,9,12.89321596114779
2021-09-23,27.2,91.0,6.6,Dadar,19.0178,72.8478,1,Urban Heat Island Risk,453.90000000000003,9,18.106733699845513
2021-09-24,28.5,87.0,2.0,Dadar,19.0178,72.8478,1,Urban Heat Island Risk,442.20000000000005,9,19.740714752360248
2021-09-25,28.1,87.0,2.2,Dadar,19.0178,72.8478,1,Urban Heat Island Risk,427.8,9,13.47022784234204
2021-09-26,28.1,85.0,2.8,Dadar,19.0178,72.8478,1,Urban Heat Island Risk,420.50000000000006,9,8.817608567038256
2021-09-27,26.6,89.0,5.2,Dadar,19.0178,72.8478,1,Urban Heat Island Risk,417.8,9,21.372201139244517
2021-09-28,26.5,91.0,14.3,Dadar,19.0178,72.8478,1,Urban Heat Island Risk,400.1,9,14.523294544016586
2021-09-29,27.8,89.0,30.7,Dadar,19.0178,72.8478,1,Urban Heat Island Risk,284.0,9,23.651609074285844
2021-09-30,27.8,89.0,4.4,Dadar,19.0178,72.8478,1,Urban Heat Island Risk,281.5,9,5.0
2021-10-01,29.0,89.0,0.2,Dadar,19.0178,72.8478,1,Urban Heat Island Risk,271.8,10,49.9770161064166
2021-10-02,28.7,89.0,0.8,Dadar,19.0178,72.8478,1,Urban Heat Island Risk,219.0,10,60.29303166938105
2021-10-03,30.4,89.0,0.2,Dadar,19.0178,72.8478,1,Urban Heat Island Risk,173.89999999999998,10,39.300345989475886
2021-10-04,30.5,88.0,0.0,Dadar,19.0178,72.8478,1,Urban Heat Island Risk,146.5,10,39.37253288332682
2021-10-05,30.8,88.0,0.9,Dadar,19.0178,72.8478,1,Urban Heat Island Risk,141.4,10,40.27755845795169
2021-10-06,31.3,88.0,7.4,Dadar,19.0178,72.8478,1,Urban Heat Island Risk,142.8,10,33.17268757224188
2021-10-07,31.9,87.0,2.4,Dadar,19.0178,72.8478,1,Urban Heat Island Risk,140.8,10,31.006307006403013
2021-10-08,29.2,88.0,6.8,Dadar,19.0178,72.8478,1,Urban Heat Island Risk,144.29999999999998,10,46.17759119570965
2021-10-09,28.5,89.0,5.2,Dadar,19.0178,72.8478,1,Urban Heat Island Risk,146.20000000000002,10,48.69622966120147
2021-10-10,29.1,87.0,6.2,Dadar,19.0178,72.8478,1,Urban Heat Island Risk,146.0,10,54.57761608433612
2021-10-11,29.2,89.0,14.6,Dadar,19.0178,72.8478,1,Urban Heat Island Risk,150.4,10,50.17205682814884
2021-10-12,30.1,88.0,0.7,Dadar,19.0178,72.8478,1,Urban Heat Island Risk,133.3,10,44.01980782718317
2021-10-13,30.9,85.0,1.6,Dadar,19.0178,72.8478,1,Urban Heat Island Risk,115.2,10,42.276188367783924
2021-10-14,31.9,80.0,0.7,Dadar,19.0178,72.8478,1,Urban Heat Island Risk,109.3,10,31.24488750064934
2021-10-15,32.9,69.0,0.0,Dadar,19.0178,72.8478,1,Urban Heat Island Risk,107.3,10,23.028980908235503
2021-10-16,31.5,70.0,0.0,Dadar,19.0178,72.8478,1,Urban Heat Island Risk,105.1,10,31.820211810260542
2021-10-17,30.5,73.0,0.0,Dadar,19.0178,72.8478,1,Urban Heat Island Risk,102.3,10,40.508915205523046
2021-10-18,30.0,80.0,1.1,Dadar,19.0178,72.8478,1,Urban Heat Island Risk,98.2,10,38.03727479146882
2021-10-19,29.2,82.0,0.5,Dadar,19.0178,72.8478,1,Urban Heat Island Risk,84.4,10,45.36536158373329
2021-10-20,29.6,84.0,0.0,Dadar,19.0178,72.8478,1,Urban Heat Island Risk,53.7,10,43.01941679064282
2021-10-21,31.2,80.0,0.0,Dadar,19.0178,72.8478,1,Urban Heat Island Risk,49.300000000000004,10,47.15611448247841
2021-10-22,32.1,73.0,0.0,Dadar,19.0178,72.8478,1,Urban Heat Island Risk,49.1,10,17.56425863366374
2021-10-23,31.0,77.0,0.0,Dadar,19.0178,72.8478,1,Urban Heat Island Risk,48.300000000000004,10,36.768568059638504
2021-10-24,29.5,80.0,0.0,Dadar,19.0178,72.8478,1,Urban Heat Island Risk,48.1,10,54.795135630740525
2021-10-25,30.3,80.0,0.0,Dadar,19.0178,72.8478,1,Urban Heat Island Risk,48.1,10,42.242555653995595
2021-10-26,32.0,74.0,0.0,Dadar,19.0178,72.8478,1,Urban Heat Island Risk,47.2,10,35.76708736710546
2021-10-27,33.1,64.0,0.0,Dadar,19.0178,72.8478,1,Urban Heat Island Risk,39.800000000000004,10,26.2657982421655
2021-10-28,33.6,58.0,0.0,Dadar,19.0178,72.8478,1,Urban Heat Island Risk,37.400000000000006,10,19.596666427250923
2021-10-29,33.3,46.0,0.0,Dadar,19.0178,72.8478,1,Urban Heat Island Risk,30.599999999999998,10,13.423753660788782
2021-10-30,33.0,46.0,0.0,Dadar,19.0178,72.8478,1,Urban Heat Island Risk,25.4,10,27.36061176851485
2021-10-31,32.5,53.0,0.0,Dadar,19.0178,72.8478,1,Urban Heat Island Risk,19.2,10,25.28863364365471
2021-11-01,32.1,67.0,0.0,Dadar,19.0178,72.8478,1,Urban Heat Island Risk,4.6,11,27.43165630250681
2021-11-02,33.2,67.0,0.0,Dadar,19.0178,72.8478,1,Urban Heat Island Risk,3.9,11,22.705063720104427
2021-11-03,33.7,60.0,0.0,Dadar,19.0178,72.8478,1,Urban Heat Island Risk,2.3,11,31.090973699784115
2021-11-04,32.3,60.0,0.0,Dadar,19.0178,72.8478,1,Urban Heat Island Risk,1.6,11,42.32418771126988
2021-11-05,32.2,70.0,1.6,Dadar,19.0178,72.8478,1,Urban Heat Island Risk,3.2,11,31.952706354308656
2021-11-06,31.2,80.0,0.1,Dadar,19.0178,72.8478,1,Urban Heat Island Risk,3.3000000000000003,11,34.209497213774696
2021-11-07,29.2,76.0,0.0,Dadar,19.0178,72.8478,1,Urban Heat Island Risk,3.3000000000000003,11,41.980534579410616
2021-11-08,31.6,69.0,0.0,Dadar,19.0178,72.8478,1,Urban Heat Island Risk,2.2,11,36.609367474397004
2021-11-09,32.4,61.0,0.0,Dadar,19.0178,72.8478,1,Urban Heat Island Risk,1.7000000000000002,11,38.647861333659066
2021-11-10,32.2,56.0,0.0,Dadar,19.0178,72.8478,1,Urban Heat Island Risk,1.7000000000000002,11,29.62996473154087
2021-11-11,32.5,48.0,0.0,Dadar,19.0178,72.8478,1,Urban Heat Island Risk,1.7000000000000002,11,17.271686462900544
2021-11-12,32.0,48.0,0.0,Dadar,19.0178,72.8478,1,Urban Heat Island Risk,1.7000000000000002,11,35.35024835907762
2021-11-13,32.7,57.0,0.0,Dadar,19.0178,72.8478,1,Urban Heat Island Risk,1.7000000000000002,11,32.96033189058356
2021-11-14,32.5,66.0,0.0,Dadar,19.0178,72.8478,1,Urban Heat Island Risk,1.7000000000000002,11,21.237438464737426
2021-11-15,32.5,65.0,0.0,Dadar,19.0178,72.8478,1,Urban Heat Island Risk,1.7000000000000002,11,30.04908758498143
2021-11-16,33.5,68.0,0.0,Dadar,19.0178,72.8478,1,Urban Heat Island Risk,1.7000000000000002,11,25.756130080680492
2021-11-17,32.2,76.0,2.1,Dadar,19.0178,72.8478,1,Urban Heat Island Risk,3.8000000000000003,11,30.50113015662196
2021-11-18,30.0,85.0,2.2,Dadar,19.0178,72.8478,1,Urban Heat Island Risk,6.0,11,39.37947873790656
2021-11-19,31.4,85.0,0.7,Dadar,19.0178,72.8478,1,Urban Heat Island Risk,6.7,11,40.479686117817785
2021-11-20,32.5,79.0,1.1,Dadar,19.0178,72.8478,1,Urban Heat Island Risk,7.800000000000001,11,27.149767936823253
2021-11-21,32.8,81.0,7.9,Dadar,19.0178,72.8478,1,Urban Heat Island Risk,15.700000000000001,11,20.04073585316702
2021-11-22,28.7,86.0,2.3,Dadar,19.0178,72.8478,1,Urban Heat Island Risk,18.0,11,40.452627571651604
2021-11-23,30.5,86.0,0.0,Dadar,19.0178,72.8478,1,Urban Heat Island Risk,18.0,11,46.80424759999655
2021-11-24,31.7,81.0,0.0,Dadar,19.0178,72.8478,1,Urban Heat Island Risk,18.0,11,36.78331988235559
2021-11-25,32.6,74.0,0.0,Dadar,19.0178,72.8478,1,Urban Heat Island Risk,18.0,11,29.03986773564584
2021-11-26,32.5,71.0,0.0,Dadar,19.0178,72.8478,1,Urban Heat Island Risk,16.4,11,26.965293482412648
2021-11-27,32.6,72.0,0.0,Dadar,19.0178,72.8478,1,Urban Heat Island Risk,16.3,11,25.955007928984358
2021-11-28,32.2,64.0,0.0,Dadar,19.0178,72.8478,1,Urban Heat Island Risk,16.3,11,25.487983424458598
2021-11-29,32.5,55.0,0.0,Dadar,19.0178,72.8478,1,Urban Heat Island Risk,16.3,11,27.00938844386724
2021-11-30,32.5,58.0,0.0,Dadar,19.0178,72.8478,1,Urban Heat Island Risk,16.3,11,18.566230591065793
2021-12-01,24.7,82.0,41.4,Dadar,19.0178,72.8478,1,Urban Heat Island Risk,57.7,12,69.6863483993241
2021-12-02,24.8,89.0,56.7,Dadar,19.0178,72.8478,1,Urban Heat Island Risk,114.4,12,71.24531241824451
2021-12-03,27.0,89.0,0.8,Dadar,19.0178,72.8478,1,Urban Heat Island Risk,115.2,12,63.38273356928543
2021-12-04,27.6,88.0,0.1,Dadar,19.0178,72.8478,1,Urban Heat Island Risk,115.3,12,56.733701016466505
2021-12-05,26.7,88.0,0.2,Dadar,19.0178,72.8478,1,Urban Heat Island Risk,115.5,12,66.00794890271114
2021-12-06,29.0,82.0,0.0,Dadar,19.0178,72.8478,1,Urban Heat Island Risk,115.5,12,55.74567552556715
2021-12-07,30.1,73.0,0.0,Dadar,19.0178,72.8478,1,Urban Heat Island Risk,115.5,12,48.057517135787165
2021-12-08,31.0,67.0,0.0,Dadar,19.0178,72.8478,1,Urban Heat Island Risk,113.4,12,40.019215903559456
2021-12-09,29.9,68.0,0.0,Dadar,19.0178,72.8478,1,Urban Heat Island Risk,111.2,12,43.959313395903926
2021-12-10,31.2,67.0,0.0,Dadar,19.0178,72.8478,1,Urban Heat Island Risk,110.5,12,31.629393291265544
2021-12-11,31.0,71.0,0.0,Dadar,19.0178,72.8478,1,Urban Heat Island Risk,109.4,12,41.366386923563255
2021-12-12,31.6,71.0,0.0,Dadar,19.0178,72.8478,1,Urban Heat Island Risk,101.5,12,42.665403577774306
2021-12-13,29.3,71.0,0.0,Dadar,19.0178,72.8478,1,Urban Heat Island Risk,99.2,12,49.01053019825209
2021-12-14,28.5,73.0,0.0,Dadar,19.0178,72.8478,1,Urban Heat Island Risk,99.2,12,61.41962907546395
2021-12-15,27.3,80.0,0.0,Dadar,19.0178,72.8478,1,Urban Heat Island Risk,99.2,12,51.00547479302791
2021-12-16,28.1,81.0,0.0,Dadar,19.0178,72.8478,1,Urban Heat Island Risk,99.2,12,48.32918307610229
2021-12-17,28.0,76.0,0.0,Dadar,19.0178,72.8478,1,Urban Heat Island Risk,99.2,12,58.942674205407975
2021-12-18,29.4,72.0,0.0,Dadar,19.0178,72.8478,1,Urban Heat Island Risk,99.2,12,48.0547843840996
2021-12-19,29.8,68.0,0.0,Dadar,19.0178,72.8478,1,Urban Heat Island Risk,99.2,12,51.0355775495257
2021-12-20,29.9,70.0,0.0,Dadar,19.0178,72.8478,1,Urban Heat Island Risk,99.2,12,43.822641796366305
2021-12-21,28.6,73.0,0.0,Dadar,19.0178,72.8478,1,Urban Heat Island Risk,99.2,12,46.926789554025
2021-12-22,28.0,76.0,0.0,Dadar,19.0178,72.8478,1,Urban Heat Island Risk,57.8,12,53.59870045564145
2021-12-23,28.0,75.0,0.0,Dadar,19.0178,72.8478,1,Urban Heat Island Risk,1.099999999999993,12,47.00324681204799
2021-12-24,26.2,83.0,0.0,Dadar,19.0178,72.8478,1,Urban Heat Island Risk,0.29999999999999294,12,59.223713301181505
2021-12-25,26.2,82.0,0.0,Dadar,19.0178,72.8478,1,Urban Heat Island Risk,0.1999999999999929,12,69.72888665625672
2021-12-26,28.2,78.0,0.0,Dadar,19.0178,72.8478,1,Urban Heat Island Risk,0.0,12,57.89727040568139
2021-12-27,29.4,73.0,0.0,Dadar,19.0178,72.8478,1,Urban Heat Island Risk,0.0,12,48.548354757363725
2021-12-28,28.0,75.0,0.0,Dadar,19.0178,72.8478,1,Urban Heat Island Risk,0.0,12,46.06127906186432
2021-12-29,27.5,66.0,0.0,Dadar,19.0178,72.8478,1,Urban Heat Island Risk,0.0,12,55.70798212243556
2021-12-30,30.0,66.0,0.0,Dadar,19.0178,72.8478,1,Urban Heat Island Risk,0.0,12,37.208333890033074
2021-12-31,31.4,66.0,0.0,Dadar,19.0178,72.8478,1,Urban Heat Island Risk,0.0,12,41.28266626893883
2022-01-01,31.3,64.0,0.0,Dadar,19.0178,72.8478,1,Urban Heat Island Risk,0.0,1,33.048055998853656
2022-01-02,30.6,65.0,0.0,Dadar,19.0178,72.8478,1,Urban Heat Island Risk,0.0,1,34.504594779425574
2022-01-03,30.9,68.0,0.0,Dadar,19.0178,72.8478,1,Urban Heat Island Risk,0.0,1,38.38231415894047
2022-01-04,31.2,73.0,0.0,Dadar,19.0178,72.8478,1,Urban Heat Island Risk,0.0,1,33.332561049160276
2022-01-05,28.5,80.0,0.0,Dadar,19.0178,72.8478,1,Urban Heat Island Risk,0.0,1,59.25205288435187
2022-01-06,27.9,80.0,0.0,Dadar,19.0178,72.8478,1,Urban Heat Island Risk,0.0,1,51.55927884566239
2022-01-07,27.4,79.0,0.0,Dadar,19.0178,72.8478,1,Urban Heat Island Risk,0.0,1,51.07052537054352
2022-01-08,24.5,85.0,2.3,Dadar,19.0178,72.8478,1,Urban Heat Island Risk,2.2999999999999927,1,63.73543242121242
2022-01-09,25.4,58.0,0.0,Dadar,19.0178,72.8478,1,Urban Heat Island Risk,2.2999999999999927,1,69.24606748793293
2022-01-10,24.2,57.0,0.0,Dadar,19.0178,72.8478,1,Urban Heat Island Risk,2.2999999999999927,1,73.39034943071039
2022-01-11,24.5,72.0,0.0,Dadar,19.0178,72.8478,1,Urban Heat Island Risk,2.2999999999999927,1,67.35547696744136
2022-01-12,25.0,68.0,0.0,Dadar,19.0178,72.8478,1,Urban Heat Island Risk,2.2999999999999927,1,77.61279897294558
2022-01-13,25.9,72.0,0.0,Dadar,19.0178,72.8478,1,Urban Heat Island Risk,2.2999999999999927,1,69.90289240381288
2022-01-14,25.8,76.0,0.0,Dadar,19.0178,72.8478,1,Urban Heat Island Risk,2.2999999999999927,1,66.99224393864718
2022-01-15,28.8,67.0,0.0,Dadar,19.0178,72.8478,1,Urban Heat Island Risk,2.2999999999999927,1,56.95496455418766
2022-01-16,31.4,59.0,0.0,Dadar,19.0178,72.8478,1,Urban Heat Island Risk,2.2999999999999927,1,38.71268016699307
2022-01-17,30.7,65.0,0.0,Dadar,19.0178,72.8478,1,Urban Heat Island Risk,2.2999999999999927,1,35.252387159074516
2022-01-18,29.0,67.0,0.0,Dadar,19.0178,72.8478,1,Urban Heat Island Risk,2.2999999999999927,1,43.80389918004617
2022-01-19,29.2,69.0,0.0,Dadar,19.0178,72.8478,1,Urban Heat Island Risk,2.2999999999999927,1,51.95657438893598
2022-01-20,27.5,70.0,0.0,Dadar,19.0178,72.8478,1,Urban Heat Island Risk,2.2999999999999927,1,59.481834782336755
2022-01-21,27.1,84.0,0.0,Dadar,19.0178,72.8478,1,Urban Heat Island Risk,2.2999999999999927,1,60.61540550651997
2022-01-22,26.6,81.0,1.0,Dadar,19.0178,72.8478,1,Urban Heat Island Risk,3.2999999999999927,1,58.36751098565546
2022-01-23,23.3,60.0,0.4,Dadar,19.0178,72.8478,1,Urban Heat Island Risk,3.6999999999999926,1,84.33973783502877
2022-01-24,24.2,57.0,0.0,Dadar,19.0178,72.8478,1,Urban Heat Island Risk,3.6999999999999926,1,72.42250558433027
2022-01-25,25.4,56.0,0.0,Dadar,19.0178,72.8478,1,Urban Heat Island Risk,3.6999999999999926,1,68.89006672703161
2022-01-26,27.2,55.0,0.0,Dadar,19.0178,72.8478,1,Urban Heat Island Risk,3.6999999999999926,1,66.4347207319349
2022-01-27,29.2,53.0,0.0,Dadar,19.0178,72.8478,1,Urban Heat Island Risk,3.6999999999999926,1,44.56249548761594
2022-01-28,30.6,45.0,0.0,Dadar,19.0178,72.8478,1,Urban Heat Island Risk,3.6999999999999926,1,32.06838704796902
2022-01-29,31.0,49.0,0.0,Dadar,19.0178,72.8478,1,Urban Heat Island Risk,1.3999999999999928,1,32.40393070731612
2022-01-30,29.9,56.0,0.0,Dadar,19.0178,72.8478,1,Urban Heat Island Risk,1.3999999999999928,1,48.87149413343812
2022-01-31,29.2,56.0,0.0,Dadar,19.0178,72.8478,1,Urban Heat Island Risk,1.3999999999999928,1,49.14032235356771
2022-02-01,29.4,65.0,0.0,Dadar,19.0178,72.8478,1,Urban Heat Island Risk,1.3999999999999928,2,46.088946439889575
2022-02-02,27.9,78.0,0.0,Dadar,19.0178,72.8478,1,Urban Heat Island Risk,1.3999999999999928,2,52.687864306775495
2022-02-03,26.2,85.0,0.0,Dadar,19.0178,72.8478,1,Urban Heat Island Risk,1.3999999999999928,2,67.29346620443262
2022-02-04,26.0,75.0,0.0,Dadar,19.0178,72.8478,1,Urban Heat Island Risk,1.3999999999999928,2,61.75447574504888
2022-02-05,27.6,70.0,0.0,Dadar,19.0178,72.8478,1,Urban Heat Island Risk,1.3999999999999928,2,58.4616611765463
2022-02-06,27.5,69.0,0.0,Dadar,19.0178,72.8478,1,Urban Heat Island Risk,1.3999999999999928,2,53.84372715593521
2022-02-07,26.0,81.0,0.0,Dadar,19.0178,72.8478,1,Urban Heat Island Risk,1.3999999999999928,2,61.51170307362473
2022-02-08,25.6,80.0,0.0,Dadar,19.0178,72.8478,1,Urban Heat Island Risk,1.3999999999999928,2,65.0792294925416
2022-02-09,26.4,79.0,0.0,Dadar,19.0178,72.8478,1,Urban Heat Island Risk,1.3999999999999928,2,61.85629610091353
2022-02-10,30.2,56.0,0.0,Dadar,19.0178,72.8478,1,Urban Heat Island Risk,1.3999999999999928,2,41.955850820331484
2022-02-11,32.2,45.0,0.0,Dadar,19.0178,72.8478,1,Urban Heat Island Risk,1.3999999999999928,2,32.043945642222226
2022-02-12,30.8,50.0,0.0,Dadar,19.0178,72.8478,1,Urban Heat Island Risk,0.3999999999999929,2,20.358173542857777
2022-02-13,30.2,59.0,0.0,Dadar,19.0178,72.8478,1,Urban Heat Island Risk,0.0,2,38.16174721126618
2022-02-14,29.0,53.0,0.0,Dadar,19.0178,72.8478,1,Urban Heat Island Risk,0.0,2,47.042150113219805
2022-02-15,27.2,65.0,0.0,Dadar,19.0178,72.8478,1,Urban Heat Island Risk,0.0,2,66.72531019304166
2022-02-16,26.5,80.0,0.0,Dadar,19.0178,72.8478,1,Urban Heat Island Risk,0.0,2,57.766653624756
2022-02-17,26.9,81.0,0.0,Dadar,19.0178,72.8478,1,Urban Heat Island Risk,0.0,2,61.71398309049957
2022-02-18,28.1,78.0,0.0,Dadar,19.0178,72.8478,1,Urban Heat Island Risk,0.0,2,61.57515154867918
2022-02-19,29.6,75.0,0.0,Dadar,19.0178,72.8478,1,Urban Heat Island Risk,0.0,2,39.03515735026363
2022-02-20,31.0,63.0,0.0,Dadar,19.0178,72.8478,1,Urban Heat Island Risk,0.0,2,39.63654279598868
2022-02-21,31.2,55.0,0.0,Dadar,19.0178,72.8478,1,Urban Heat Island Risk,0.0,2,32.52197416366074
2022-02-22,30.4,65.0,0.0,Dadar,19.0178,72.8478,1,Urban Heat Island Risk,0.0,2,38.5434979552205
2022-02-23,29.9,65.0,0.0,Dadar,19.0178,72.8478,1,Urban Heat Island Risk,0.0,2,39.88444583023343
2022-02-24,30.2,61.0,0.0,Dadar,19.0178,72.8478,1,Urban Heat Island Risk,0.0,2,38.540713457920575
2022-02-25,30.7,56.0,0.0,Dadar,19.0178,72.8478,1,Urban Heat Island Risk,0.0,2,52.97622740619914
2022-02-26,30.5,62.0,0.0,Dadar,19.0178,72.8478,1,Urban Heat Island Risk,0.0,2,44.72227936035833
2022-02-27,31.1,54.0,0.0,Dadar,19.0178,72.8478,1,Urban Heat Island Risk,0.0,2,42.60868930893104
2022-02-28,32.3,49.0,0.0,Dadar,19.0178,72.8478,1,Urban Heat Island Risk,0.0,2,32.7599674341825
2022-03-01,32.5,51.0,0.0,Dadar,19.0178,72.8478,1,Urban Heat Island Risk,0.0,3,6.9687160579902105
2022-03-02,34.5,50.0,0.0,Dadar,19.0178,72.8478,1,Urban Heat Island Risk,0.0,3,16.974789851616535
2022-03-03,35.3,43.0,0.0,Dadar,19.0178,72.8478,1,Urban Heat Island Risk,0.0,3,20.36464807253673
2022-03-04,34.5,37.0,0.0,Dadar,19.0178,72.8478,1,Urban Heat Island Risk,0.0,3,10.733002629804442
2022-03-05,34.2,48.0,0.0,Dadar,19.0178,72.8478,1,Urban Heat Island Risk,0.0,3,19.82663333580563
2022-03-06,34.2,51.0,0.0,Dadar,19.0178,72.8478,1,Urban Heat Island Risk,0.0,3,18.521681049270395
2022-03-07,32.2,54.0,0.0,Dadar,19.0178,72.8478,1,Urban Heat Island Risk,0.0,3,24.26020022406835
2022-03-08,36.0,52.0,0.0,Dadar,19.0178,72.8478,1,Urban Heat Island Risk,0.0,3,12.911084937431905
2022-03-09,34.0,54.0,0.1,Dadar,19.0178,72.8478,1,Urban Heat Island Risk,0.0999999999999929,3,9.511945088621367
2022-03-10,33.8,54.0,0.0,Dadar,19.0178,72.8478,1,Urban Heat Island Risk,0.0999999999999929,3,13.191859453137273
2022-03-11,33.2,51.0,0.0,Dadar,19.0178,72.8478,1,Urban Heat Island Risk,0.0999999999999929,3,22.177854965818117
2022-03-12,36.3,52.0,0.0,Dadar,19.0178,72.8478,1,Urban Heat Island Risk,0.0999999999999929,3,5.857970595790185
2022-03-13,36.2,47.0,0.0,Dadar,19.0178,72.8478,1,Urban Heat Island Risk,0.0999999999999929,3,5.0
2022-03-14,36.0,36.0,0.0,Dadar,19.0178,72.8478,1,Urban Heat Island Risk,0.0999999999999929,3,15.446976394658066
2022-03-15,36.0,43.0,0.0,Dadar,19.0178,72.8478,1,Urban Heat Island Risk,0.0999999999999929,3,12.78705353612922
2022-03-16,35.3,45.0,0.0,Dadar,19.0178,72.8478,1,Urban Heat Island Risk,0.0999999999999929,3,15.038639465878424
2022-03-17,35.5,44.0,0.0,Dadar,19.0178,72.8478,1,Urban Heat Island Risk,0.0999999999999929,3,19.726558856179324
2022-03-18,34.8,54.0,0.0,Dadar,19.0178,72.8478,1,Urban Heat Island Risk,0.0999999999999929,3,12.237153269405738
2022-03-19,32.0,71.0,0.0,Dadar,19.0178,72.8478,1,Urban Heat Island Risk,0.0999999999999929,3,5.634970845346897
2022-03-20,30.2,79.0,0.0,Dadar,19.0178,72.8478,1,Urban Heat Island Risk,0.0999999999999929,3,25.22240778599972
2022-03-21,30.5,75.0,0.0,Dadar,19.0178,72.8478,1,Urban Heat Island Risk,0.0999999999999929,3,10.013858562806119
2022-03-22,34.2,46.0,0.0,Dadar,19.0178,72.8478,1,Urban Heat Island Risk,0.0999999999999929,3,9.704814389939513
2022-03-23,38.0,31.0,0.0,Dadar,19.0178,72.8478,1,Urban Heat Island Risk,0.0999999999999929,3,20.518600068612983
2022-03-24,33.7,46.0,0.0,Dadar,19.0178,72.8478,1,Urban Heat Island Risk,0.0999999999999929,3,13.07755439479241
2022-03-25,32.0,74.0,0.0,Dadar,19.0178,72.8478,1,Urban Heat Island Risk,0.0999999999999929,3,14.683050739825946
2022-03-26,32.4,78.0,0.0,Dadar,19.0178,72.8478,1,Urban Heat Island Risk,0.0999999999999929,3,17.41395062030159
2022-03-27,32.3,77.0,0.0,Dadar,19.0178,72.8478,1,Urban Heat Island Risk,0.0999999999999929,3,20.41791551554998
2022-03-28,32.3,81.0,0.0,Dadar,19.0178,72.8478,1,Urban Heat Island Risk,0.0999999999999929,3,13.33269653409114
2022-03-29,33.5,68.0,0.0,Dadar,19.0178,72.8478,1,Urban Heat Island Risk,0.0999999999999929,3,22.599760029571495
2022-03-30,33.8,69.0,0.0,Dadar,19.0178,72.8478,1,Urban Heat Island Risk,0.0,3,5.0
2022-03-31,31.9,74.0,0.0,Dadar,19.0178,72.8478,1,Urban Heat Island Risk,0.0,3,18.798936184765385
2022-04-01,33.0,76.0,0.0,Dadar,19.0178,72.8478,1,Urban Heat Island Risk,0.0,4,10.802362209911713
2022-04-02,31.0,79.0,0.0,Dadar,19.0178,72.8478,1,Urban Heat Island Risk,0.0,4,21.861356583039957
2022-04-03,31.5,80.0,0.0,Dadar,19.0178,72.8478,1,Urban Heat Island Risk,0.0,4,15.710222394152726
2022-04-04,32.0,81.0,0.0,Dadar,19.0178,72.8478,1,Urban Heat Island Risk,0.0,4,11.635473339952991
2022-04-05,32.2,82.0,0.0,Dadar,19.0178,72.8478,1,Urban Heat Island Risk,0.0,4,18.314205465108163
2022-04-06,32.0,81.0,0.0,Dadar,19.0178,72.8478,1,Urban Heat Island Risk,0.0,4,19.465941736036257
2022-04-07,32.5,80.0,0.0,Dadar,19.0178,72.8478,1,Urban Heat Island Risk,0.0,4,18.209470614293192
2022-04-08,33.4,80.0,0.0,Dadar,19.0178,72.8478,1,Urban Heat Island Risk,0.0,4,9.851518801834697
2022-04-09,32.0,81.0,0.0,Dadar,19.0178,72.8478,1,Urban Heat Island Risk,0.0,4,12.579914381889576
2022-04-10,32.6,74.0,0.0,Dadar,19.0178,72.8478,1,Urban Heat Island Risk,0.0,4,14.979635814392825
2022-04-11,32.5,75.0,0.0,Dadar,19.0178,72.8478,1,Urban Heat Island Risk,0.0,4,14.793701736749698
2022-04-12,33.6,73.0,0.0,Dadar,19.0178,72.8478,1,Urban Heat Island Risk,0.0,4,18.748727377191738
2022-04-13,34.8,69.0,0.0,Dadar,19.0178,72.8478,1,Urban Heat Island Risk,0.0,4,5.0
2022-04-14,32.0,78.0,0.0,Dadar,19.0178,72.8478,1,Urban Heat Island Risk,0.0,4,16.671635272767517
2022-04-15,32.0,75.0,0.0,Dadar,19.0178,72.8478,1,Urban Heat Island Risk,0.0,4,13.5500932278168
2022-04-16,31.5,79.0,0.0,Dadar,19.0178,72.8478,1,Urban Heat Island Risk,0.0,4,10.80749691808024
2022-04-17,32.0,75.0,0.0,Dadar,19.0178,72.8478,1,Urban Heat Island Risk,0.0,4,11.287566111152003
2022-04-18,31.5,77.0,0.0,Dadar,19.0178,72.8478,1,Urban Heat Island Risk,0.0,4,13.927311677410183
2022-04-19,32.2,78.0,0.0,Dadar,19.0178,72.8478,1,Urban Heat Island Risk,0.0,4,5.0
2022-04-20,32.9,76.0,0.0,Dadar,19.0178,72.8478,1,Urban Heat Island Risk,0.0,4,11.49355214604225
2022-04-21,38.3,47.0,0.0,Dadar,19.0178,72.8478,1,Urban Heat Island Risk,0.0,4,10.620925876768533
2022-04-22,36.3,58.0,0.0,Dadar,19.0178,72.8478,1,Urban Heat Island Risk,0.0,4,17.66391604661312
2022-04-23,37.0,69.0,0.0,Dadar,19.0178,72.8478,1,Urban Heat Island Risk,0.0,4,10.972366587447397
2022-04-24,33.9,78.0,0.0,Dadar,19.0178,72.8478,1,Urban Heat Island Risk,0.0,4,13.92443099914755
2022-04-25,36.5,60.0,0.0,Dadar,19.0178,72.8478,1,Urban Heat Island Risk,0.0,4,22.71138313830651
2022-04-26,33.9,68.0,0.0,Dadar,19.0178,72.8478,1,Urban Heat Island Risk,0.0,4,19.971757599077115
2022-04-27,35.4,61.0,0.0,Dadar,19.0178,72.8478,1,Urban Heat Island Risk,0.0,4,19.511356999717265
2022-04-28,36.2,62.0,0.0,Dadar,19.0178,72.8478,1,Urban Heat Island Risk,0.0,4,12.500637847945741
2022-04-29,33.3,77.0,0.0,Dadar,19.0178,72.8478,1,Urban Heat Island Risk,0.0,4,17.715161396448263
2022-04-30,33.0,77.0,0.0,Dadar,19.0178,72.8478,1,Urban Heat Island Risk,0.0,4,13.83051099773203
2022-05-01,33.0,79.0,0.0,Dadar,19.0178,72.8478,1,Urban Heat Island Risk,0.0,5,14.019533946615311
2022-05-02,32.6,76.0,0.0,Dadar,19.0178,72.8478,1,Urban Heat Island Risk,0.0,5,17.04842671873275
2022-05-03,32.9,76.0,0.0,Dadar,19.0178,72.8478,1,Urban Heat Island Risk,0.0,5,12.015032057895338
2022-05-04,32.7,76.0,0.0,Dadar,19.0178,72.8478,1,Urban Heat Island Risk,0.0,5,22.465015522216017
2022-05-05,33.1,79.0,0.0,Dadar,19.0178,72.8478,1,Urban Heat Island Risk,0.0,5,14.199349302010315
2022-05-06,32.8,77.0,0.1,Dadar,19.0178,72.8478,1,Urban Heat Island Risk,0.0999999999999929,5,18.091802831298324
2022-05-07,33.0,79.0,0.0,Dadar,19.0178,72.8478,1,Urban Heat Island Risk,0.0999999999999929,5,22.27800239628649
2022-05-08,33.2,80.0,0.0,Dadar,19.0178,72.8478,1,Urban Heat Island Risk,0.0999999999999929,5,20.158268872875876
2022-05-09,32.6,80.0,0.0,Dadar,19.0178,72.8478,1,Urban Heat Island Risk,0.0999999999999929,5,7.955404486547377
2022-05-10,32.7,75.0,0.0,Dadar,19.0178,72.8478,1,Urban Heat Island Risk,0.0999999999999929,5,17.22447947504942
2022-05-11,32.5,76.0,0.0,Dadar,19.0178,72.8478,1,Urban Heat Island Risk,0.0999999999999929,5,19.253596972303235
2022-05-12,32.6,71.0,0.0,Dadar,19.0178,72.8478,1,Urban Heat Island Risk,0.0999999999999929,5,19.459315110803743
2022-05-13,32.1,71.0,0.0,Dadar,19.0178,72.8478,1,Urban Heat Island Risk,0.0999999999999929,5,9.433525829426845
2022-05-14,32.3,71.0,0.0,Dadar,19.0178,72.8478,1,Urban Heat Island Risk,0.0999999999999929,5,11.71482381491338
2022-05-15,32.9,72.0,0.0,Dadar,19.0178,72.8478,1,Urban Heat Island Risk,0.0999999999999929,5,19.972791178708107
2022-05-16,32.7,74.0,0.0,Dadar,19.0178,72.8478,1,Urban Heat Island Risk,0.0999999999999929,5,11.191198146586771
2022-05-17,32.8,73.0,0.0,Dadar,19.0178,72.8478,1,Urban Heat Island Risk,0.0999999999999929,5,13.501519716678429
2022-05-18,32.3,72.0,0.0,Dadar,19.0178,72.8478,1,Urban Heat Island Risk,0.0999999999999929,5,22.879379047509847
2022-05-19,32.2,73.0,0.0,Dadar,19.0178,72.8478,1,Urban Heat Island Risk,0.0999999999999929,5,14.761003748076051
2022-05-20,32.0,68.0,0.1,Dadar,19.0178,72.8478,1,Urban Heat Island Risk,0.1999999999999929,5,11.366129310830786
2022-05-21,32.5,64.0,0.1,Dadar,19.0178,72.8478,1,Urban Heat Island Risk,0.29999999999999294,5,10.611913215685474
2022-05-22,32.5,66.0,1.0,Dadar,19.0178,72.8478,1,Urban Heat Island Risk,1.299999999999993,5,16.66359664792594
2022-05-23,32.8,69.0,2.7,Dadar,19.0178,72.8478,1,Urban Heat Island Risk,3.999999999999993,5,8.334259957613956
2022-05-24,32.6,69.0,0.4,Dadar,19.0178,72.8478,1,Urban Heat Island Risk,4.399999999999993,5,13.763320180517908
2022-05-25,32.4,70.0,0.6,Dadar,19.0178,72.8478,1,Urban Heat Island Risk,4.999999999999993,5,16.66615267495011
2022-05-26,32.8,64.0,0.0,Dadar,19.0178,72.8478,1,Urban Heat Island Risk,4.999999999999993,5,21.495749102738337
2022-05-27,33.2,61.0,0.0,Dadar,19.0178,72.8478,1,Urban Heat Island Risk,4.899999999999993,5,18.337740401849977
2022-05-28,33.0,61.0,0.0,Dadar,19.0178,72.8478,1,Urban Heat Island Risk,4.899999999999993,5,11.429674410089106
2022-05-29,33.1,61.0,0.1,Dadar,19.0178,72.8478,1,Urban Heat Island Risk,4.999999999999993,5,20.8920965878186
2022-05-30,32.6,64.0,0.1,Dadar,19.0178,72.8478,1,Urban Heat Island Risk,5.099999999999993,5,13.502424812262612
2022-05-31,32.8,66.0,0.0,Dadar,19.0178,72.8478,1,Urban Heat Island Risk,5.099999999999993,5,8.821484889752956
2022-06-01,32.2,67.0,0.0,Dadar,19.0178,72.8478,1,Urban Heat Island Risk,5.099999999999993,6,14.139793203672637
2022-06-02,32.2,69.0,0.0,Dadar,19.0178,72.8478,1,Urban Heat Island Risk,5.099999999999993,6,22.19084600572851
2022-06-03,31.8,71.0,0.0,Dadar,19.0178,72.8478,1,Urban Heat Island Risk,5.099999999999993,6,15.826200250324625
2022-06-04,32.4,71.0,0.0,Dadar,19.0178,72.8478,1,Urban Heat Island Risk,5.099999999999993,6,15.062609321648932
2022-06-05,32.3,72.0,0.0,Dadar,19.0178,72.8478,1,Urban Heat Island Risk,5.099999999999993,6,23.186058223514266
2022-06-06,32.1,71.0,0.0,Dadar,19.0178,72.8478,1,Urban Heat Island Risk,5.099999999999993,6,7.8432257647278645
2022-06-07,32.7,73.0,1.0,Dadar,19.0178,72.8478,1,Urban Heat Island Risk,6.099999999999993,6,8.57200442973614
2022-06-08,31.8,78.0,2.5,Dadar,19.0178,72.8478,1,Urban Heat Island Risk,8.599999999999994,6,6.920767645165839
2022-06-09,31.0,78.0,7.3,Dadar,19.0178,72.8478,1,Urban Heat Island Risk,15.899999999999993,6,16.863240932400274
2022-06-10,30.8,81.0,13.8,Dadar,19.0178,72.8478,1,Urban Heat Island Risk,29.599999999999994,6,15.832465635575623
2022-06-11,29.8,84.0,25.2,Dadar,19.0178,72.8478,1,Urban Heat Island Risk,54.69999999999999,6,22.71368183639888
2022-06-12,28.4,85.0,15.9,Dadar,19.0178,72.8478,1,Urban Heat Island Risk,69.6,6,16.21737538568385
2022-06-13,29.6,83.0,8.0,Dadar,19.0178,72.8478,1,Urban Heat Island Risk,74.89999999999999,6,12.979214202603487
2022-06-14,30.5,80.0,2.5,Dadar,19.0178,72.8478,1,Urban Heat Island Risk,77.0,6,15.008974364390536
2022-06-15,30.0,80.0,6.1,Dadar,19.0178,72.8478,1,Urban Heat Island Risk,82.49999999999999,6,15.58853709230479
2022-06-16,30.1,82.0,5.1,Dadar,19.0178,72.8478,1,Urban Heat Island Risk,87.6,6,6.6411936333591655
2022-06-17,29.8,83.0,3.0,Dadar,19.0178,72.8478,1,Urban Heat Island Risk,90.6,6,28.551658221674465
2022-06-18,29.8,81.0,6.6,Dadar,19.0178,72.8478,1,Urban Heat Island Risk,97.19999999999999,6,17.599355090509558
2022-06-19,28.4,86.0,36.7,Dadar,19.0178,72.8478,1,Urban Heat Island Risk,133.8,6,16.050041540112947
2022-06-20,26.7,91.0,54.8,Dadar,19.0178,72.8478,1,Urban Heat Island Risk,188.5,6,18.075819921392903
2022-06-21,27.9,89.0,23.0,Dadar,19.0178,72.8478,1,Urban Heat Island Risk,211.5,6,18.547054902933024
2022-06-22,29.2,88.0,26.9,Dadar,19.0178,72.8478,1,Urban Heat Island Risk,238.4,6,14.297232572487841
2022-06-23,28.6,89.0,46.8,Dadar,19.0178,72.8478,1,Urban Heat Island Risk,285.2,6,11.843794318796498
2022-06-24,29.9,88.0,17.5,Dadar,19.0178,72.8478,1,Urban Heat Island Risk,302.7,6,17.99725343160852
2022-06-25,29.3,87.0,15.6,Dadar,19.0178,72.8478,1,Urban Heat Island Risk,318.3,6,16.928554202657264
2022-06-26,28.0,89.0,15.7,Dadar,19.0178,72.8478,1,Urban Heat Island Risk,334.0,6,10.95054950455296
2022-06-27,28.3,88.0,31.7,Dadar,19.0178,72.8478,1,Urban Heat Island Risk,365.7,6,22.095178056836318
2022-06-28,28.1,88.0,10.0,Dadar,19.0178,72.8478,1,Urban Heat Island Risk,374.7,6,16.466760181614916
2022-06-29,28.4,88.0,16.0,Dadar,19.0178,72.8478,1,Urban Heat Island Risk,388.2,6,18.649096811338154
2022-06-30,27.8,90.0,41.6,Dadar,19.0178,72.8478,1,Urban Heat Island Risk,422.5,6,21.959604438399595
2022-07-01,26.4,92.0,43.4,Dadar,19.0178,72.8478,1,Urban Heat Island Risk,452.09999999999997,7,15.109444105824174
2022-07-02,27.5,89.0,23.9,Dadar,19.0178,72.8478,1,Urban Heat Island Risk,450.79999999999995,7,16.584760034920578
2022-07-03,27.2,89.0,20.5,Dadar,19.0178,72.8478,1,Urban Heat Island Risk,455.4,7,19.05013619253058
2022-07-04,27.0,89.0,28.2,Dadar,19.0178,72.8478,1,Urban Heat Island Risk,475.6,7,11.375694580999738
2022-07-05,26.5,91.0,55.5,Dadar,19.0178,72.8478,1,Urban Heat Island Risk,528.6,7,15.270258314230004
2022-07-06,26.7,90.0,35.6,Dadar,19.0178,72.8478,1,Urban Heat Island Risk,558.1,7,15.62774293325574
2022-07-07,27.0,89.0,37.2,Dadar,19.0178,72.8478,1,Urban Heat Island Risk,590.1999999999999,7,10.219707241583027
2022-07-08,28.6,86.0,25.0,Dadar,19.0178,72.8478,1,Urban Heat Island Risk,612.1999999999999,7,26.588183943369394
2022-07-09,26.9,90.0,37.8,Dadar,19.0178,72.8478,1,Urban Heat Island Risk,643.4,7,7.963532782537987
2022-07-10,26.2,91.0,52.5,Dadar,19.0178,72.8478,1,Urban Heat Island Risk,659.2,7,8.50948048156421
2022-07-11,25.5,92.0,79.9,Dadar,19.0178,72.8478,1,Urban Heat Island Risk,684.3,7,21.571132878517894
2022-07-12,25.9,92.0,65.0,Dadar,19.0178,72.8478,1,Urban Heat Island Risk,726.3,7,18.56633125398271
2022-07-13,25.9,90.0,68.3,Dadar,19.0178,72.8478,1,Urban Heat Island Risk,767.6999999999999,7,9.87017591259611
2022-07-14,26.0,90.0,60.2,Dadar,19.0178,72.8478,1,Urban Heat Island Risk,781.1,7,18.036445075508464
2022-07-15,28.0,86.0,25.3,Dadar,19.0178,72.8478,1,Urban Heat Island Risk,788.9,7,22.33925222498655
2022-07-16,28.0,86.0,24.8,Dadar,19.0178,72.8478,1,Urban Heat Island Risk,798.1,7,14.848684712015071
2022-07-17,28.8,85.0,10.3,Dadar,19.0178,72.8478,1,Urban Heat Island Risk,792.6999999999999,7,27.99411450037291
2022-07-18,26.1,91.0,30.3,Dadar,19.0178,72.8478,1,Urban Heat Island Risk,791.3000000000001,7,6.3796909456598225
2022-07-19,26.5,90.0,34.3,Dadar,19.0178,72.8478,1,Urban Heat Island Risk,815.6,7,18.46911726929551
2022-07-20,27.6,86.0,13.4,Dadar,19.0178,72.8478,1,Urban Heat Island Risk,813.0,7,20.832641681105017
2022-07-21,27.9,84.0,6.0,Dadar,19.0178,72.8478,1,Urban Heat Island Risk,777.4,7,19.456719508026232
2022-07-22,28.9,83.0,4.8,Dadar,19.0178,72.8478,1,Urban Heat Island Risk,738.8000000000001,7,13.97822136677176
2022-07-23,26.9,88.0,28.2,Dadar,19.0178,72.8478,1,Urban Heat Island Risk,743.1,7,13.547792589944253
2022-07-24,26.4,89.0,25.8,Dadar,19.0178,72.8478,1,Urban Heat Island Risk,748.4000000000001,7,17.220725855436285
2022-07-25,28.0,86.0,10.2,Dadar,19.0178,72.8478,1,Urban Heat Island Risk,730.4,7,19.078772433260347
2022-07-26,27.4,87.0,4.1,Dadar,19.0178,72.8478,1,Urban Heat Island Risk,679.0,7,18.01236718141182
2022-07-27,28.3,87.0,6.5,Dadar,19.0178,72.8478,1,Urban Heat Island Risk,649.9,7,20.200289453966946
2022-07-28,28.8,86.0,2.5,Dadar,19.0178,72.8478,1,Urban Heat Island Risk,615.2,7,9.905650214666323
2022-07-29,29.3,86.0,1.1,Dadar,19.0178,72.8478,1,Urban Heat Island Risk,591.3000000000001,7,13.861145104381826
2022-07-30,29.2,84.0,0.2,Dadar,19.0178,72.8478,1,Urban Heat Island Risk,553.6999999999999,7,10.299920339381229
2022-07-31,29.0,84.0,2.0,Dadar,19.0178,72.8478,1,Urban Heat Island Risk,503.20000000000005,7,13.069436119569293
2022-08-01,29.0,83.0,2.1,Dadar,19.0178,72.8478,1,Urban Heat Island Risk,425.4,8,20.076104459071527
2022-08-02,29.1,83.0,2.8,Dadar,19.0178,72.8478,1,Urban Heat Island Risk,363.2,8,15.539919603626144
2022-08-03,28.9,85.0,10.3,Dadar,19.0178,72.8478,1,Urban Heat Island Risk,305.2,8,28.034295815748848
2022-08-04,28.5,87.0,13.6,Dadar,19.0178,72.8478,1,Urban Heat Island Risk,258.6,8,15.967031835948585
2022-08-05,27.1,90.0,27.2,Dadar,19.0178,72.8478,1,Urban Heat Island Risk,260.5,8,15.298459402898681
2022-08-06,27.5,89.0,33.7,Dadar,19.0178,72.8478,1,Urban Heat Island Risk,269.4,8,15.53091459720108
2022-08-07,27.6,90.0,56.5,Dadar,19.0178,72.8478,1,Urban Heat Island Risk,315.6,8,11.81095653570032
2022-08-08,27.2,89.0,32.6,Dadar,19.0178,72.8478,1,Urban Heat Island Risk,317.9,8,14.710816938112032
2022-08-09,26.7,89.0,71.3,Dadar,19.0178,72.8478,1,Urban Heat Island Risk,354.90000000000003,8,20.63894013555823
2022-08-10,27.3,88.0,37.6,Dadar,19.0178,72.8478,1,Urban Heat Island Risk,379.1,8,15.569853340638861
2022-08-11,28.0,85.0,23.1,Dadar,19.0178,72.8478,1,Urban Heat Island Risk,396.2,8,11.032701350582643
2022-08-12,28.0,84.0,16.1,Dadar,19.0178,72.8478,1,Urban Heat Island Risk,407.5,8,10.374576897606824
2022-08-13,28.5,83.0,13.1,Dadar,19.0178,72.8478,1,Urban Heat Island Risk,392.4,8,12.748990541670782
2022-08-14,28.1,81.0,11.0,Dadar,19.0178,72.8478,1,Urban Heat Island Risk,377.59999999999997,8,15.369317172054402
2022-08-15,26.8,88.0,29.0,Dadar,19.0178,72.8478,1,Urban Heat Island Risk,396.4,8,20.96793267738131
2022-08-16,26.1,89.0,64.1,Dadar,19.0178,72.8478,1,Urban Heat Island Risk,456.40000000000003,8,8.297556793167816
2022-08-17,27.4,86.0,19.3,Dadar,19.0178,72.8478,1,Urban Heat Island Risk,469.20000000000005,8,13.40086861055622
2022-08-18,27.7,84.0,10.5,Dadar,19.0178,72.8478,1,Urban Heat Island Risk,477.20000000000005,8,15.721550097175394
2022-08-19,27.9,85.0,11.9,Dadar,19.0178,72.8478,1,Urban Heat Island Risk,488.0,8,5.831471161852827
2022-08-20,27.9,86.0,6.2,Dadar,19.0178,72.8478,1,Urban Heat Island Risk,494.0,8,10.83200858516797
2022-08-21,27.7,85.0,5.8,Dadar,19.0178,72.8478,1,Urban Heat Island Risk,497.8,8,11.600557301319068
2022-08-22,27.1,86.0,9.1,Dadar,19.0178,72.8478,1,Urban Heat Island Risk,504.8,8,11.020148130747508
2022-08-23,28.0,86.0,7.9,Dadar,19.0178,72.8478,1,Urban Heat Island Risk,509.9,8,15.959447725108237
2022-08-24,27.9,86.0,7.8,Dadar,19.0178,72.8478,1,Urban Heat Island Risk,507.40000000000003,8,14.197201952491014
2022-08-25,27.5,87.0,6.1,Dadar,19.0178,72.8478,1,Urban Heat Island Risk,499.90000000000003,8,12.223569486994819
2022-08-26,27.9,85.0,2.2,Dadar,19.0178,72.8478,1,Urban Heat Island Risk,474.90000000000003,8,17.139813132763173
2022-08-27,28.0,83.0,1.8,Dadar,19.0178,72.8478,1,Urban Heat Island Risk,443.00000000000006,8,23.61537358823125
2022-08-28,28.0,85.0,2.0,Dadar,19.0178,72.8478,1,Urban Heat Island Risk,388.5,8,23.19628258370876
2022-08-29,28.6,85.0,1.2,Dadar,19.0178,72.8478,1,Urban Heat Island Risk,357.1,8,5.386141139688318
2022-08-30,29.4,86.0,0.6,Dadar,19.0178,72.8478,1,Urban Heat Island Risk,286.4,8,17.885360919175696
2022-08-31,29.5,88.0,18.7,Dadar,19.0178,72.8478,1,Urban Heat Island Risk,267.5,8,14.109883549680807
2022-09-01,28.9,88.0,1.7,Dadar,19.0178,72.8478,1,Urban Heat Island Risk,246.1,9,15.775776714326781
2022-09-02,30.4,87.0,10.0,Dadar,19.0178,72.8478,1,Urban Heat Island Risk,240.0,9,13.008584832287257
2022-09-03,29.9,87.0,0.9,Dadar,19.0178,72.8478,1,Urban Heat Island Risk,227.79999999999998,9,15.587943149436011
2022-09-04,28.5,88.0,9.9,Dadar,19.0178,72.8478,1,Urban Heat Island Risk,226.7,9,15.757036980360093
2022-09-05,29.0,83.0,1.8,Dadar,19.0178,72.8478,1,Urban Heat Island Risk,199.5,9,12.105241213255384
2022-09-06,29.0,84.0,4.9,Dadar,19.0178,72.8478,1,Urban Heat Island Risk,140.3,9,10.518162260874096
2022-09-07,30.1,88.0,20.1,Dadar,19.0178,72.8478,1,Urban Heat Island Risk,141.1,9,12.75652158690258
2022-09-08,28.5,90.0,39.7,Dadar,19.0178,72.8478,1,Urban Heat Island Risk,170.3,9,16.171296322283826
2022-09-09,29.6,88.0,27.0,Dadar,19.0178,72.8478,1,Urban Heat Island Risk,185.4,9,17.99498170842132
2022-09-10,29.5,89.0,13.2,Dadar,19.0178,72.8478,1,Urban Heat Island Risk,192.4,9,19.266744886700735
2022-09-11,29.2,88.0,25.5,Dadar,19.0178,72.8478,1,Urban Heat Island Risk,212.1,9,12.529049884665437
2022-09-12,28.5,89.0,21.8,Dadar,19.0178,72.8478,1,Urban Heat Island Risk,224.8,9,16.419222836513683
2022-09-13,26.6,90.0,51.7,Dadar,19.0178,72.8478,1,Urban Heat Island Risk,268.6,9,19.812512959766494
2022-09-14,27.5,89.0,81.9,Dadar,19.0178,72.8478,1,Urban Heat Island Risk,342.7,9,20.82797447572064
2022-09-15,27.8,88.0,68.7,Dadar,19.0178,72.8478,1,Urban Heat Island Risk,405.30000000000007,9,14.70583572934239
2022-09-16,26.1,91.0,96.6,Dadar,19.0178,72.8478,1,Urban Heat Island Risk,499.7,9,13.895341375301937
2022-09-17,27.4,90.0,36.6,Dadar,19.0178,72.8478,1,Urban Heat Island Risk,534.5,9,15.955621169181962
2022-09-18,26.5,90.0,61.8,Dadar,19.0178,72.8478,1,Urban Heat Island Risk,594.3000000000001,9,9.251462635512972
2022-09-19,27.8,83.0,2.9,Dadar,19.0178,72.8478,1,Urban Heat Island Risk,596.0,9,14.03195244482246
2022-09-20,26.2,88.0,15.0,Dadar,19.0178,72.8478,1,Urban Heat Island Risk,610.4,9,18.72293199236565
2022-09-21,27.0,88.0,12.3,Dadar,19.0178,72.8478,1,Urban Heat Island Risk,604.0,9,18.209735647218505
2022-09-22,25.7,90.0,18.0,Dadar,19.0178,72.8478,1,Urban Heat Island Risk,620.3,9,13.648661978180556
2022-09-23,28.0,83.0,4.0,Dadar,19.0178,72.8478,1,Urban Heat Island Risk,614.3,9,16.088591005435834
2022-09-24,27.2,87.0,5.2,Dadar,19.0178,72.8478,1,Urban Heat Island Risk,618.6,9,10.876748298546563
2022-09-25,27.4,86.0,4.7,Dadar,19.0178,72.8478,1,Urban Heat Island Risk,613.4000000000001,9,18.517460741125124
2022-09-26,27.8,85.0,3.0,Dadar,19.0178,72.8478,1,Urban Heat Island Risk,614.6,9,14.610892819317634
2022-09-27,28.0,86.0,0.9,Dadar,19.0178,72.8478,1,Urban Heat Island Risk,610.6,9,13.62024274151931
2022-09-28,28.0,87.0,2.3,Dadar,19.0178,72.8478,1,Urban Heat Island Risk,592.8,9,13.191380819533068
2022-09-29,28.0,89.0,2.0,Dadar,19.0178,72.8478,1,Urban Heat Island Risk,555.1,9,14.685530665500709
2022-09-30,29.0,89.0,2.2,Dadar,19.0178,72.8478,1,Urban Heat Island Risk,530.3000000000001,9,12.760611775340209
2022-10-01,27.9,89.0,10.3,Dadar,19.0178,72.8478,1,Urban Heat Island Risk,527.4,10,58.52404851334616
2022-10-02,28.5,87.0,0.7,Dadar,19.0178,72.8478,1,Urban Heat Island Risk,502.59999999999997,10,49.85691559325243
2022-10-03,28.6,87.0,0.6,Dadar,19.0178,72.8478,1,Urban Heat Island Risk,481.4,10,59.231487146803566
2022-10-04,29.4,86.0,0.0,Dadar,19.0178,72.8478,1,Urban Heat Island Risk,429.7,10,54.05938585074025
2022-10-05,30.0,88.0,2.4,Dadar,19.0178,72.8478,1,Urban Heat Island Risk,350.2,10,38.87561588406081
2022-10-06,29.5,86.0,3.5,Dadar,19.0178,72.8478,1,Urban Heat Island Risk,285.0,10,46.515188013813074
2022-10-07,27.0,87.0,27.7,Dadar,19.0178,72.8478,1,Urban Heat Island Risk,216.1,10,57.08005022665236
2022-10-08,27.3,87.0,31.9,Dadar,19.0178,72.8478,1,Urban Heat Island Risk,211.4,10,57.00009551739027
2022-10-09,28.9,85.0,1.1,Dadar,19.0178,72.8478,1,Urban Heat Island Risk,150.7,10,59.578804004890664
2022-10-10,29.8,86.0,0.2,Dadar,19.0178,72.8478,1,Urban Heat Island Risk,148.0,10,42.92880958108766
2022-10-11,29.9,88.0,11.1,Dadar,19.0178,72.8478,1,Urban Heat Island Risk,144.1,10,45.70113018538715
2022-10-12,28.2,89.0,13.8,Dadar,19.0178,72.8478,1,Urban Heat Island Risk,145.6,10,56.23993980337473
2022-10-13,29.6,90.0,2.1,Dadar,19.0178,72.8478,1,Urban Heat Island Risk,129.70000000000002,10,40.59685313758379
2022-10-14,30.5,87.0,14.5,Dadar,19.0178,72.8478,1,Urban Heat Island Risk,140.20000000000002,10,36.224522627953974
2022-10-15,31.9,76.0,0.9,Dadar,19.0178,72.8478,1,Urban Heat Island Risk,135.89999999999998,10,26.536554809626082
2022-10-16,32.0,67.0,0.0,Dadar,19.0178,72.8478,1,Urban Heat Island Risk,131.2,10,27.570146330511115
2022-10-17,29.9,82.0,6.4,Dadar,19.0178,72.8478,1,Urban Heat Island Risk,134.6,10,29.649849453414095
2022-10-18,27.5,89.0,7.4,Dadar,19.0178,72.8478,1,Urban Heat Island Risk,141.1,10,60.22291200396814
2022-10-19,29.5,88.0,4.4,Dadar,19.0178,72.8478,1,Urban Heat Island Risk,143.20000000000002,10,56.43763587294702
2022-10-20,29.5,88.0,0.7,Dadar,19.0178,72.8478,1,Urban Heat Island Risk,141.9,10,46.90577036184931
2022-10-21,30.8,85.0,3.8,Dadar,19.0178,72.8478,1,Urban Heat Island Risk,143.5,10,31.71865570329696
2022-10-22,30.4,81.0,1.3,Dadar,19.0178,72.8478,1,Urban Heat Island Risk,134.49999999999997,10,37.85278475216694
2022-10-23,31.4,67.0,0.0,Dadar,19.0178,72.8478,1,Urban Heat Island Risk,133.79999999999998,10,33.10561577487502
2022-10-24,30.6,71.0,0.0,Dadar,19.0178,72.8478,1,Urban Heat Island Risk,133.2,10,34.84540944726645
2022-10-25,30.0,77.0,0.0,Dadar,19.0178,72.8478,1,Urban Heat Island Risk,133.2,10,47.63424652530911
2022-10-26,30.5,74.0,0.0,Dadar,19.0178,72.8478,1,Urban Heat Island Risk,130.79999999999998,10,44.55130022187667
2022-10-27,30.6,72.0,0.0,Dadar,19.0178,72.8478,1,Urban Heat Island Risk,127.3,10,34.15607436424502
2022-10-28,31.1,68.0,0.0,Dadar,19.0178,72.8478,1,Urban Heat Island Risk,99.6,10,40.725405222237534
2022-10-29,31.8,61.0,0.0,Dadar,19.0178,72.8478,1,Urban Heat Island Risk,67.7,10,40.767396651219656
2022-10-30,31.8,59.0,0.0,Dadar,19.0178,72.8478,1,Urban Heat Island Risk,66.60000000000001,10,42.64612435948112
2022-10-31,31.8,61.0,0.0,Dadar,19.0178,72.8478,1,Urban Heat Island Risk,66.4,10,47.45939344876314
2022-11-01,31.5,58.0,0.0,Dadar,19.0178,72.8478,1,Urban Heat Island Risk,55.300000000000004,11,30.323370086117343
2022-11-02,31.5,64.0,0.0,Dadar,19.0178,72.8478,1,Urban Heat Island Risk,41.5,11,48.954435465309345
2022-11-03,33.2,57.0,0.0,Dadar,19.0178,72.8478,1,Urban Heat Island Risk,39.4,11,23.428968057456043
2022-11-04,33.4,56.0,0.0,Dadar,19.0178,72.8478,1,Urban Heat Island Risk,24.900000000000002,11,21.104339389764103
2022-11-05,33.3,55.0,0.0,Dadar,19.0178,72.8478,1,Urban Heat Island Risk,24.000000000000004,11,26.268695207722573
2022-11-06,33.0,59.0,0.0,Dadar,19.0178,72.8478,1,Urban Heat Island Risk,24.000000000000004,11,23.423026662868274
2022-11-07,31.8,65.0,0.0,Dadar,19.0178,72.8478,1,Urban Heat Island Risk,17.6,11,35.12855403656596
2022-11-08,32.2,63.0,0.0,Dadar,19.0178,72.8478,1,Urban Heat Island Risk,10.200000000000001,11,24.266280727980146
2022-11-09,31.7,61.0,0.0,Dadar,19.0178,72.8478,1,Urban Heat Island Risk,5.8,11,32.50623698968283
2022-11-10,32.4,61.0,0.0,Dadar,19.0178,72.8478,1,Urban Heat Island Risk,5.1,11,36.16124450514174
2022-11-11,33.0,55.0,0.0,Dadar,19.0178,72.8478,1,Urban Heat Island Risk,1.3,11,26.048026876177556
2022-11-12,33.0,57.0,0.0,Dadar,19.0178,72.8478,1,Urban Heat Island Risk,0.0,11,27.04131226703275
2022-11-13,32.8,57.0,0.0,Dadar,19.0178,72.8478,1,Urban Heat Island Risk,0.0,11,29.84295969025324
2022-11-14,32.5,66.0,0.0,Dadar,19.0178,72.8478,1,Urban Heat Island Risk,0.0,11,35.01997481325496
2022-11-15,31.5,69.0,0.0,Dadar,19.0178,72.8478,1,Urban Heat Island Risk,0.0,11,26.557209772386166
2022-11-16,32.2,63.0,0.0,Dadar,19.0178,72.8478,1,Urban Heat Island Risk,0.0,11,33.78928692585383
2022-11-17,32.3,57.0,0.0,Dadar,19.0178,72.8478,1,Urban Heat Island Risk,0.0,11,28.9593043037912
2022-11-18,31.7,48.0,0.0,Dadar,19.0178,72.8478,1,Urban Heat Island Risk,0.0,11,34.533189476559194
2022-11-19,31.4,47.0,0.0,Dadar,19.0178,72.8478,1,Urban Heat Island Risk,0.0,11,40.69975084881189
2022-11-20,30.2,49.0,0.0,Dadar,19.0178,72.8478,1,Urban Heat Island Risk,0.0,11,36.22906674294078
2022-11-21,29.8,51.0,0.0,Dadar,19.0178,72.8478,1,Urban Heat Island Risk,0.0,11,39.403444459451215
2022-11-22,30.8,56.0,0.0,Dadar,19.0178,72.8478,1,Urban Heat Island Risk,0.0,11,29.122850201430964
2022-11-23,31.4,54.0,0.0,Dadar,19.0178,72.8478,1,Urban Heat Island Risk,0.0,11,32.65420529118112
2022-11-24,31.3,59.0,0.0,Dadar,19.0178,72.8478,1,Urban Heat Island Risk,0.0,11,42.61882838856074
2022-11-25,31.9,63.0,0.0,Dadar,19.0178,72.8478,1,Urban Heat Island Risk,0.0,11,31.963730724299328
2022-11-26,32.1,67.0,0.0,Dadar,19.0178,72.8478,1,Urban Heat Island Risk,0.0,11,24.7327088550594
2022-11-27,30.6,69.0,0.0,Dadar,19.0178,72.8478,1,Urban Heat Island Risk,0.0,11,37.50493961045809
2022-11-28,30.2,68.0,0.0,Dadar,19.0178,72.8478,1,Urban Heat Island Risk,0.0,11,34.76069148254689
2022-11-29,29.8,71.0,0.0,Dadar,19.0178,72.8478,1,Urban Heat Island Risk,0.0,11,38.840736158010856
2022-11-30,32.1,66.0,0.0,Dadar,19.0178,72.8478,1,Urban Heat Island Risk,0.0,11,33.377427884651894
2022-12-01,32.5,61.0,0.0,Dadar,19.0178,72.8478,1,Urban Heat Island Risk,0.0,12,23.29730003513652
2022-12-02,32.0,61.0,0.0,Dadar,19.0178,72.8478,1,Urban Heat Island Risk,0.0,12,37.56317152601651
2022-12-03,31.0,62.0,0.0,Dadar,19.0178,72.8478,1,Urban Heat Island Risk,0.0,12,37.31106521251499
2022-12-04,32.3,65.0,0.0,Dadar,19.0178,72.8478,1,Urban Heat Island Risk,0.0,12,30.727973519722642
2022-12-05,31.7,69.0,0.0,Dadar,19.0178,72.8478,1,Urban Heat Island Risk,0.0,12,32.308135161960536
2022-12-06,32.2,69.0,0.0,Dadar,19.0178,72.8478,1,Urban Heat Island Risk,0.0,12,34.73090585938527
2022-12-07,32.0,68.0,0.0,Dadar,19.0178,72.8478,1,Urban Heat Island Risk,0.0,12,35.91579943888505
2022-12-08,31.2,64.0,0.0,Dadar,19.0178,72.8478,1,Urban Heat Island Risk,0.0,12,38.208605092894196
2022-12-09,30.3,51.0,0.0,Dadar,19.0178,72.8478,1,Urban Heat Island Risk,0.0,12,44.45727886287157
2022-12-10,31.4,57.0,0.0,Dadar,19.0178,72.8478,1,Urban Heat Island Risk,0.0,12,34.33955165039788
2022-12-11,30.9,57.0,0.0,Dadar,19.0178,72.8478,1,Urban Heat Island Risk,0.0,12,40.94434836787858
2022-12-12,31.9,63.0,0.0,Dadar,19.0178,72.8478,1,Urban Heat Island Risk,0.0,12,30.877277789297644
2022-12-13,32.4,67.0,0.0,Dadar,19.0178,72.8478,1,Urban Heat Island Risk,0.0,12,29.74449144414535
2022-12-14,32.1,66.0,0.2,Dadar,19.0178,72.8478,1,Urban Heat Island Risk,0.2,12,30.06011458650184
2022-12-15,31.6,71.0,0.0,Dadar,19.0178,72.8478,1,Urban Heat Island Risk,0.2,12,31.98057397007068
2022-12-16,33.3,69.0,0.0,Dadar,19.0178,72.8478,1,Urban Heat Island Risk,0.2,12,21.187774344724396
2022-12-17,33.5,68.0,0.0,Dadar,19.0178,72.8478,1,Urban Heat Island Risk,0.2,12,25.838450519294426
2022-12-18,33.3,63.0,0.0,Dadar,19.0178,72.8478,1,Urban Heat Island Risk,0.2,12,31.186362897400663
2022-12-19,31.3,59.0,0.0,Dadar,19.0178,72.8478,1,Urban Heat Island Risk,0.2,12,41.822176525014456
2022-12-20,30.4,57.0,0.0,Dadar,19.0178,72.8478,1,Urban Heat Island Risk,0.2,12,34.7838399869395
2022-12-21,31.0,62.0,0.0,Dadar,19.0178,72.8478,1,Urban Heat Island Risk,0.2,12,44.11268192370104
2022-12-22,31.0,67.0,0.0,Dadar,19.0178,72.8478,1,Urban Heat Island Risk,0.2,12,36.07587415857703
2022-12-23,29.5,62.0,0.0,Dadar,19.0178,72.8478,1,Urban Heat Island Risk,0.2,12,49.17033174239463
2022-12-24,28.8,52.0,0.0,Dadar,19.0178,72.8478,1,Urban Heat Island Risk,0.2,12,45.60225667309727
2022-12-25,27.5,66.0,0.0,Dadar,19.0178,72.8478,1,Urban Heat Island Risk,0.2,12,58.20989956937002
2022-12-26,28.0,73.0,0.0,Dadar,19.0178,72.8478,1,Urban Heat Island Risk,0.2,12,56.235282581151196
2022-12-27,29.6,69.0,0.0,Dadar,19.0178,72.8478,1,Urban Heat Island Risk,0.2,12,38.17697604040173
2022-12-28,30.2,69.0,0.0,Dadar,19.0178,72.8478,1,Urban Heat Island Risk,0.2,12,45.241335831720946
2022-12-29,30.6,68.0,0.0,Dadar,19.0178,72.8478,1,Urban Heat Island Risk,0.2,12,46.6630083725249
2022-12-30,30.5,66.0,0.0,Dadar,19.0178,72.8478,1,Urban Heat Island Risk,0.2,12,39.62676027159186
2022-12-31,29.4,65.0,0.0,Dadar,19.0178,72.8478,1,Urban Heat Island Risk,0.2,12,53.53417398747341
2023-01-01,27.3,67.0,0.0,Dadar,19.0178,72.8478,1,Urban Heat Island Risk,0.2,1,57.68486586607129
2023-01-02,29.1,70.0,0.0,Dadar,19.0178,72.8478,1,Urban Heat Island Risk,0.2,1,52.681255988566406
2023-01-03,29.1,69.0,0.0,Dadar,19.0178,72.8478,1,Urban Heat Island Risk,0.2,1,37.34048350357783
2023-01-04,28.6,71.0,0.0,Dadar,19.0178,72.8478,1,Urban Heat Island Risk,0.0,1,63.36055556323397
2023-01-05,29.8,71.0,0.0,Dadar,19.0178,72.8478,1,Urban Heat Island Risk,0.0,1,51.94395789288144
2023-01-06,31.6,65.0,0.0,Dadar,19.0178,72.8478,1,Urban Heat Island Risk,0.0,1,32.84353914539827
2023-01-07,32.0,63.0,0.0,Dadar,19.0178,72.8478,1,Urban Heat Island Risk,0.0,1,22.139554866780912
2023-01-08,31.4,60.0,0.0,Dadar,19.0178,72.8478,1,Urban Heat Island Risk,0.0,1,36.840141841527455
2023-01-09,30.7,52.0,0.0,Dadar,19.0178,72.8478,1,Urban Heat Island Risk,0.0,1,32.14703893129789
2023-01-10,31.1,51.0,0.0,Dadar,19.0178,72.8478,1,Urban Heat Island Risk,0.0,1,39.32426768778743
2023-01-11,29.4,60.0,0.0,Dadar,19.0178,72.8478,1,Urban Heat Island Risk,0.0,1,48.791161929154754
2023-01-12,28.1,72.0,0.0,Dadar,19.0178,72.8478,1,Urban Heat Island Risk,0.0,1,49.39298415498987
2023-01-13,26.5,76.0,0.0,Dadar,19.0178,72.8478,1,Urban Heat Island Risk,0.0,1,68.77150178473855
2023-01-14,26.0,65.0,0.0,Dadar,19.0178,72.8478,1,Urban Heat Island Risk,0.0,1,70.02787351403087
2023-01-15,25.8,69.0,0.0,Dadar,19.0178,72.8478,1,Urban Heat Island Risk,0.0,1,72.01245001977614
2023-01-16,25.7,76.0,0.0,Dadar,19.0178,72.8478,1,Urban Heat Island Risk,0.0,1,67.74428851834449
2023-01-17,27.0,75.0,0.0,Dadar,19.0178,72.8478,1,Urban Heat Island Risk,0.0,1,53.25571299876481
2023-01-18,29.2,72.0,0.0,Dadar,19.0178,72.8478,1,Urban Heat Island Risk,0.0,1,52.75602802772235
2023-01-19,28.0,72.0,0.0,Dadar,19.0178,72.8478,1,Urban Heat Island Risk,0.0,1,53.31480967098771
2023-01-20,27.5,73.0,0.0,Dadar,19.0178,72.8478,1,Urban Heat Island Risk,0.0,1,50.55109928403665
2023-01-21,27.2,70.0,0.0,Dadar,19.0178,72.8478,1,Urban Heat Island Risk,0.0,1,65.96019682987163
2023-01-22,26.9,61.0,0.0,Dadar,19.0178,72.8478,1,Urban Heat Island Risk,0.0,1,71.39703760251255
2023-01-23,25.7,56.0,0.0,Dadar,19.0178,72.8478,1,Urban Heat Island Risk,0.0,1,67.493759355104
2023-01-24,25.5,58.0,0.0,Dadar,19.0178,72.8478,1,Urban Heat Island Risk,0.0,1,79.6289391063498
2023-01-25,26.5,55.0,0.0,Dadar,19.0178,72.8478,1,Urban Heat Island Risk,0.0,1,63.623240309723414
2023-01-26,27.2,58.0,0.0,Dadar,19.0178,72.8478,1,Urban Heat Island Risk,0.0,1,57.297720479168255
2023-01-27,32.5,66.0,0.0,Dadar,19.0178,72.8478,1,Urban Heat Island Risk,0.0,1,26.014374395739278
2023-01-28,30.8,75.0,0.0,Dadar,19.0178,72.8478,1,Urban Heat Island Risk,0.0,1,46.985412039963705
2023-01-29,25.9,89.0,1.0,Dadar,19.0178,72.8478,1,Urban Heat Island Risk,1.0,1,62.665947259727815
2023-01-30,28.0,79.0,0.0,Dadar,19.0178,72.8478,1,Urban Heat Island Risk,1.0,1,58.3430132165416
2023-01-31,30.4,65.0,0.0,Dadar,19.0178,72.8478,1,Urban Heat Island Risk,1.0,1,38.27084749137064
2023-02-01,33.5,53.0,0.0,Dadar,19.0178,72.8478,1,Urban Heat Island Risk,1.0,2,21.198466187128183
2023-02-02,33.9,52.0,0.0,Dadar,19.0178,72.8478,1,Urban Heat Island Risk,1.0,2,26.384581803181177
2023-02-03,32.2,54.0,0.0,Dadar,19.0178,72.8478,1,Urban Heat Island Risk,1.0,2,28.966482435219884
2023-02-04,31.6,56.0,0.0,Dadar,19.0178,72.8478,1,Urban Heat Island Risk,1.0,2,32.24268976956519
2023-02-05,30.9,62.0,0.0,Dadar,19.0178,72.8478,1,Urban Heat Island Risk,1.0,2,43.897356819207374
2023-02-06,29.4,66.0,0.0,Dadar,19.0178,72.8478,1,Urban Heat Island Risk,1.0,2,54.720319799441455
2023-02-07,31.3,61.0,0.0,Dadar,19.0178,72.8478,1,Urban Heat Island Risk,1.0,2,39.190115683087825
2023-02-08,31.1,60.0,0.0,Dadar,19.0178,72.8478,1,Urban Heat Island Risk,1.0,2,33.82615112188025
2023-02-09,33.7,53.0,0.0,Dadar,19.0178,72.8478,1,Urban Heat Island Risk,1.0,2,19.813624170178752
2023-02-10,31.5,57.0,0.0,Dadar,19.0178,72.8478,1,Urban Heat Island Risk,1.0,2,35.23290965203351
2023-02-11,31.7,51.0,0.0,Dadar,19.0178,72.8478,1,Urban Heat Island Risk,1.0,2,35.30465030962829
2023-02-12,32.7,46.0,0.0,Dadar,19.0178,72.8478,1,Urban Heat Island Risk,1.0,2,23.09400378263446
2023-02-13,33.8,39.0,0.0,Dadar,19.0178,72.8478,1,Urban Heat Island Risk,1.0,2,25.415189697899333
2023-02-14,33.0,42.0,0.0,Dadar,19.0178,72.8478,1,Urban Heat Island Risk,1.0,2,26.76089998153133
2023-02-15,33.1,45.0,0.0,Dadar,19.0178,72.8478,1,Urban Heat Island Risk,1.0,2,17.188125073476012
2023-02-16,34.9,37.0,0.0,Dadar,19.0178,72.8478,1,Urban Heat Island Risk,1.0,2,10.922034254363023
2023-02-17,34.2,37.0,0.0,Dadar,19.0178,72.8478,1,Urban Heat Island Risk,1.0,2,17.012689965074998
2023-02-18,34.9,36.0,0.0,Dadar,19.0178,72.8478,1,Urban Heat Island Risk,1.0,2,15.2023782224614
2023-02-19,35.6,43.0,0.0,Dadar,19.0178,72.8478,1,Urban Heat Island Risk,0.0,2,21.046393977519973
2023-02-20,30.9,63.0,0.0,Dadar,19.0178,72.8478,1,Urban Heat Island Risk,0.0,2,39.42418986403148
2023-02-21,32.0,64.0,0.0,Dadar,19.0178,72.8478,1,Urban Heat Island Risk,0.0,2,27.796140550506877
2023-02-22,30.0,68.0,0.0,Dadar,19.0178,72.8478,1,Urban Heat Island Risk,0.0,2,44.43648735486914
2023-02-23,32.8,51.0,0.0,Dadar,19.0178,72.8478,1,Urban Heat Island Risk,0.0,2,25.70622792939728
2023-02-24,34.2,44.0,0.0,Dadar,19.0178,72.8478,1,Urban Heat Island Risk,0.0,2,21.157124531001028
2023-02-25,33.8,40.0,0.0,Dadar,19.0178,72.8478,1,Urban Heat Island Risk,0.0,2,24.702838435178087
2023-02-26,34.8,41.0,0.0,Dadar,19.0178,72.8478,1,Urban Heat Island Risk,0.0,2,22.17948656945304
2023-02-27,34.8,42.0,0.0,Dadar,19.0178,72.8478,1,Urban Heat Island Risk,0.0,2,16.01190085498322
2023-02-28,33.2,50.0,0.0,Dadar,19.0178,72.8478,1,Urban Heat Island Risk,0.0,2,33.39480263799915
2023-03-01,32.7,53.0,0.0,Dadar,19.0178,72.8478,1,Urban Heat Island Risk,0.0,3,19.54011331268096
2023-03-02,35.1,47.0,0.0,Dadar,19.0178,72.8478,1,Urban Heat Island Risk,0.0,3,11.462802275939062
2023-03-03,33.7,56.0,0.0,Dadar,19.0178,72.8478,1,Urban Heat Island Risk,0.0,3,26.049278328742318
2023-03-04,34.2,62.0,0.0,Dadar,19.0178,72.8478,1,Urban Heat Island Risk,0.0,3,16.634972566350488
2023-03-05,36.2,56.0,0.0,Dadar,19.0178,72.8478,1,Urban Heat Island Risk,0.0,3,10.824377480138825
2023-03-06,36.3,43.0,0.1,Dadar,19.0178,72.8478,1,Urban Heat Island Risk,0.1,3,23.26456525615211
2023-03-07,36.0,46.0,0.0,Dadar,19.0178,72.8478,1,Urban Heat Island Risk,0.1,3,25.388887925992222
2023-03-08,35.2,49.0,0.0,Dadar,19.0178,72.8478,1,Urban Heat Island Risk,0.1,3,14.834873681402197
2023-03-09,36.5,34.0,0.0,Dadar,19.0178,72.8478,1,Urban Heat Island Risk,0.1,3,12.481748698122018
2023-03-10,35.2,32.0,0.0,Dadar,19.0178,72.8478,1,Urban Heat Island Risk,0.1,3,14.13812521273169
2023-03-11,36.8,39.0,0.0,Dadar,19.0178,72.8478,1,Urban Heat Island Risk,0.1,3,18.573658637588498
2023-03-12,37.7,40.0,0.0,Dadar,19.0178,72.8478,1,Urban Heat Island Risk,0.1,3,21.38928327515257
2023-03-13,37.3,50.0,0.0,Dadar,19.0178,72.8478,1,Urban Heat Island Risk,0.1,3,17.852436654317867
2023-03-14,36.5,63.0,0.0,Dadar,19.0178,72.8478,1,Urban Heat Island Risk,0.1,3,15.508616042358849
2023-03-15,34.7,60.0,0.0,Dadar,19.0178,72.8478,1,Urban Heat Island Risk,0.1,3,22.490058851522136
2023-03-16,32.3,67.0,13.3,Dadar,19.0178,72.8478,1,Urban Heat Island Risk,13.4,3,13.435817634742389
2023-03-17,30.6,76.0,0.7,Dadar,19.0178,72.8478,1,Urban Heat Island Risk,14.1,3,20.154596691834534
2023-03-18,30.8,79.0,0.0,Dadar,19.0178,72.8478,1,Urban Heat Island Risk,14.1,3,13.559686008243606
2023-03-19,29.8,74.0,0.0,Dadar,19.0178,72.8478,1,Urban Heat Island Risk,14.1,3,17.155114790054466
2023-03-20,29.5,67.0,0.0,Dadar,19.0178,72.8478,1,Urban Heat Island Risk,14.1,3,14.432187176047742
2023-03-21,29.0,72.0,0.7,Dadar,19.0178,72.8478,1,Urban Heat Island Risk,14.8,3,14.720739086735946
2023-03-22,30.0,72.0,0.0,Dadar,19.0178,72.8478,1,Urban Heat Island Risk,14.8,3,13.11306741268895
2023-03-23,30.1,73.0,0.4,Dadar,19.0178,72.8478,1,Urban Heat Island Risk,15.200000000000001,3,21.724270155903472
2023-03-24,30.2,75.0,0.0,Dadar,19.0178,72.8478,1,Urban Heat Island Risk,15.200000000000001,3,11.335369809457324
2023-03-25,29.7,69.0,0.0,Dadar,19.0178,72.8478,1,Urban Heat Island Risk,15.200000000000001,3,11.298838737256458
2023-03-26,29.5,69.0,0.0,Dadar,19.0178,72.8478,1,Urban Heat Island Risk,15.200000000000001,3,25.604967829225547
2023-03-27,29.8,76.0,0.0,Dadar,19.0178,72.8478,1,Urban Heat Island Risk,15.100000000000001,3,19.889237823271657
2023-03-28,29.9,78.0,0.0,Dadar,19.0178,72.8478,1,Urban Heat Island Risk,15.100000000000001,3,5.0
2023-03-29,29.9,79.0,0.0,Dadar,19.0178,72.8478,1,Urban Heat Island Risk,15.100000000000001,3,12.173706303947982
2023-03-30,29.5,75.0,0.2,Dadar,19.0178,72.8478,1,Urban Heat Island Risk,15.3,3,5.940053312189729
2023-03-31,29.4,75.0,0.4,Dadar,19.0178,72.8478,1,Urban Heat Island Risk,15.700000000000001,3,10.246546532923723
2023-04-01,30.0,75.0,0.0,Dadar,19.0178,72.8478,1,Urban Heat Island Risk,15.700000000000001,4,5.0
2023-04-02,30.0,77.0,0.0,Dadar,19.0178,72.8478,1,Urban Heat Island Risk,15.700000000000001,4,14.315052111530289
2023-04-03,30.1,77.0,0.0,Dadar,19.0178,72.8478,1,Urban Heat Island Risk,15.700000000000001,4,9.290290904193443
2023-04-04,30.8,80.0,0.0,Dadar,19.0178,72.8478,1,Urban Heat Island Risk,15.700000000000001,4,15.299526283982193
2023-04-05,31.0,82.0,0.0,Dadar,19.0178,72.8478,1,Urban Heat Island Risk,15.700000000000001,4,6.8743937055873765
2023-04-06,33.0,72.0,0.0,Dadar,19.0178,72.8478,1,Urban Heat Island Risk,2.4,4,15.4145592658602
2023-04-07,34.1,55.0,0.0,Dadar,19.0178,72.8478,1,Urban Heat Island Risk,1.7,4,12.925418609398363
2023-04-08,35.0,56.0,0.0,Dadar,19.0178,72.8478,1,Urban Heat Island Risk,1.7,4,22.50976482594298
2023-04-09,35.8,58.0,0.0,Dadar,19.0178,72.8478,1,Urban Heat Island Risk,1.7,4,22.056784308728126
2023-04-10,35.9,61.0,0.0,Dadar,19.0178,72.8478,1,Urban Heat Island Risk,1.7,4,18.926728015051417
2023-04-11,34.9,62.0,0.0,Dadar,19.0178,72.8478,1,Urban Heat Island Risk,1.0,4,13.366931096693937
2023-04-12,35.7,55.0,0.0,Dadar,19.0178,72.8478,1,Urban Heat Island Risk,1.0,4,24.926901976301465
2023-04-13,35.2,51.0,0.0,Dadar,19.0178,72.8478,1,Urban Heat Island Risk,0.6000000000000001,4,7.2348236108008965
2023-04-14,35.2,60.0,0.0,Dadar,19.0178,72.8478,1,Urban Heat Island Risk,0.6000000000000001,4,7.982206852181687
2023-04-15,35.2,63.0,0.0,Dadar,19.0178,72.8478,1,Urban Heat Island Risk,0.6000000000000001,4,14.581084500554677
2023-04-16,34.0,72.0,0.0,Dadar,19.0178,72.8478,1,Urban Heat Island Risk,0.6000000000000001,4,26.270190544605597
2023-04-17,34.0,72.0,0.0,Dadar,19.0178,72.8478,1,Urban Heat Island Risk,0.6000000000000001,4,13.988305465649562
2023-04-18,37.2,51.0,0.0,Dadar,19.0178,72.8478,1,Urban Heat Island Risk,0.6000000000000001,4,14.08377378395359
2023-04-19,36.5,47.0,0.0,Dadar,19.0178,72.8478,1,Urban Heat Island Risk,0.6000000000000001,4,7.790448219440954
2023-04-20,34.9,62.0,0.0,Dadar,19.0178,72.8478,1,Urban Heat Island Risk,0.4,4,19.72964792635189
2023-04-21,32.3,73.0,0.0,Dadar,19.0178,72.8478,1,Urban Heat Island Risk,0.0,4,19.76588127164677
2023-04-22,31.6,79.0,0.0,Dadar,19.0178,72.8478,1,Urban Heat Island Risk,0.0,4,18.94537600699955
2023-04-23,31.5,76.0,0.0,Dadar,19.0178,72.8478,1,Urban Heat Island Risk,0.0,4,11.853896635763189
2023-04-24,32.3,79.0,0.0,Dadar,19.0178,72.8478,1,Urban Heat Island Risk,0.0,4,11.46646615813497
2023-04-25,32.7,79.0,0.0,Dadar,19.0178,72.8478,1,Urban Heat Island Risk,0.0,4,8.534388747975148
2023-04-26,31.4,75.0,0.0,Dadar,19.0178,72.8478,1,Urban Heat Island Risk,0.0,4,15.419362508804667
2023-04-27,31.9,73.0,0.0,Dadar,19.0178,72.8478,1,Urban Heat Island Risk,0.0,4,9.597963353607492
2023-04-28,31.9,74.0,0.0,Dadar,19.0178,72.8478,1,Urban Heat Island Risk,0.0,4,9.112917473753557
2023-04-29,31.6,71.0,0.4,Dadar,19.0178,72.8478,1,Urban Heat Island Risk,0.4,4,12.881546415446621
2023-04-30,31.5,72.0,0.5,Dadar,19.0178,72.8478,1,Urban Heat Island Risk,0.9,4,12.55421912407892
2023-05-01,31.6,69.0,2.1,Dadar,19.0178,72.8478,1,Urban Heat Island Risk,3.0,5,12.310107355890224
2023-05-02,31.5,68.0,0.7,Dadar,19.0178,72.8478,1,Urban Heat Island Risk,3.7,5,17.332222984201305
2023-05-03,31.8,68.0,0.0,Dadar,19.0178,72.8478,1,Urban Heat Island Risk,3.7,5,15.395239010751396
2023-05-04,31.6,74.0,0.5,Dadar,19.0178,72.8478,1,Urban Heat Island Risk,4.2,5,13.559219847444412
2023-05-05,32.3,75.0,0.4,Dadar,19.0178,72.8478,1,Urban Heat Island Risk,4.6,5,15.91506464155741
2023-05-06,31.9,77.0,0.1,Dadar,19.0178,72.8478,1,Urban Heat Island Risk,4.7,5,10.042364794476839
2023-05-07,30.0,80.0,8.2,Dadar,19.0178,72.8478,1,Urban Heat Island Risk,12.899999999999999,5,15.52639311954839
2023-05-08,32.2,74.0,0.5,Dadar,19.0178,72.8478,1,Urban Heat Island Risk,13.399999999999999,5,15.753012464223168
2023-05-09,33.0,75.0,0.0,Dadar,19.0178,72.8478,1,Urban Heat Island Risk,13.399999999999999,5,7.484765703212597
2023-05-10,34.0,79.0,0.0,Dadar,19.0178,72.8478,1,Urban Heat Island Risk,13.399999999999999,5,19.97846877185181
2023-05-11,34.5,79.0,0.0,Dadar,19.0178,72.8478,1,Urban Heat Island Risk,13.399999999999999,5,10.592831473865022
2023-05-12,34.0,80.0,0.0,Dadar,19.0178,72.8478,1,Urban Heat Island Risk,13.399999999999999,5,15.451548996032175
2023-05-13,33.3,77.0,0.0,Dadar,19.0178,72.8478,1,Urban Heat Island Risk,13.399999999999999,5,20.82205870267635
2023-05-14,33.2,76.0,0.0,Dadar,19.0178,72.8478,1,Urban Heat Island Risk,13.399999999999999,5,19.628383788569348
2023-05-15,33.2,74.0,0.5,Dadar,19.0178,72.8478,1,Urban Heat Island Risk,13.899999999999999,5,15.171666942844178
2023-05-16,33.6,71.0,0.3,Dadar,19.0178,72.8478,1,Urban Heat Island Risk,14.2,5,13.187504985589657
2023-05-17,33.4,72.0,0.0,Dadar,19.0178,72.8478,1,Urban Heat Island Risk,14.2,5,19.737559542877836
2023-05-18,33.2,76.0,0.1,Dadar,19.0178,72.8478,1,Urban Heat Island Risk,14.299999999999999,5,18.3734748890431
2023-05-19,33.5,78.0,0.2,Dadar,19.0178,72.8478,1,Urban Heat Island Risk,14.499999999999998,5,11.90817489977935
2023-05-20,32.6,75.0,0.0,Dadar,19.0178,72.8478,1,Urban Heat Island Risk,14.099999999999998,5,11.025531764991548
2023-05-21,32.9,72.0,0.0,Dadar,19.0178,72.8478,1,Urban Heat Island Risk,13.599999999999998,5,5.0
2023-05-22,33.0,75.0,0.0,Dadar,19.0178,72.8478,1,Urban Heat Island Risk,11.499999999999998,5,15.770159208417937
2023-05-23,33.5,77.0,0.0,Dadar,19.0178,72.8478,1,Urban Heat Island Risk,10.799999999999999,5,14.586511274908007
2023-05-24,33.3,74.0,0.0,Dadar,19.0178,72.8478,1,Urban Heat Island Risk,10.799999999999999,5,20.68095687321271
2023-05-25,33.2,65.0,0.0,Dadar,19.0178,72.8478,1,Urban Heat Island Risk,10.299999999999999,5,16.795275467401833
2023-05-26,32.7,65.0,2.0,Dadar,19.0178,72.8478,1,Urban Heat Island Risk,11.899999999999999,5,21.671145970863453
2023-05-27,33.7,62.0,0.0,Dadar,19.0178,72.8478,1,Urban Heat Island Risk,11.799999999999999,5,11.513178860419146
2023-05-28,33.8,66.0,0.0,Dadar,19.0178,72.8478,1,Urban Heat Island Risk,3.6,5,20.690751654838092
2023-05-29,33.6,75.0,0.0,Dadar,19.0178,72.8478,1,Urban Heat Island Risk,3.1,5,12.355418104476724
2023-05-30,33.8,79.0,0.0,Dadar,19.0178,72.8478,1,Urban Heat Island Risk,3.1,5,18.88798030896136
2023-05-31,34.5,78.0,0.0,Dadar,19.0178,72.8478,1,Urban Heat Island Risk,3.1,5,7.706208037346532
2023-06-01,33.5,80.0,0.0,Dadar,19.0178,72.8478,1,Urban Heat Island Risk,3.1,6,16.175676496830942
2023-06-02,33.4,72.0,0.0,Dadar,19.0178,72.8478,1,Urban Heat Island Risk,3.1,6,5.07656029277045
2023-06-03,34.5,67.0,0.1,Dadar,19.0178,72.8478,1,Urban Heat Island Risk,3.2,6,13.664312570291226
2023-06-04,33.6,70.0,0.8,Dadar,19.0178,72.8478,1,Urban Heat Island Risk,4.0,6,17.201769969389566
2023-06-05,33.2,71.0,0.4,Dadar,19.0178,72.8478,1,Urban Heat Island Risk,3.9000000000000004,6,12.39515724384452
2023-06-06,33.8,69.0,0.1,Dadar,19.0178,72.8478,1,Urban Heat Island Risk,3.7,6,9.747811856220164
2023-06-07,33.5,69.0,0.0,Dadar,19.0178,72.8478,1,Urban Heat Island Risk,3.7,6,19.230592346479668
2023-06-08,34.0,68.0,0.8,Dadar,19.0178,72.8478,1,Urban Heat Island Risk,4.4,6,14.482686050765382
2023-06-09,33.0,76.0,4.0,Dadar,19.0178,72.8478,1,Urban Heat Island Risk,8.2,6,12.552146764846642
2023-06-10,33.2,74.0,3.6,Dadar,19.0178,72.8478,1,Urban Heat Island Risk,11.8,6,15.209479605771383
2023-06-11,32.7,73.0,3.8,Dadar,19.0178,72.8478,1,Urban Heat Island Risk,15.6,6,28.183345709727945
2023-06-12,32.2,78.0,5.3,Dadar,19.0178,72.8478,1,Urban Heat Island Risk,20.9,6,20.76751424890772
2023-06-13,31.0,80.0,5.6,Dadar,19.0178,72.8478,1,Urban Heat Island Risk,26.5,6,20.8128683409392
2023-06-14,30.2,79.0,2.8,Dadar,19.0178,72.8478,1,Urban Heat Island Risk,29.3,6,17.17773159496182
2023-06-15,31.9,74.0,2.8,Dadar,19.0178,72.8478,1,Urban Heat Island Risk,32.1,6,15.832426362885736
2023-06-16,31.3,75.0,4.6,Dadar,19.0178,72.8478,1,Urban Heat Island Risk,34.7,6,5.0
2023-06-17,31.4,79.0,6.6,Dadar,19.0178,72.8478,1,Urban Heat Island Risk,41.3,6,11.60509826768434
2023-06-18,31.1,79.0,4.6,Dadar,19.0178,72.8478,1,Urban Heat Island Risk,45.9,6,12.597127933987627
2023-06-19,31.4,77.0,2.4,Dadar,19.0178,72.8478,1,Urban Heat Island Risk,48.3,6,5.625539679762335
2023-06-20,31.5,78.0,1.1,Dadar,19.0178,72.8478,1,Urban Heat Island Risk,49.4,6,9.212921048922832
2023-06-21,31.5,79.0,2.9,Dadar,19.0178,72.8478,1,Urban Heat Island Risk,52.3,6,5.0958176453868305
2023-06-22,31.5,76.0,1.9,Dadar,19.0178,72.8478,1,Urban Heat Island Risk,54.199999999999996,6,14.808380821513138
2023-06-23,30.8,81.0,2.9,Dadar,19.0178,72.8478,1,Urban Heat Island Risk,57.1,6,19.09382985424408
2023-06-24,29.2,86.0,20.7,Dadar,19.0178,72.8478,1,Urban Heat Island Risk,77.69999999999999,6,20.533872593121643
2023-06-25,27.5,88.0,32.9,Dadar,19.0178,72.8478,1,Urban Heat Island Risk,109.8,6,17.073922310396206
2023-06-26,26.7,91.0,23.2,Dadar,19.0178,72.8478,1,Urban Heat Island Risk,132.6,6,10.183018294007155
2023-06-27,27.0,91.0,23.2,Dadar,19.0178,72.8478,1,Urban Heat Island Risk,155.7,6,5.339674207400202
2023-06-28,27.8,90.0,45.7,Dadar,19.0178,72.8478,1,Urban Heat Island Risk,201.4,6,6.215656502992491
2023-06-29,26.8,91.0,50.0,Dadar,19.0178,72.8478,1,Urban Heat Island Risk,250.6,6,8.655087113727507
2023-06-30,26.8,91.0,55.8,Dadar,19.0178,72.8478,1,Urban Heat Island Risk,302.4,6,10.555701509821628
2023-07-01,28.2,90.0,40.5,Dadar,19.0178,72.8478,1,Urban Heat Island Risk,339.3,7,14.201257510042067
2023-07-02,28.4,89.0,34.7,Dadar,19.0178,72.8478,1,Urban Heat Island Risk,370.2,7,9.92917890936516
2023-07-03,28.9,88.0,8.6,Dadar,19.0178,72.8478,1,Urban Heat Island Risk,373.5,7,16.694879468341306
2023-07-04,29.2,89.0,48.3,Dadar,19.0178,72.8478,1,Urban Heat Island Risk,416.2,7,13.838632486002636
2023-07-05,28.3,90.0,35.9,Dadar,19.0178,72.8478,1,Urban Heat Island Risk,449.3,7,15.052728558705128
2023-07-06,27.0,93.0,97.5,Dadar,19.0178,72.8478,1,Urban Heat Island Risk,544.0,7,20.701252763356024
2023-07-07,27.8,90.0,50.7,Dadar,19.0178,72.8478,1,Urban Heat Island Risk,590.1,7,9.09884132899815
2023-07-08,29.7,84.0,13.0,Dadar,19.0178,72.8478,1,Urban Heat Island Risk,596.5,7,17.09352289146184
2023-07-09,29.2,82.0,10.8,Dadar,19.0178,72.8478,1,Urban Heat Island Risk,602.7,7,14.930133857619634
2023-07-10,28.7,82.0,3.5,Dadar,19.0178,72.8478,1,Urban Heat Island Risk,603.8,7,13.332568595151525
2023-07-11,29.5,82.0,4.3,Dadar,19.0178,72.8478,1,Urban Heat Island Risk,607.0,7,19.4262816043298
2023-07-12,27.0,90.0,12.2,Dadar,19.0178,72.8478,1,Urban Heat Island Risk,616.3,7,19.395070772785036
2023-07-13,27.3,90.0,10.9,Dadar,19.0178,72.8478,1,Urban Heat Island Risk,625.3,7,10.26754602005786
2023-07-14,27.4,90.0,32.7,Dadar,19.0178,72.8478,1,Urban Heat Island Risk,655.1,7,14.08919708071038
2023-07-15,27.4,89.0,16.7,Dadar,19.0178,72.8478,1,Urban Heat Island Risk,651.0999999999999,7,16.406058412920327
2023-07-16,27.9,91.0,30.5,Dadar,19.0178,72.8478,1,Urban Heat Island Risk,648.6999999999999,7,13.634966259887078
2023-07-17,27.4,91.0,63.8,Dadar,19.0178,72.8478,1,Urban Heat Island Risk,689.3000000000001,7,17.925106661438992
2023-07-18,26.4,91.0,67.7,Dadar,19.0178,72.8478,1,Urban Heat Island Risk,733.8,7,16.405960089551378
2023-07-19,27.2,91.0,44.8,Dadar,19.0178,72.8478,1,Urban Heat Island Risk,732.9,7,24.162806201780064
2023-07-20,27.9,88.0,36.4,Dadar,19.0178,72.8478,1,Urban Heat Island Risk,719.3,7,7.348604320351062
2023-07-21,27.5,89.0,40.9,Dadar,19.0178,72.8478,1,Urban Heat Island Risk,704.4,7,14.387820051263013
2023-07-22,26.4,91.0,42.7,Dadar,19.0178,72.8478,1,Urban Heat Island Risk,706.6,7,10.457487442439046
2023-07-23,27.7,90.0,34.8,Dadar,19.0178,72.8478,1,Urban Heat Island Risk,706.6999999999999,7,18.02053727719522
2023-07-24,28.1,89.0,58.2,Dadar,19.0178,72.8478,1,Urban Heat Island Risk,756.3000000000001,7,6.914140549772277
2023-07-25,27.1,90.0,44.1,Dadar,19.0178,72.8478,1,Urban Heat Island Risk,752.1,7,16.731563551124434
2023-07-26,27.0,91.0,93.9,Dadar,19.0178,72.8478,1,Urban Heat Island Risk,810.1,7,11.849757843258296
2023-07-27,27.1,90.0,90.9,Dadar,19.0178,72.8478,1,Urban Heat Island Risk,803.5,7,11.32919066939493
2023-07-28,27.0,91.0,49.8,Dadar,19.0178,72.8478,1,Urban Heat Island Risk,802.6,7,7.7675089822965635
2023-07-29,28.8,84.0,12.3,Dadar,19.0178,72.8478,1,Urban Heat Island Risk,801.9,7,12.67462026899497
2023-07-30,28.8,83.0,9.3,Dadar,19.0178,72.8478,1,Urban Heat Island Risk,800.4,7,20.42250265145463
2023-07-31,28.5,85.0,9.9,Dadar,19.0178,72.8478,1,Urban Heat Island Risk,806.8000000000001,7,14.874056582352603
2023-08-01,28.9,84.0,6.1,Dadar,19.0178,72.8478,1,Urban Heat Island Risk,808.6,8,18.138402089372374
2023-08-02,28.6,84.0,15.1,Dadar,19.0178,72.8478,1,Urban Heat Island Risk,811.5,8,23.323209109831375
2023-08-03,28.8,84.0,6.3,Dadar,19.0178,72.8478,1,Urban Heat Island Risk,806.9000000000001,8,16.31877792411288
2023-08-04,28.4,85.0,2.5,Dadar,19.0178,72.8478,1,Urban Heat Island Risk,776.7,8,12.206002139688296
2023-08-05,29.3,83.0,3.8,Dadar,19.0178,72.8478,1,Urban Heat Island Risk,763.8000000000001,8,17.33626107591395
2023-08-06,28.8,83.0,2.8,Dadar,19.0178,72.8478,1,Urban Heat Island Risk,736.1,8,12.278519268428541
2023-08-07,29.0,83.0,2.2,Dadar,19.0178,72.8478,1,Urban Heat Island Risk,674.5,8,12.477886583514152
2023-08-08,29.0,83.0,2.3,Dadar,19.0178,72.8478,1,Urban Heat Island Risk,609.0999999999999,8,7.400536001905076
2023-08-09,29.0,83.0,3.0,Dadar,19.0178,72.8478,1,Urban Heat Island Risk,567.3,8,19.631287455421962
2023-08-10,28.4,85.0,7.3,Dadar,19.0178,72.8478,1,Urban Heat Island Risk,538.2,8,13.069987121752803
2023-08-11,29.0,82.0,3.7,Dadar,19.0178,72.8478,1,Urban Heat Island Risk,501.00000000000006,8,15.91049122907931
2023-08-12,27.2,86.0,5.4,Dadar,19.0178,72.8478,1,Urban Heat Island Risk,463.7,8,9.820190356966803
2023-08-13,29.2,82.0,5.0,Dadar,19.0178,72.8478,1,Urban Heat Island Risk,433.9,8,17.17973814857736
2023-08-14,29.4,80.0,2.6,Dadar,19.0178,72.8478,1,Urban Heat Island Risk,378.3,8,11.190293809324581
2023-08-15,28.2,83.0,3.5,Dadar,19.0178,72.8478,1,Urban Heat Island Risk,337.70000000000005,8,14.291456391490879
2023-08-16,29.0,84.0,4.5,Dadar,19.0178,72.8478,1,Urban Heat Island Risk,248.3,8,19.38913015619563
2023-08-17,29.3,83.0,3.5,Dadar,19.0178,72.8478,1,Urban Heat Island Risk,160.9,8,18.953796561162648
2023-08-18,28.9,81.0,2.0,Dadar,19.0178,72.8478,1,Urban Heat Island Risk,113.1,8,14.889849637415297
2023-08-19,28.7,84.0,4.1,Dadar,19.0178,72.8478,1,Urban Heat Island Risk,104.9,8,6.159344836466408
2023-08-20,27.9,88.0,10.5,Dadar,19.0178,72.8478,1,Urban Heat Island Risk,106.1,8,29.964052850303204
2023-08-21,28.7,86.0,3.8,Dadar,19.0178,72.8478,1,Urban Heat Island Risk,100.0,8,23.72929485136568
2023-08-22,28.7,86.0,6.1,Dadar,19.0178,72.8478,1,Urban Heat Island Risk,100.0,8,18.613374124441492
2023-08-23,29.4,82.0,3.8,Dadar,19.0178,72.8478,1,Urban Heat Island Risk,88.7,8,11.233981092045147
2023-08-24,28.8,85.0,6.5,Dadar,19.0178,72.8478,1,Urban Heat Island Risk,88.9,8,14.432039191490176
2023-08-25,28.5,86.0,6.2,Dadar,19.0178,72.8478,1,Urban Heat Island Risk,92.6,8,12.282897851117415
2023-08-26,27.9,88.0,14.3,Dadar,19.0178,72.8478,1,Urban Heat Island Risk,103.10000000000001,8,21.319279695481942
2023-08-27,27.8,89.0,15.1,Dadar,19.0178,72.8478,1,Urban Heat Island Risk,115.4,8,16.31251445425917
2023-08-28,27.5,88.0,4.1,Dadar,19.0178,72.8478,1,Urban Heat Island Risk,117.30000000000001,8,11.079180708200836
2023-08-29,28.6,86.0,3.6,Dadar,19.0178,72.8478,1,Urban Heat Island Risk,118.60000000000001,8,12.64622450437609
2023-08-30,29.3,86.0,0.7,Dadar,19.0178,72.8478,1,Urban Heat Island Risk,116.30000000000001,8,20.605940712849524
2023-08-31,30.0,85.0,0.7,Dadar,19.0178,72.8478,1,Urban Heat Island Risk,109.69999999999999,8,23.00048923410239
2023-09-01,30.5,86.0,1.2,Dadar,19.0178,72.8478,1,Urban Heat Island Risk,107.2,9,22.641657817431227
2023-09-02,28.7,89.0,2.6,Dadar,19.0178,72.8478,1,Urban Heat Island Risk,104.4,9,18.78516032526989
2023-09-03,29.1,86.0,10.0,Dadar,19.0178,72.8478,1,Urban Heat Island Risk,109.4,9,13.736875655986816
2023-09-04,29.5,84.0,2.2,Dadar,19.0178,72.8478,1,Urban Heat Island Risk,109.00000000000001,9,5.0
2023-09-05,29.1,83.0,2.4,Dadar,19.0178,72.8478,1,Urban Heat Island Risk,107.9,9,16.48580011904111
2023-09-06,29.9,81.0,1.0,Dadar,19.0178,72.8478,1,Urban Heat Island Risk,104.4,9,14.990856205779497
2023-09-07,28.3,84.0,10.2,Dadar,19.0178,72.8478,1,Urban Heat Island Risk,111.10000000000001,9,15.699910481606768
2023-09-08,28.1,89.0,50.6,Dadar,19.0178,72.8478,1,Urban Heat Island Risk,159.7,9,15.269486735166032
2023-09-09,29.0,88.0,15.9,Dadar,19.0178,72.8478,1,Urban Heat Island Risk,171.5,9,8.368689190254216
2023-09-10,29.0,88.0,5.5,Dadar,19.0178,72.8478,1,Urban Heat Island Risk,166.5,9,17.787042784255927
2023-09-11,28.8,88.0,4.7,Dadar,19.0178,72.8478,1,Urban Heat Island Risk,167.39999999999998,9,18.16108157015925
2023-09-12,29.1,85.0,4.7,Dadar,19.0178,72.8478,1,Urban Heat Island Risk,166.0,9,18.411693910298297
2023-09-13,28.4,87.0,3.6,Dadar,19.0178,72.8478,1,Urban Heat Island Risk,165.8,9,19.732885017866934
2023-09-14,28.8,86.0,2.2,Dadar,19.0178,72.8478,1,Urban Heat Island Risk,161.5,9,18.020258224608117
2023-09-15,29.3,82.0,2.1,Dadar,19.0178,72.8478,1,Urban Heat Island Risk,157.4,9,12.949852942305446
2023-09-16,28.5,84.0,7.3,Dadar,19.0178,72.8478,1,Urban Heat Island Risk,150.4,9,14.645815760419548
2023-09-17,29.2,82.0,8.2,Dadar,19.0178,72.8478,1,Urban Heat Island Risk,143.5,9,15.455624336266885
2023-09-18,27.2,90.0,30.9,Dadar,19.0178,72.8478,1,Urban Heat Island Risk,170.29999999999998,9,15.538497245533092
2023-09-19,28.4,88.0,12.3,Dadar,19.0178,72.8478,1,Urban Heat Island Risk,179.0,9,19.991088279858648
2023-09-20,28.1,89.0,11.1,Dadar,19.0178,72.8478,1,Urban Heat Island Risk,189.4,9,18.218343765112454
2023-09-21,28.1,90.0,20.7,Dadar,19.0178,72.8478,1,Urban Heat Island Risk,209.39999999999998,9,25.386717197849766
2023-09-22,28.1,91.0,14.9,Dadar,19.0178,72.8478,1,Urban Heat Island Risk,223.1,9,26.03234489942336
2023-09-23,28.5,91.0,35.3,Dadar,19.0178,72.8478,1,Urban Heat Island Risk,255.8,9,15.398247913069625
2023-09-24,28.1,90.0,15.3,Dadar,19.0178,72.8478,1,Urban Heat Island Risk,261.1,9,5.0
2023-09-25,28.4,89.0,17.7,Dadar,19.0178,72.8478,1,Urban Heat Island Risk,276.6,9,21.184162330636333
2023-09-26,29.0,89.0,4.4,Dadar,19.0178,72.8478,1,Urban Heat Island Risk,278.59999999999997,9,12.298118305064728
2023-09-27,29.1,91.0,21.0,Dadar,19.0178,72.8478,1,Urban Heat Island Risk,298.59999999999997,9,10.992580390844966
2023-09-28,30.0,91.0,22.6,Dadar,19.0178,72.8478,1,Urban Heat Island Risk,311.0,9,13.007773625053165
2023-09-29,30.5,91.0,25.9,Dadar,19.0178,72.8478,1,Urban Heat Island Risk,286.29999999999995,9,12.766784765926968
2023-09-30,32.5,88.0,13.2,Dadar,19.0178,72.8478,1,Urban Heat Island Risk,283.59999999999997,9,18.061349050526964
2023-10-01,30.9,89.0,0.8,Dadar,19.0178,72.8478,1,Urban Heat Island Risk,278.9,10,30.436154437702214
2023-10-02,29.1,87.0,3.2,Dadar,19.0178,72.8478,1,Urban Heat Island Risk,277.4,10,43.04472960437531
2023-10-03,29.6,83.0,0.1,Dadar,19.0178,72.8478,1,Urban Heat Island Risk,272.8,10,47.31579277098708
2023-10-04,29.9,85.0,2.9,Dadar,19.0178,72.8478,1,Urban Heat Island Risk,272.09999999999997,10,47.014720152066545
2023-10-05,30.5,86.0,0.1,Dadar,19.0178,72.8478,1,Urban Heat Island Risk,270.0,10,43.70770822468006
2023-10-06,29.9,85.0,0.7,Dadar,19.0178,72.8478,1,Urban Heat Island Risk,268.59999999999997,10,39.96481860533351
2023-10-07,30.4,86.0,0.2,Dadar,19.0178,72.8478,1,Urban Heat Island Risk,261.49999999999994,10,36.17533842033548
2023-10-08,31.5,84.0,0.3,Dadar,19.0178,72.8478,1,Urban Heat Island Risk,253.59999999999997,10,32.30015916439373
2023-10-09,32.3,80.0,0.0,Dadar,19.0178,72.8478,1,Urban Heat Island Risk,222.7,10,31.49936376142364
2023-10-10,31.9,76.0,0.0,Dadar,19.0178,72.8478,1,Urban Heat Island Risk,210.39999999999998,10,39.99405351302943
2023-10-11,31.2,81.0,0.0,Dadar,19.0178,72.8478,1,Urban Heat Island Risk,199.29999999999998,10,26.296147404479587
2023-10-12,31.5,84.0,0.0,Dadar,19.0178,72.8478,1,Urban Heat Island Risk,178.59999999999997,10,33.729689548541494
2023-10-13,33.1,84.0,0.0,Dadar,19.0178,72.8478,1,Urban Heat Island Risk,163.7,10,19.10327446154064
2023-10-14,32.6,85.0,0.0,Dadar,19.0178,72.8478,1,Urban Heat Island Risk,128.39999999999998,10,20.338786613232546
2023-10-15,33.4,85.0,0.7,Dadar,19.0178,72.8478,1,Urban Heat Island Risk,113.8,10,28.901449893390755
2023-10-16,33.0,71.0,0.0,Dadar,19.0178,72.8478,1,Urban Heat Island Risk,96.1,10,29.056456205830028
2023-10-17,32.2,75.0,1.0,Dadar,19.0178,72.8478,1,Urban Heat Island Risk,92.7,10,33.113834246402966
2023-10-18,33.8,73.0,0.0,Dadar,19.0178,72.8478,1,Urban Heat Island Risk,71.7,10,26.405129198654983
2023-10-19,33.8,63.0,0.0,Dadar,19.0178,72.8478,1,Urban Heat Island Risk,49.099999999999994,10,19.401405516169334
2023-10-20,34.3,67.0,0.0,Dadar,19.0178,72.8478,1,Urban Heat Island Risk,23.2,10,16.80347908499904
2023-10-21,34.9,67.0,0.1,Dadar,19.0178,72.8478,1,Urban Heat Island Risk,10.1,10,26.49531975027955
2023-10-22,33.7,71.0,0.0,Dadar,19.0178,72.8478,1,Urban Heat Island Risk,9.299999999999999,10,21.133811395368777
2023-10-23,34.8,67.0,0.0,Dadar,19.0178,72.8478,1,Urban Heat Island Risk,6.1,10,19.808993898603806
2023-10-24,34.4,61.0,0.0,Dadar,19.0178,72.8478,1,Urban Heat Island Risk,6.0,10,18.431907704816584
2023-10-25,33.9,60.0,0.0,Dadar,19.0178,72.8478,1,Urban Heat Island Risk,3.1,10,11.992040682941266
2023-10-26,34.1,58.0,0.0,Dadar,19.0178,72.8478,1,Urban Heat Island Risk,3.0,10,9.876854980993652
2023-10-27,34.3,55.0,0.0,Dadar,19.0178,72.8478,1,Urban Heat Island Risk,2.3000000000000003,10,16.07174556696716
2023-10-28,34.2,56.0,0.0,Dadar,19.0178,72.8478,1,Urban Heat Island Risk,2.1,10,24.813839591683262
2023-10-29,34.7,54.0,0.0,Dadar,19.0178,72.8478,1,Urban Heat Island Risk,1.8,10,20.641458283180004
2023-10-30,34.8,59.0,0.0,Dadar,19.0178,72.8478,1,Urban Heat Island Risk,1.7999999999999998,10,20.70371915445352
2023-10-31,34.6,59.0,0.0,Dadar,19.0178,72.8478,1,Urban Heat Island Risk,1.7999999999999998,10,12.331435771985081
2023-11-01,34.0,58.0,0.0,Dadar,19.0178,72.8478,1,Urban Heat Island Risk,1.7999999999999998,11,28.746029117278233
2023-11-02,34.0,58.0,0.0,Dadar,19.0178,72.8478,1,Urban Heat Island Risk,1.7999999999999998,11,15.842200165734745
2023-11-03,34.5,57.0,0.0,Dadar,19.0178,72.8478,1,Urban Heat Island Risk,1.7999999999999998,11,18.897455326683176
2023-11-04,35.3,54.0,0.0,Dadar,19.0178,72.8478,1,Urban Heat Island Risk,1.7999999999999998,11,13.248238550461334
2023-11-05,35.1,59.0,0.0,Dadar,19.0178,72.8478,1,Urban Heat Island Risk,1.1,11,13.563964231760393
2023-11-06,35.3,56.0,0.0,Dadar,19.0178,72.8478,1,Urban Heat Island Risk,1.1,11,19.99296069147805
2023-11-07,34.2,56.0,0.0,Dadar,19.0178,72.8478,1,Urban Heat Island Risk,0.10000000000000012,11,16.007780732503516
2023-11-08,32.7,69.0,0.0,Dadar,19.0178,72.8478,1,Urban Heat Island Risk,0.10000000000000012,11,21.285307054773675
2023-11-09,33.5,76.0,0.0,Dadar,19.0178,72.8478,1,Urban Heat Island Risk,0.10000000000000012,11,23.599977431032098
2023-11-10,33.0,73.0,1.1,Dadar,19.0178,72.8478,1,Urban Heat Island Risk,1.2000000000000002,11,24.334199661900705
2023-11-11,35.0,64.0,0.0,Dadar,19.0178,72.8478,1,Urban Heat Island Risk,1.1,11,31.88691459541323
2023-11-12,35.2,52.0,0.0,Dadar,19.0178,72.8478,1,Urban Heat Island Risk,1.1,11,17.249204048866527
2023-11-13,34.4,56.0,0.0,Dadar,19.0178,72.8478,1,Urban Heat Island Risk,1.1,11,16.353297123906888
2023-11-14,33.8,63.0,0.0,Dadar,19.0178,72.8478,1,Urban Heat Island Risk,1.1,11,16.51944215406458
2023-11-15,33.9,64.0,0.0,Dadar,19.0178,72.8478,1,Urban Heat Island Risk,1.1,11,11.831891280489417
2023-11-16,34.0,61.0,0.0,Dadar,19.0178,72.8478,1,Urban Heat Island Risk,1.1,11,15.540571237979503
2023-11-17,33.7,60.0,0.0,Dadar,19.0178,72.8478,1,Urban Heat Island Risk,1.1,11,22.94137552546231
2023-11-18,33.7,62.0,0.0,Dadar,19.0178,72.8478,1,Urban Heat Island Risk,1.1,11,29.503309924640497
2023-11-19,32.3,63.0,0.0,Dadar,19.0178,72.8478,1,Urban Heat Island Risk,1.1,11,35.908445711939606
2023-11-20,34.2,61.0,0.0,Dadar,19.0178,72.8478,1,Urban Heat Island Risk,1.1,11,20.678807491565216
2023-11-21,34.2,59.0,0.0,Dadar,19.0178,72.8478,1,Urban Heat Island Risk,1.1,11,17.917495004820893
2023-11-22,33.6,50.0,0.0,Dadar,19.0178,72.8478,1,Urban Heat Island Risk,1.1,11,24.277395115394096
2023-11-23,33.2,54.0,0.0,Dadar,19.0178,72.8478,1,Urban Heat Island Risk,1.1,11,22.606810012577107
2023-11-24,34.4,60.0,0.0,Dadar,19.0178,72.8478,1,Urban Heat Island Risk,1.1,11,26.991819978819386
2023-11-25,33.5,67.0,0.0,Dadar,19.0178,72.8478,1,Urban Heat Island Risk,1.1,11,22.5540490936246
2023-11-26,31.1,78.0,2.4,Dadar,19.0178,72.8478,1,Urban Heat Island Risk,3.5,11,36.66831070876636
2023-11-27,30.3,77.0,0.9,Dadar,19.0178,72.8478,1,Urban Heat Island Risk,4.4,11,30.554221208229983
2023-11-28,30.0,73.0,0.0,Dadar,19.0178,72.8478,1,Urban Heat Island Risk,4.4,11,42.35615910071951
2023-11-29,28.8,72.0,0.0,Dadar,19.0178,72.8478,1,Urban Heat Island Risk,4.4,11,54.31575402315803
2023-11-30,29.7,79.0,0.0,Dadar,19.0178,72.8478,1,Urban Heat Island Risk,4.4,11,39.694720448140615
2023-12-01,29.6,80.0,0.3,Dadar,19.0178,72.8478,1,Urban Heat Island Risk,3.6,12,41.84639832753593
2023-12-02,31.6,77.0,0.0,Dadar,19.0178,72.8478,1,Urban Heat Island Risk,3.6,12,38.23022175533498
2023-12-03,33.3,68.0,0.0,Dadar,19.0178,72.8478,1,Urban Heat Island Risk,3.6,12,17.25004721574308
2023-12-04,33.2,70.0,0.3,Dadar,19.0178,72.8478,1,Urban Heat Island Risk,3.9,12,30.48900503770958
2023-12-05,32.8,65.0,0.0,Dadar,19.0178,72.8478,1,Urban Heat Island Risk,3.9,12,24.805947215801172
2023-12-06,31.5,66.0,0.0,Dadar,19.0178,72.8478,1,Urban Heat Island Risk,3.9,12,32.890492230877314
2023-12-07,31.3,67.0,0.0,Dadar,19.0178,72.8478,1,Urban Heat Island Risk,3.9,12,30.34727464103869
2023-12-08,31.8,66.0,0.0,Dadar,19.0178,72.8478,1,Urban Heat Island Risk,3.9,12,35.023564635472745
2023-12-09,32.3,63.0,0.0,Dadar,19.0178,72.8478,1,Urban Heat Island Risk,3.9,12,42.59935992514691
2023-12-10,32.8,62.0,0.0,Dadar,19.0178,72.8478,1,Urban Heat Island Risk,3.9,12,31.374152863969844
2023-12-11,32.2,58.0,0.0,Dadar,19.0178,72.8478,1,Urban Heat Island Risk,3.9,12,26.545240356963973
2023-12-12,31.2,58.0,0.0,Dadar,19.0178,72.8478,1,Urban Heat Island Risk,3.9,12,42.21143626079072
2023-12-13,30.9,62.0,0.0,Dadar,19.0178,72.8478,1,Urban Heat Island Risk,3.9,12,36.649935603662094
2023-12-14,32.5,59.0,0.0,Dadar,19.0178,72.8478,1,Urban Heat Island Risk,3.9,12,36.03909157380446
2023-12-15,31.9,53.0,0.0,Dadar,19.0178,72.8478,1,Urban Heat Island Risk,3.9,12,36.60004867748849
2023-12-16,31.7,56.0,0.0,Dadar,19.0178,72.8478,1,Urban Heat Island Risk,3.9,12,18.984292172641336
2023-12-17,32.1,56.0,0.0,Dadar,19.0178,72.8478,1,Urban Heat Island Risk,1.5,12,26.41293516855819
2023-12-18,32.9,51.0,0.0,Dadar,19.0178,72.8478,1,Urban Heat Island Risk,0.6,12,31.621926114176954
2023-12-19,32.6,52.0,0.0,Dadar,19.0178,72.8478,1,Urban Heat Island Risk,0.6,12,29.35828636072508
2023-12-20,32.6,48.0,0.0,Dadar,19.0178,72.8478,1,Urban Heat Island Risk,0.6,12,23.48122026146074
2023-12-21,33.0,53.0,0.0,Dadar,19.0178,72.8478,1,Urban Heat Island Risk,0.6,12,23.16538575586427
2023-12-22,31.5,63.0,0.0,Dadar,19.0178,72.8478,1,Urban Heat Island Risk,0.3,12,25.302150232886426
2023-12-23,33.1,61.0,0.0,Dadar,19.0178,72.8478,1,Urban Heat Island Risk,0.3,12,25.32480022903468
2023-12-24,32.8,55.0,0.0,Dadar,19.0178,72.8478,1,Urban Heat Island Risk,0.3,12,38.5201152967455
2023-12-25,32.8,54.0,0.0,Dadar,19.0178,72.8478,1,Urban Heat Island Risk,0.0,12,31.491333620328312
2023-12-26,33.1,55.0,0.0,Dadar,19.0178,72.8478,1,Urban Heat Island Risk,0.0,12,36.718751672608775
2023-12-27,33.8,55.0,0.0,Dadar,19.0178,72.8478,1,Urban Heat Island Risk,0.0,12,26.211985448949918
2023-12-28,32.3,61.0,0.0,Dadar,19.0178,72.8478,1,Urban Heat Island Risk,0.0,12,35.43739671676347
2023-12-29,33.1,64.0,0.0,Dadar,19.0178,72.8478,1,Urban Heat Island Risk,0.0,12,35.637060105391775
2023-12-30,32.0,69.0,0.0,Dadar,19.0178,72.8478,1,Urban Heat Island Risk,0.0,12,33.88631629671113
2023-12-31,31.9,64.0,0.0,Dadar,19.0178,72.8478,1,Urban Heat Island Risk,0.0,12,31.630530059132276
2024-01-01,31.6,66.0,0.0,Dadar,19.0178,72.8478,1,Urban Heat Island Risk,0.0,1,39.42995424977672
2024-01-02,31.0,67.0,0.0,Dadar,19.0178,72.8478,1,Urban Heat Island Risk,0.0,1,44.9358678522761
2024-01-03,30.1,65.0,0.0,Dadar,19.0178,72.8478,1,Urban Heat Island Risk,0.0,1,40.366843453105616
2024-01-04,28.9,75.0,0.0,Dadar,19.0178,72.8478,1,Urban Heat Island Risk,0.0,1,45.95882125496653
2024-01-05,29.8,73.0,0.0,Dadar,19.0178,72.8478,1,Urban Heat Island Risk,0.0,1,45.16094682882106
2024-01-06,31.8,61.0,0.0,Dadar,19.0178,72.8478,1,Urban Heat Island Risk,0.0,1,37.290827667991636
2024-01-07,31.7,64.0,0.0,Dadar,19.0178,72.8478,1,Urban Heat Island Risk,0.0,1,37.69045524330781
2024-01-08,32.8,57.0,0.0,Dadar,19.0178,72.8478,1,Urban Heat Island Risk,0.0,1,20.34582866572869
2024-01-09,30.7,70.0,0.7,Dadar,19.0178,72.8478,1,Urban Heat Island Risk,0.7,1,48.92469700198328
2024-01-10,30.5,71.0,0.7,Dadar,19.0178,72.8478,1,Urban Heat Island Risk,1.4,1,37.294175353015746
2024-01-11,32.8,66.0,0.8,Dadar,19.0178,72.8478,1,Urban Heat Island Risk,2.2,1,26.141341682223786
2024-01-12,34.2,61.0,0.0,Dadar,19.0178,72.8478,1,Urban Heat Island Risk,2.2,1,15.02006153339422
2024-01-13,32.9,62.0,0.0,Dadar,19.0178,72.8478,1,Urban Heat Island Risk,2.2,1,40.39164417968544
2024-01-14,32.7,50.0,0.0,Dadar,19.0178,72.8478,1,Urban Heat Island Risk,2.2,1,29.243686684773152
2024-01-15,30.0,42.0,0.0,Dadar,19.0178,72.8478,1,Urban Heat Island Risk,2.2,1,39.078457929925506
2024-01-16,28.4,57.0,0.0,Dadar,19.0178,72.8478,1,Urban Heat Island Risk,2.2,1,56.71961774981224
2024-01-17,27.5,65.0,0.0,Dadar,19.0178,72.8478,1,Urban Heat Island Risk,2.2,1,61.34567889655017
2024-01-18,27.9,66.0,0.0,Dadar,19.0178,72.8478,1,Urban Heat Island Risk,2.2,1,54.294698215433925
2024-01-19,27.7,70.0,0.0,Dadar,19.0178,72.8478,1,Urban Heat Island Risk,2.2,1,60.56970023058359
2024-01-20,28.4,65.0,0.0,Dadar,19.0178,72.8478,1,Urban Heat Island Risk,2.2,1,48.27354019584568
2024-01-21,30.2,52.0,0.0,Dadar,19.0178,72.8478,1,Urban Heat Island Risk,2.2,1,39.73540862525374
2024-01-22,29.8,53.0,0.0,Dadar,19.0178,72.8478,1,Urban Heat Island Risk,2.2,1,34.41558339383634
2024-01-23,29.7,39.0,0.0,Dadar,19.0178,72.8478,1,Urban Heat Island Risk,2.2,1,38.413577912235525
2024-01-24,30.5,39.0,0.0,Dadar,19.0178,72.8478,1,Urban Heat Island Risk,2.2,1,49.53815402835343
2024-01-25,31.1,43.0,0.0,Dadar,19.0178,72.8478,1,Urban Heat Island Risk,2.2,1,45.307143138611565
2024-01-26,32.0,48.0,0.0,Dadar,19.0178,72.8478,1,Urban Heat Island Risk,2.2,1,32.328943243244815
2024-01-27,32.7,47.0,0.0,Dadar,19.0178,72.8478,1,Urban Heat Island Risk,2.2,1,36.3479905692825
2024-01-28,32.7,47.0,0.0,Dadar,19.0178,72.8478,1,Urban Heat Island Risk,2.2,1,27.232960900291793
2024-01-29,32.0,43.0,0.0,Dadar,19.0178,72.8478,1,Urban Heat Island Risk,2.2,1,30.78294848716046
2024-01-30,31.4,49.0,0.0,Dadar,19.0178,72.8478,1,Urban Heat Island Risk,1.5,1,35.682553242327785
2024-01-31,29.5,64.0,0.0,Dadar,19.0178,72.8478,1,Urban Heat Island Risk,0.8,1,45.54205869004885
2024-02-01,28.2,70.0,0.0,Dadar,19.0178,72.8478,1,Urban Heat Island Risk,0.0,2,52.45735171553244
2024-02-02,30.1,68.0,0.0,Dadar,19.0178,72.8478,1,Urban Heat Island Risk,0.0,2,48.48365720241442
2024-02-03,34.2,49.0,0.0,Dadar,19.0178,72.8478,1,Urban Heat Island Risk,0.0,2,20.284011603114333
2024-02-04,33.5,55.0,0.0,Dadar,19.0178,72.8478,1,Urban Heat Island Risk,0.0,2,27.062408822169022
2024-02-05,32.2,54.0,0.0,Dadar,19.0178,72.8478,1,Urban Heat Island Risk,0.0,2,36.023569293053306
2024-02-06,32.0,57.0,0.0,Dadar,19.0178,72.8478,1,Urban Heat Island Risk,0.0,2,33.94092897827367
2024-02-07,32.4,58.0,0.0,Dadar,19.0178,72.8478,1,Urban Heat Island Risk,0.0,2,24.881976703792148
2024-02-08,32.2,53.0,0.0,Dadar,19.0178,72.8478,1,Urban Heat Island Risk,0.0,2,24.102337221846458
2024-02-09,31.0,52.0,0.0,Dadar,19.0178,72.8478,1,Urban Heat Island Risk,0.0,2,38.4105698407032
2024-02-10,30.9,41.0,0.0,Dadar,19.0178,72.8478,1,Urban Heat Island Risk,0.0,2,37.377051809208666
2024-02-11,31.0,45.0,0.0,Dadar,19.0178,72.8478,1,Urban Heat Island Risk,0.0,2,38.10362381126728
2024-02-12,31.5,53.0,0.0,Dadar,19.0178,72.8478,1,Urban Heat Island Risk,0.0,2,34.7530631370904
2024-02-13,31.8,42.0,0.0,Dadar,19.0178,72.8478,1,Urban Heat Island Risk,0.0,2,46.05120163416616
2024-02-14,33.0,39.0,0.0,Dadar,19.0178,72.8478,1,Urban Heat Island Risk,0.0,2,19.682202055126645
2024-02-15,32.7,44.0,0.0,Dadar,19.0178,72.8478,1,Urban Heat Island Risk,0.0,2,18.08360198422769
2024-02-16,34.5,56.0,0.0,Dadar,19.0178,72.8478,1,Urban Heat Island Risk,0.0,2,19.495217500931382
2024-02-17,33.5,58.0,0.0,Dadar,19.0178,72.8478,1,Urban Heat Island Risk,0.0,2,21.617887227059022
2024-02-18,34.8,55.0,0.0,Dadar,19.0178,72.8478,1,Urban Heat Island Risk,0.0,2,17.713672681983105
2024-02-19,32.3,50.0,0.0,Dadar,19.0178,72.8478,1,Urban Heat Island Risk,0.0,2,33.21941511142002
2024-02-20,31.5,62.0,0.0,Dadar,19.0178,72.8478,1,Urban Heat Island Risk,0.0,2,41.25385680922781
2024-02-21,28.8,76.0,0.1,Dadar,19.0178,72.8478,1,Urban Heat Island Risk,0.1,2,42.597204231413635
2024-02-22,28.6,78.0,0.2,Dadar,19.0178,72.8478,1,Urban Heat Island Risk,0.30000000000000004,2,48.48307717738084
2024-02-23,30.1,63.0,0.0,Dadar,19.0178,72.8478,1,Urban Heat Island Risk,0.30000000000000004,2,44.910472961070475
2024-02-24,31.8,35.0,0.0,Dadar,19.0178,72.8478,1,Urban Heat Island Risk,0.30000000000000004,2,36.98565131176946
2024-02-25,34.3,30.0,0.0,Dadar,19.0178,72.8478,1,Urban Heat Island Risk,0.30000000000000004,2,29.93391441810861
2024-02-26,34.8,47.0,0.0,Dadar,19.0178,72.8478,1,Urban Heat Island Risk,0.30000000000000004,2,20.911853188902686
2024-02-27,34.0,51.0,0.0,Dadar,19.0178,72.8478,1,Urban Heat Island Risk,0.30000000000000004,2,20.38272368723528
2024-02-28,35.2,41.0,0.0,Dadar,19.0178,72.8478,1,Urban Heat Island Risk,0.30000000000000004,2,9.414487901953343
2024-02-29,34.4,53.0,0.0,Dadar,19.0178,72.8478,1,Urban Heat Island Risk,0.30000000000000004,2,15.578550736404914
2024-03-01,33.8,60.0,0.0,Dadar,19.0178,72.8478,1,Urban Heat Island Risk,0.30000000000000004,3,12.036485885214468
2024-03-02,30.1,77.0,0.0,Dadar,19.0178,72.8478,1,Urban Heat Island Risk,0.30000000000000004,3,18.276168142568803
2024-03-03,28.0,73.0,0.2,Dadar,19.0178,72.8478,1,Urban Heat Island Risk,0.5,3,16.284987227929154
2024-03-04,28.4,62.0,0.0,Dadar,19.0178,72.8478,1,Urban Heat Island Risk,0.5,3,8.381752145789106
2024-03-05,30.5,46.0,0.0,Dadar,19.0178,72.8478,1,Urban Heat Island Risk,0.5,3,12.820492654547834
2024-03-06,31.0,35.0,0.0,Dadar,19.0178,72.8478,1,Urban Heat Island Risk,0.5,3,19.387737767257104
2024-03-07,32.7,39.0,0.0,Dadar,19.0178,72.8478,1,Urban Heat Island Risk,0.5,3,16.758311774870293
2024-03-08,35.0,30.0,0.0,Dadar,19.0178,72.8478,1,Urban Heat Island Risk,0.5,3,17.84322308006385
2024-03-09,35.0,31.0,0.0,Dadar,19.0178,72.8478,1,Urban Heat Island Risk,0.5,3,16.914608550286314
2024-03-10,32.8,36.0,0.0,Dadar,19.0178,72.8478,1,Urban Heat Island Risk,0.5,3,23.132153673044296
2024-03-11,34.5,47.0,0.0,Dadar,19.0178,72.8478,1,Urban Heat Island Risk,0.5,3,16.18021531912185
2024-03-12,34.8,45.0,0.0,Dadar,19.0178,72.8478,1,Urban Heat Island Risk,0.5,3,13.06988601064651
2024-03-13,31.5,64.0,0.0,Dadar,19.0178,72.8478,1,Urban Heat Island Risk,0.4,3,10.421224794332197
2024-03-14,31.0,71.0,0.0,Dadar,19.0178,72.8478,1,Urban Heat Island Risk,0.2,3,16.248047291048557
2024-03-15,30.0,74.0,0.0,Dadar,19.0178,72.8478,1,Urban Heat Island Risk,0.2,3,5.0
2024-03-16,30.4,75.0,0.0,Dadar,19.0178,72.8478,1,Urban Heat Island Risk,0.2,3,14.078554990836441
2024-03-17,31.6,75.0,0.0,Dadar,19.0178,72.8478,1,Urban Heat Island Risk,0.2,3,13.97080070039328
2024-03-18,31.5,79.0,0.0,Dadar,19.0178,72.8478,1,Urban Heat Island Risk,0.2,3,8.177645731913596
2024-03-19,33.0,68.0,0.0,Dadar,19.0178,72.8478,1,Urban Heat Island Risk,0.2,3,10.35867080672002
2024-03-20,38.0,31.0,0.0,Dadar,19.0178,72.8478,1,Urban Heat Island Risk,0.2,3,19.048287650741205
2024-03-21,37.8,30.0,0.0,Dadar,19.0178,72.8478,1,Urban Heat Island Risk,0.2,3,16.153558745374813
2024-03-22,33.8,68.0,0.0,Dadar,19.0178,72.8478,1,Urban Heat Island Risk,0.2,3,15.508941668536638
2024-03-23,33.2,68.0,0.0,Dadar,19.0178,72.8478,1,Urban Heat Island Risk,0.2,3,16.531737669660114
2024-03-24,31.8,75.0,0.0,Dadar,19.0178,72.8478,1,Urban Heat Island Risk,0.0,3,15.463137939744618
2024-03-25,32.5,73.0,0.0,Dadar,19.0178,72.8478,1,Urban Heat Island Risk,0.0,3,21.214312814291574
2024-03-26,34.2,71.0,0.0,Dadar,19.0178,72.8478,1,Urban Heat Island Risk,0.0,3,15.617145908518244
2024-03-27,33.1,79.0,0.0,Dadar,19.0178,72.8478,1,Urban Heat Island Risk,0.0,3,7.708934430906248
2024-03-28,33.0,78.0,0.0,Dadar,19.0178,72.8478,1,Urban Heat Island Risk,0.0,3,23.150649824372053
2024-03-29,34.7,69.0,0.0,Dadar,19.0178,72.8478,1,Urban Heat Island Risk,0.0,3,16.85170133664423
2024-03-30,34.2,66.0,0.0,Dadar,19.0178,72.8478,1,Urban Heat Island Risk,0.0,3,12.053731346024662
2024-03-31,34.0,55.0,0.0,Dadar,19.0178,72.8478,1,Urban Heat Island Risk,0.0,3,8.732991408524907
2024-04-01,33.8,68.0,0.0,Dadar,19.0178,72.8478,1,Urban Heat Island Risk,0.0,4,16.979571104790228
2024-04-02,33.2,72.0,0.0,Dadar,19.0178,72.8478,1,Urban Heat Island Risk,0.0,4,14.414139975128123
2024-04-03,33.4,70.0,0.0,Dadar,19.0178,72.8478,1,Urban Heat Island Risk,0.0,4,22.870733930162043
2024-04-04,32.9,71.0,0.0,Dadar,19.0178,72.8478,1,Urban Heat Island Risk,0.0,4,13.270463596665861
2024-04-05,35.4,62.0,0.0,Dadar,19.0178,72.8478,1,Urban Heat Island Risk,0.0,4,10.813096051587666
2024-04-06,36.8,44.0,0.0,Dadar,19.0178,72.8478,1,Urban Heat Island Risk,0.0,4,19.47898109117964
2024-04-07,36.5,47.0,0.0,Dadar,19.0178,72.8478,1,Urban Heat Island Risk,0.0,4,19.626409463584157
2024-04-08,33.3,67.0,0.0,Dadar,19.0178,72.8478,1,Urban Heat Island Risk,0.0,4,15.843256838050978
2024-04-09,34.2,74.0,0.0,Dadar,19.0178,72.8478,1,Urban Heat Island Risk,0.0,4,18.38178523837454
2024-04-10,33.3,77.0,0.0,Dadar,19.0178,72.8478,1,Urban Heat Island Risk,0.0,4,14.81156439628881
2024-04-11,33.5,73.0,0.0,Dadar,19.0178,72.8478,1,Urban Heat Island Risk,0.0,4,16.169325505046235
2024-04-12,33.8,67.0,0.0,Dadar,19.0178,72.8478,1,Urban Heat Island Risk,0.0,4,20.824954412819615
2024-04-13,31.5,73.0,0.0,Dadar,19.0178,72.8478,1,Urban Heat Island Risk,0.0,4,18.126591670107516
2024-04-14,32.6,79.0,0.0,Dadar,19.0178,72.8478,1,Urban Heat Island Risk,0.0,4,14.153627808336877
2024-04-15,36.3,65.0,0.0,Dadar,19.0178,72.8478,1,Urban Heat Island Risk,0.0,4,21.761812729630755
2024-04-16,41.3,47.0,0.0,Dadar,19.0178,72.8478,1,Urban Heat Island Risk,0.0,4,5.0
2024-04-17,33.8,66.0,0.0,Dadar,19.0178,72.8478,1,Urban Heat Island Risk,0.0,4,25.260366557109677
2024-04-18,34.3,73.0,0.0,Dadar,19.0178,72.8478,1,Urban Heat Island Risk,0.0,4,6.470204525546324
2024-04-19,35.7,64.0,0.0,Dadar,19.0178,72.8478,1,Urban Heat Island Risk,0.0,4,11.86453587613852
2024-04-20,35.7,59.0,0.0,Dadar,19.0178,72.8478,1,Urban Heat Island Risk,0.0,4,14.795412324024655
2024-04-21,34.0,61.0,0.0,Dadar,19.0178,72.8478,1,Urban Heat Island Risk,0.0,4,14.267596646359193
2024-04-22,34.2,66.0,0.0,Dadar,19.0178,72.8478,1,Urban Heat Island Risk,0.0,4,20.032055200132774
2024-04-23,34.3,68.0,0.0,Dadar,19.0178,72.8478,1,Urban Heat Island Risk,0.0,4,9.710816906948828
2024-04-24,33.8,72.0,0.0,Dadar,19.0178,72.8478,1,Urban Heat Island Risk,0.0,4,16.303834087415318
2024-04-25,34.3,68.0,0.0,Dadar,19.0178,72.8478,1,Urban Heat Island Risk,0.0,4,12.10893950890123
2024-04-26,35.2,65.0,0.0,Dadar,19.0178,72.8478,1,Urban Heat Island Risk,0.0,4,16.475704896687084
2024-04-27,36.1,60.0,0.0,Dadar,19.0178,72.8478,1,Urban Heat Island Risk,0.0,4,14.676138701010618
2024-04-28,39.3,47.0,0.0,Dadar,19.0178,72.8478,1,Urban Heat Island Risk,0.0,4,15.46467826341489
2024-04-29,38.2,44.0,0.0,Dadar,19.0178,72.8478,1,Urban Heat Island Risk,0.0,4,12.250375837678272
2024-04-30,37.6,53.0,0.0,Dadar,19.0178,72.8478,1,Urban Heat Island Risk,0.0,4,12.449680249519588
2024-05-01,34.5,64.0,0.0,Dadar,19.0178,72.8478,1,Urban Heat Island Risk,0.0,5,16.436362570137135
2024-05-02,33.4,69.0,0.0,Dadar,19.0178,72.8478,1,Urban Heat Island Risk,0.0,5,19.718577528780223
2024-05-03,33.2,77.0,0.0,Dadar,19.0178,72.8478,1,Urban Heat Island Risk,0.0,5,12.00860332901076
2024-05-04,33.2,80.0,0.0,Dadar,19.0178,72.8478,1,Urban Heat Island Risk,0.0,5,10.65616227713545
2024-05-05,34.7,74.0,0.0,Dadar,19.0178,72.8478,1,Urban Heat Island Risk,0.0,5,18.067300828359187
2024-05-06,33.2,78.0,0.0,Dadar,19.0178,72.8478,1,Urban Heat Island Risk,0.0,5,14.837480534711553
2024-05-07,33.3,77.0,0.0,Dadar,19.0178,72.8478,1,Urban Heat Island Risk,0.0,5,19.15249066992976
2024-05-08,33.0,74.0,0.0,Dadar,19.0178,72.8478,1,Urban Heat Island Risk,0.0,5,10.471013933144262
2024-05-09,32.8,77.0,0.0,Dadar,19.0178,72.8478,1,Urban Heat Island Risk,0.0,5,6.102805372882846
2024-05-10,33.2,76.0,0.0,Dadar,19.0178,72.8478,1,Urban Heat Island Risk,0.0,5,12.334979590868329
2024-05-11,33.5,78.0,0.0,Dadar,19.0178,72.8478,1,Urban Heat Island Risk,0.0,5,11.16823695367492
2024-05-12,33.8,75.0,0.0,Dadar,19.0178,72.8478,1,Urban Heat Island Risk,0.0,5,14.6060579995985
2024-05-13,34.8,73.0,1.8,Dadar,19.0178,72.8478,1,Urban Heat Island Risk,1.8,5,11.815773928648053
2024-05-14,37.5,64.0,0.0,Dadar,19.0178,72.8478,1,Urban Heat Island Risk,1.8,5,18.705084756682247
2024-05-15,36.0,69.0,0.0,Dadar,19.0178,72.8478,1,Urban Heat Island Risk,1.8,5,13.559248687887418
2024-05-16,38.9,66.0,0.1,Dadar,19.0178,72.8478,1,Urban Heat Island Risk,1.9000000000000001,5,15.752372493869505
2024-05-17,36.2,67.0,0.0,Dadar,19.0178,72.8478,1,Urban Heat Island Risk,1.9000000000000001,5,15.788172792204719
2024-05-18,34.7,79.0,0.0,Dadar,19.0178,72.8478,1,Urban Heat Island Risk,1.9000000000000001,5,15.974775462060936
2024-05-19,34.1,77.0,5.6,Dadar,19.0178,72.8478,1,Urban Heat Island Risk,7.5,5,14.879354447725133
2024-05-20,35.1,74.0,0.0,Dadar,19.0178,72.8478,1,Urban Heat Island Risk,7.5,5,17.553003452051566
2024-05-21,35.3,75.0,0.1,Dadar,19.0178,72.8478,1,Urban Heat Island Risk,7.6,5,11.021724330870963
2024-05-22,34.5,77.0,0.3,Dadar,19.0178,72.8478,1,Urban Heat Island Risk,7.9,5,21.997089633269415
2024-05-23,34.2,78.0,0.0,Dadar,19.0178,72.8478,1,Urban Heat Island Risk,7.9,5,13.817313083157323
2024-05-24,34.7,76.0,0.2,Dadar,19.0178,72.8478,1,Urban Heat Island Risk,8.1,5,8.442254310506591
2024-05-25,33.7,73.0,0.7,Dadar,19.0178,72.8478,1,Urban Heat Island Risk,8.8,5,15.940366784958865
2024-05-26,33.4,69.0,0.5,Dadar,19.0178,72.8478,1,Urban Heat Island Risk,9.3,5,10.744097587762575
2024-05-27,33.5,72.0,0.5,Dadar,19.0178,72.8478,1,Urban Heat Island Risk,9.8,5,18.326672672544376
2024-05-28,33.7,70.0,0.6,Dadar,19.0178,72.8478,1,Urban Heat Island Risk,10.4,5,26.04802788021189
2024-05-29,34.0,64.0,0.4,Dadar,19.0178,72.8478,1,Urban Heat Island Risk,10.8,5,11.06713954221075
2024-05-30,34.5,65.0,0.2,Dadar,19.0178,72.8478,1,Urban Heat Island Risk,11.0,5,16.661861666119925
2024-05-31,34.3,79.0,0.6,Dadar,19.0178,72.8478,1,Urban Heat Island Risk,11.6,5,6.222472056476862
2024-06-01,34.0,74.0,0.8,Dadar,19.0178,72.8478,1,Urban Heat Island Risk,12.4,6,17.269526147206737
2024-06-02,34.5,69.0,0.3,Dadar,19.0178,72.8478,1,Urban Heat Island Risk,12.7,6,10.57143100100155
2024-06-03,34.2,70.0,0.7,Dadar,19.0178,72.8478,1,Urban Heat Island Risk,11.6,6,11.875826907827587
2024-06-04,33.5,77.0,4.8,Dadar,19.0178,72.8478,1,Urban Heat Island Risk,16.4,6,9.49356755080086
2024-06-05,33.8,78.0,6.7,Dadar,19.0178,72.8478,1,Urban Heat Island Risk,23.1,6,18.660756130273676
2024-06-06,34.1,78.0,1.2,Dadar,19.0178,72.8478,1,Urban Heat Island Risk,24.200000000000003,6,20.03652178736631
2024-06-07,33.5,74.0,1.1,Dadar,19.0178,72.8478,1,Urban Heat Island Risk,25.3,6,15.116926073292538
2024-06-08,34.3,74.0,6.3,Dadar,19.0178,72.8478,1,Urban Heat Island Risk,31.6,6,10.677866473321401
2024-06-09,31.6,81.0,23.0,Dadar,19.0178,72.8478,1,Urban Heat Island Risk,49.0,6,22.947615180519314
2024-06-10,29.8,87.0,33.2,Dadar,19.0178,72.8478,1,Urban Heat Island Risk,82.2,6,11.24794936122672
2024-06-11,30.2,87.0,10.8,Dadar,19.0178,72.8478,1,Urban Heat Island Risk,92.9,6,5.0
2024-06-12,30.0,86.0,14.3,Dadar,19.0178,72.8478,1,Urban Heat Island Risk,106.9,6,17.29194504978534
2024-06-13,30.0,86.0,13.6,Dadar,19.0178,72.8478,1,Urban Heat Island Risk,120.5,6,9.476126631792416
2024-06-14,29.2,86.0,8.6,Dadar,19.0178,72.8478,1,Urban Heat Island Risk,128.9,6,19.943043967495875
2024-06-15,29.8,83.0,2.2,Dadar,19.0178,72.8478,1,Urban Heat Island Risk,130.4,6,13.094311516632906
2024-06-16,31.0,81.0,1.4,Dadar,19.0178,72.8478,1,Urban Heat Island Risk,131.29999999999998,6,18.01856620272098
2024-06-17,31.5,83.0,7.4,Dadar,19.0178,72.8478,1,Urban Heat Island Risk,138.2,6,22.00750173276079
2024-06-18,29.8,87.0,30.3,Dadar,19.0178,72.8478,1,Urban Heat Island Risk,167.9,6,8.95570567689639
2024-06-19,29.2,85.0,23.3,Dadar,19.0178,72.8478,1,Urban Heat Island Risk,190.79999999999998,6,12.170314345537973
2024-06-20,28.5,88.0,48.6,Dadar,19.0178,72.8478,1,Urban Heat Island Risk,239.2,6,14.621644636714683
2024-06-21,31.1,86.0,22.9,Dadar,19.0178,72.8478,1,Urban Heat Island Risk,261.5,6,22.687756595171717
2024-06-22,30.2,85.0,5.3,Dadar,19.0178,72.8478,1,Urban Heat Island Risk,266.0,6,11.708086410297772
2024-06-23,29.8,86.0,4.2,Dadar,19.0178,72.8478,1,Urban Heat Island Risk,269.9,6,12.027481520254964
2024-06-24,29.6,86.0,11.3,Dadar,19.0178,72.8478,1,Urban Heat Island Risk,280.5,6,17.39070287777904
2024-06-25,30.6,85.0,6.8,Dadar,19.0178,72.8478,1,Urban Heat Island Risk,282.5,6,12.113856371447145
2024-06-26,30.5,87.0,23.0,Dadar,19.0178,72.8478,1,Urban Heat Island Risk,298.8,6,15.762629414488083
2024-06-27,28.8,90.0,98.7,Dadar,19.0178,72.8478,1,Urban Heat Island Risk,396.3,6,7.242312895159366
2024-06-28,28.2,89.0,45.3,Dadar,19.0178,72.8478,1,Urban Heat Island Risk,440.5,6,26.071649712782982
2024-06-29,30.0,87.0,21.3,Dadar,19.0178,72.8478,1,Urban Heat Island Risk,455.50000000000006,6,8.261453848452984
2024-06-30,29.4,87.0,21.3,Dadar,19.0178,72.8478,1,Urban Heat Island Risk,453.79999999999995,6,13.391236480048958
2024-07-01,30.6,82.0,16.3,Dadar,19.0178,72.8478,1,Urban Heat Island Risk,436.9,7,14.837594820789526
2024-07-02,30.4,82.0,8.1,Dadar,19.0178,72.8478,1,Urban Heat Island Risk,434.2,7,24.56344067178398
2024-07-03,30.0,84.0,8.9,Dadar,19.0178,72.8478,1,Urban Heat Island Risk,428.8,7,8.3757710953363
2024-07-04,29.0,85.0,8.7,Dadar,19.0178,72.8478,1,Urban Heat Island Risk,423.9,7,24.918520677393758
2024-07-05,29.1,87.0,12.2,Dadar,19.0178,72.8478,1,Urban Heat Island Risk,427.5,7,18.785884105510114
2024-07-06,29.5,85.0,17.6,Dadar,19.0178,72.8478,1,Urban Heat Island Risk,442.9,7,17.085476622116232
2024-07-07,29.2,88.0,11.8,Dadar,19.0178,72.8478,1,Urban Heat Island Risk,453.3,7,10.076831564910222
2024-07-08,28.5,89.0,20.7,Dadar,19.0178,72.8478,1,Urban Heat Island Risk,466.59999999999997,7,17.85570621019037
2024-07-09,27.0,92.0,80.2,Dadar,19.0178,72.8478,1,Urban Heat Island Risk,516.5,7,11.382566887901
2024-07-10,28.8,88.0,36.0,Dadar,19.0178,72.8478,1,Urban Heat Island Risk,529.2,7,21.33330626599206
2024-07-11,28.8,90.0,39.1,Dadar,19.0178,72.8478,1,Urban Heat Island Risk,519.7,7,10.144689854461333
2024-07-12,26.9,92.0,83.3,Dadar,19.0178,72.8478,1,Urban Heat Island Risk,580.1,7,14.43420752771958
2024-07-13,26.5,92.0,76.7,Dadar,19.0178,72.8478,1,Urban Heat Island Risk,651.5000000000001,7,12.223634559934142
2024-07-14,26.5,93.0,50.5,Dadar,19.0178,72.8478,1,Urban Heat Island Risk,697.8000000000001,7,10.062385187865026
2024-07-15,28.0,89.0,10.2,Dadar,19.0178,72.8478,1,Urban Heat Island Risk,696.7,7,18.706599084539572
2024-07-16,29.0,90.0,17.6,Dadar,19.0178,72.8478,1,Urban Heat Island Risk,707.5,7,17.677293737048167
2024-07-17,27.6,90.0,45.3,Dadar,19.0178,72.8478,1,Urban Heat Island Risk,729.8,7,21.045050994504987
2024-07-18,28.1,91.0,57.6,Dadar,19.0178,72.8478,1,Urban Heat Island Risk,688.6999999999999,7,6.100624458959164
2024-07-19,27.3,91.0,48.3,Dadar,19.0178,72.8478,1,Urban Heat Island Risk,691.7,7,20.32085351170522
2024-07-20,27.7,90.0,87.0,Dadar,19.0178,72.8478,1,Urban Heat Island Risk,757.4000000000001,7,27.527244526784468
2024-07-21,27.1,90.0,48.9,Dadar,19.0178,72.8478,1,Urban Heat Island Risk,785.0,7,12.741794554115266
2024-07-22,26.9,90.0,54.7,Dadar,19.0178,72.8478,1,Urban Heat Island Risk,823.4,7,24.47574306054485
2024-07-23,26.5,90.0,42.1,Dadar,19.0178,72.8478,1,Urban Heat Island Risk,857.4,7,13.684193639700867
2024-07-24,27.0,90.0,54.4,Dadar,19.0178,72.8478,1,Urban Heat Island Risk,902.9,7,8.137951312193465
2024-07-25,27.4,89.0,74.2,Dadar,19.0178,72.8478,1,Urban Heat Island Risk,968.4,7,13.471837787966022
2024-07-26,28.5,87.0,22.9,Dadar,19.0178,72.8478,1,Urban Heat Island Risk,979.1,7,20.24101983837638
2024-07-27,28.8,83.0,8.2,Dadar,19.0178,72.8478,1,Urban Heat Island Risk,969.7,7,10.809117588342342
2024-07-28,29.2,87.0,19.0,Dadar,19.0178,72.8478,1,Urban Heat Island Risk,976.9000000000001,7,11.998306704967565
2024-07-29,27.7,89.0,34.2,Dadar,19.0178,72.8478,1,Urban Heat Island Risk,990.4,7,17.967697161465953
2024-07-30,28.1,89.0,17.4,Dadar,19.0178,72.8478,1,Urban Heat Island Risk,927.6,7,15.015300583692865
2024-07-31,28.6,88.0,22.1,Dadar,19.0178,72.8478,1,Urban Heat Island Risk,913.6999999999999,7,17.923114762433705
2024-08-01,29.4,86.0,15.8,Dadar,19.0178,72.8478,1,Urban Heat Island Risk,890.4,8,16.18914770379168
2024-08-02,28.3,86.0,28.2,Dadar,19.0178,72.8478,1,Urban Heat Island Risk,835.3,8,17.398126597757866
2024-08-03,27.5,87.0,24.5,Dadar,19.0178,72.8478,1,Urban Heat Island Risk,783.0999999999999,8,12.838494070952294
2024-08-04,27.0,88.0,39.4,Dadar,19.0178,72.8478,1,Urban Heat Island Risk,772.0,8,16.158654710151964
2024-08-05,28.9,84.0,5.8,Dadar,19.0178,72.8478,1,Urban Heat Island Risk,767.6,8,10.363134971520331
2024-08-06,28.6,84.0,5.2,Dadar,19.0178,72.8478,1,Urban Heat Island Risk,755.2,8,21.442168112516942
2024-08-07,28.8,85.0,5.6,Dadar,19.0178,72.8478,1,Urban Heat Island Risk,715.5,8,11.828626415913432
2024-08-08,28.6,83.0,4.2,Dadar,19.0178,72.8478,1,Urban Heat Island Risk,662.1,8,20.64423743774695
2024-08-09,27.8,88.0,15.5,Dadar,19.0178,72.8478,1,Urban Heat Island Risk,629.3,8,13.831965195085672
2024-08-10,28.1,85.0,4.7,Dadar,19.0178,72.8478,1,Urban Heat Island Risk,547.0,8,16.009995053786607
2024-08-11,29.2,82.0,2.4,Dadar,19.0178,72.8478,1,Urban Heat Island Risk,500.50000000000006,8,12.525177245546496
2024-08-12,28.9,84.0,2.9,Dadar,19.0178,72.8478,1,Urban Heat Island Risk,448.7,8,9.920022844159854
2024-08-13,28.8,85.0,3.6,Dadar,19.0178,72.8478,1,Urban Heat Island Risk,410.20000000000005,8,6.276198061973492
2024-08-14,29.1,85.0,1.9,Dadar,19.0178,72.8478,1,Urban Heat Island Risk,357.7,8,9.723379207037702
2024-08-15,29.4,84.0,1.2,Dadar,19.0178,72.8478,1,Urban Heat Island Risk,284.7,8,13.38045573392039
2024-08-16,29.5,84.0,0.9,Dadar,19.0178,72.8478,1,Urban Heat Island Risk,262.70000000000005,8,16.05939589414442
2024-08-17,29.6,85.0,0.5,Dadar,19.0178,72.8478,1,Urban Heat Island Risk,255.0,8,20.051896566416318
2024-08-18,29.9,86.0,2.9,Dadar,19.0178,72.8478,1,Urban Heat Island Risk,238.9,8,12.771212701015756
2024-08-19,29.0,89.0,16.7,Dadar,19.0178,72.8478,1,Urban Heat Island Risk,221.39999999999998,8,10.59019617866413
2024-08-20,28.6,91.0,28.8,Dadar,19.0178,72.8478,1,Urban Heat Island Risk,232.8,8,7.786426069986438
2024-08-21,30.3,87.0,0.2,Dadar,19.0178,72.8478,1,Urban Heat Island Risk,210.89999999999998,8,17.400318089520518
2024-08-22,30.0,86.0,4.7,Dadar,19.0178,72.8478,1,Urban Heat Island Risk,199.8,8,21.915972576646716
2024-08-23,28.5,90.0,16.0,Dadar,19.0178,72.8478,1,Urban Heat Island Risk,187.60000000000002,8,21.331651339781445
2024-08-24,26.5,92.0,61.7,Dadar,19.0178,72.8478,1,Urban Heat Island Risk,224.8,8,18.549663740736186
2024-08-25,27.6,88.0,28.0,Dadar,19.0178,72.8478,1,Urban Heat Island Risk,213.4,8,18.192716586337994
2024-08-26,27.0,87.0,22.6,Dadar,19.0178,72.8478,1,Urban Heat Island Risk,230.2,8,23.488118898546706
2024-08-27,27.5,87.0,17.9,Dadar,19.0178,72.8478,1,Urban Heat Island Risk,242.9,8,16.660407307084053
2024-08-28,28.9,85.0,14.4,Dadar,19.0178,72.8478,1,Urban Heat Island Risk,251.70000000000002,8,18.230648380120858
2024-08-29,29.0,84.0,5.1,Dadar,19.0178,72.8478,1,Urban Heat Island Risk,252.6,8,13.396080690740005
2024-08-30,29.0,85.0,6.5,Dadar,19.0178,72.8478,1,Urban Heat Island Risk,243.6,8,8.189783145726214
2024-08-31,28.9,85.0,2.1,Dadar,19.0178,72.8478,1,Urban Heat Island Risk,241.0,8,11.580755497502118
2024-09-01,27.8,85.0,2.3,Dadar,19.0178,72.8478,1,Urban Heat Island Risk,240.9,9,14.954204807326724
2024-09-02,27.2,90.0,29.6,Dadar,19.0178,72.8478,1,Urban Heat Island Risk,267.6,9,15.303926862506515
2024-09-03,27.2,89.0,13.0,Dadar,19.0178,72.8478,1,Urban Heat Island Risk,277.0,9,24.631429274276968
2024-09-04,28.3,88.0,17.1,Dadar,19.0178,72.8478,1,Urban Heat Island Risk,292.2,9,15.406385837955343
2024-09-05,28.2,88.0,27.9,Dadar,19.0178,72.8478,1,Urban Heat Island Risk,318.90000000000003,9,20.89421722012822
2024-09-06,28.4,86.0,14.7,Dadar,19.0178,72.8478,1,Urban Heat Island Risk,332.7,9,12.82461379211842
2024-09-07,28.3,87.0,10.0,Dadar,19.0178,72.8478,1,Urban Heat Island Risk,342.2,9,13.441620571173829
2024-09-08,28.7,86.0,4.2,Dadar,19.0178,72.8478,1,Urban Heat Island Risk,343.5,9,8.35496181388276
2024-09-09,28.8,85.0,2.0,Dadar,19.0178,72.8478,1,Urban Heat Island Risk,328.8,9,11.288359935617141
2024-09-10,28.5,86.0,3.9,Dadar,19.0178,72.8478,1,Urban Heat Island Risk,303.9,9,17.634906956818767
2024-09-11,28.1,86.0,4.6,Dadar,19.0178,72.8478,1,Urban Heat Island Risk,308.3,9,15.037800901970666
2024-09-12,28.4,86.0,8.2,Dadar,19.0178,72.8478,1,Urban Heat Island Risk,311.8,9,19.71469309948617
2024-09-13,28.6,83.0,4.5,Dadar,19.0178,72.8478,1,Urban Heat Island Risk,300.3,9,15.906269741725252
2024-09-14,27.9,87.0,9.1,Dadar,19.0178,72.8478,1,Urban Heat Island Risk,247.70000000000002,9,13.23773134181129
2024-09-15,27.4,87.0,3.9,Dadar,19.0178,72.8478,1,Urban Heat Island Risk,223.6,9,25.741484318934795
2024-09-16,28.7,87.0,2.4,Dadar,19.0178,72.8478,1,Urban Heat Island Risk,203.4,9,14.530482156434765
2024-09-17,28.9,84.0,0.2,Dadar,19.0178,72.8478,1,Urban Heat Island Risk,185.70000000000002,9,20.81500484852652
2024-09-18,29.2,83.0,0.8,Dadar,19.0178,72.8478,1,Urban Heat Island Risk,172.1,9,12.993953967276612
2024-09-19,29.5,81.0,1.0,Dadar,19.0178,72.8478,1,Urban Heat Island Risk,168.0,9,18.547997396917832
2024-09-20,28.4,87.0,5.2,Dadar,19.0178,72.8478,1,Urban Heat Island Risk,166.70000000000002,9,19.640078295758435
2024-09-21,29.7,83.0,1.9,Dadar,19.0178,72.8478,1,Urban Heat Island Risk,166.5,9,16.042459852877904
2024-09-22,29.6,83.0,2.2,Dadar,19.0178,72.8478,1,Urban Heat Island Risk,166.4,9,5.0
2024-09-23,28.9,87.0,5.7,Dadar,19.0178,72.8478,1,Urban Heat Island Risk,142.5,9,15.091262304280566
2024-09-24,29.0,91.0,23.1,Dadar,19.0178,72.8478,1,Urban Heat Island Risk,152.60000000000002,9,21.152300238799878
2024-09-25,28.0,92.0,36.4,Dadar,19.0178,72.8478,1,Urban Heat Island Risk,171.89999999999998,9,17.63740416513865
2024-09-26,26.5,94.0,48.0,Dadar,19.0178,72.8478,1,Urban Heat Island Risk,192.0,9,17.229194376146232
2024-09-27,26.8,90.0,61.7,Dadar,19.0178,72.8478,1,Urban Heat Island Risk,239.0,9,6.3887153302124045
2024-09-28,28.0,86.0,5.8,Dadar,19.0178,72.8478,1,Urban Heat Island Risk,234.79999999999998,9,11.397724646624706
2024-09-29,28.6,88.0,4.6,Dadar,19.0178,72.8478,1,Urban Heat Island Risk,235.20000000000002,9,17.056788155757197
2024-09-30,29.7,88.0,1.6,Dadar,19.0178,72.8478,1,Urban Heat Island Risk,234.8,9,17.05191638393446
2024-10-01,31.5,89.0,0.6,Dadar,19.0178,72.8478,1,Urban Heat Island Risk,231.5,10,40.906667233997844
2024-10-02,30.7,91.0,1.3,Dadar,19.0178,72.8478,1,Urban Heat Island Risk,228.20000000000002,10,38.6423328909362
2024-10-03,30.0,87.0,1.4,Dadar,19.0178,72.8478,1,Urban Heat Island Risk,221.4,10,45.3624537667024
2024-10-04,29.5,86.0,1.4,Dadar,19.0178,72.8478,1,Urban Heat Island Risk,218.3,10,46.24853787632314
2024-10-05,29.5,86.0,1.1,Dadar,19.0178,72.8478,1,Urban Heat Island Risk,210.29999999999998,10,41.23195298415889
2024-10-06,31.2,86.0,21.4,Dadar,19.0178,72.8478,1,Urban Heat Island Risk,227.8,10,25.2543766778596
2024-10-07,31.6,84.0,0.6,Dadar,19.0178,72.8478,1,Urban Heat Island Risk,226.0,10,36.42171512731704
2024-10-08,32.2,85.0,0.0,Dadar,19.0178,72.8478,1,Urban Heat Island Risk,225.79999999999998,10,31.736402708730708
2024-10-09,29.1,88.0,6.4,Dadar,19.0178,72.8478,1,Urban Heat Island Risk,231.4,10,45.342458122832475
2024-10-10,29.6,86.0,6.4,Dadar,19.0178,72.8478,1,Urban Heat Island Risk,236.8,10,37.50413471742067
2024-10-11,31.5,83.0,22.0,Dadar,19.0178,72.8478,1,Urban Heat Island Risk,253.6,10,37.982030905377016
2024-10-12,31.4,86.0,0.7,Dadar,19.0178,72.8478,1,Urban Heat Island Risk,252.4,10,34.07039962902225
2024-10-13,30.6,86.0,2.0,Dadar,19.0178,72.8478,1,Urban Heat Island Risk,252.2,10,42.71770694517405
2024-10-14,31.5,87.0,5.2,Dadar,19.0178,72.8478,1,Urban Heat Island Risk,251.70000000000002,10,44.15357598539212
2024-10-15,29.6,87.0,0.0,Dadar,19.0178,72.8478,1,Urban Heat Island Risk,228.60000000000002,10,34.89284559840147
2024-10-16,30.7,88.0,8.6,Dadar,19.0178,72.8478,1,Urban Heat Island Risk,200.8,10,35.868662623154854
2024-10-17,29.0,91.0,2.9,Dadar,19.0178,72.8478,1,Urban Heat Island Risk,155.70000000000002,10,47.953121933440435
2024-10-18,31.9,85.0,12.4,Dadar,19.0178,72.8478,1,Urban Heat Island Risk,106.39999999999999,10,39.84079753739993
2024-10-19,30.0,88.0,7.9,Dadar,19.0178,72.8478,1,Urban Heat Island Risk,108.5,10,35.151318237300906
2024-10-20,29.8,87.0,6.8,Dadar,19.0178,72.8478,1,Urban Heat Island Risk,110.7,10,54.145971795069684
2024-10-21,30.4,85.0,13.3,Dadar,19.0178,72.8478,1,Urban Heat Island Risk,122.4,10,41.74594617449813
2024-10-22,30.3,87.0,7.3,Dadar,19.0178,72.8478,1,Urban Heat Island Risk,129.1,10,41.15333002466404
2024-10-23,31.4,85.0,0.0,Dadar,19.0178,72.8478,1,Urban Heat Island Risk,127.8,10,34.409701183905476
2024-10-24,32.5,75.0,0.0,Dadar,19.0178,72.8478,1,Urban Heat Island Risk,126.39999999999999,10,26.98535150576652
2024-10-25,31.1,74.0,0.0,Dadar,19.0178,72.8478,1,Urban Heat Island Risk,125.0,10,42.34058379634577
2024-10-26,32.5,68.0,0.0,Dadar,19.0178,72.8478,1,Urban Heat Island Risk,123.89999999999999,10,23.82406289625447
2024-10-27,31.6,78.0,0.0,Dadar,19.0178,72.8478,1,Urban Heat Island Risk,102.5,10,35.99373757488593
2024-10-28,31.8,83.0,0.0,Dadar,19.0178,72.8478,1,Urban Heat Island Risk,101.89999999999999,10,31.212425004798448
2024-10-29,31.2,87.0,0.0,Dadar,19.0178,72.8478,1,Urban Heat Island Risk,101.89999999999999,10,32.72266609076285
2024-10-30,32.7,83.0,0.0,Dadar,19.0178,72.8478,1,Urban Heat Island Risk,95.5,10,40.9632092117528
2024-10-31,32.4,75.0,0.0,Dadar,19.0178,72.8478,1,Urban Heat Island Risk,89.1,10,31.82858700710064
2024-11-01,31.2,82.0,0.3,Dadar,19.0178,72.8478,1,Urban Heat Island Risk,67.4,11,39.59966105663906
2024-11-02,33.0,76.0,0.0,Dadar,19.0178,72.8478,1,Urban Heat Island Risk,66.7,11,32.022217236676646
2024-11-03,34.2,65.0,0.0,Dadar,19.0178,72.8478,1,Urban Heat Island Risk,64.7,11,12.426583606740582
2024-11-04,34.0,60.0,0.0,Dadar,19.0178,72.8478,1,Urban Heat Island Risk,59.5,11,29.428126212276826
2024-11-05,34.3,60.0,0.0,Dadar,19.0178,72.8478,1,Urban Heat Island Risk,59.5,11,6.421880774191305
2024-11-06,33.7,61.0,0.0,Dadar,19.0178,72.8478,1,Urban Heat Island Risk,50.9,11,18.522834616474046
2024-11-07,33.5,57.0,0.0,Dadar,19.0178,72.8478,1,Urban Heat Island Risk,48.0,11,21.2048416341055
2024-11-08,33.8,58.0,0.0,Dadar,19.0178,72.8478,1,Urban Heat Island Risk,35.599999999999994,11,24.708616824852545
2024-11-09,34.1,58.0,0.0,Dadar,19.0178,72.8478,1,Urban Heat Island Risk,27.7,11,21.193591330707434
2024-11-10,33.7,56.0,0.0,Dadar,19.0178,72.8478,1,Urban Heat Island Risk,20.900000000000002,11,21.532592963174682
2024-11-11,33.3,47.0,0.0,Dadar,19.0178,72.8478,1,Urban Heat Island Risk,7.6,11,24.57334661019473
2024-11-12,33.5,53.0,0.0,Dadar,19.0178,72.8478,1,Urban Heat Island Risk,0.3,11,18.60988488238716
2024-11-13,34.8,49.0,0.0,Dadar,19.0178,72.8478,1,Urban Heat Island Risk,0.3,11,8.647171360912484
2024-11-14,35.4,46.0,0.0,Dadar,19.0178,72.8478,1,Urban Heat Island Risk,0.3,11,16.36589144501364
2024-11-15,33.9,58.0,0.3,Dadar,19.0178,72.8478,1,Urban Heat Island Risk,0.6,11,24.701863896014267
2024-11-16,34.3,65.0,0.0,Dadar,19.0178,72.8478,1,Urban Heat Island Risk,0.6,11,26.889138542451974
2024-11-17,35.8,58.0,0.0,Dadar,19.0178,72.8478,1,Urban Heat Island Risk,0.6,11,6.516581182590643
2024-11-18,34.8,52.0,0.0,Dadar,19.0178,72.8478,1,Urban Heat Island Risk,0.6,11,19.597409384837963
2024-11-19,33.8,45.0,0.0,Dadar,19.0178,72.8478,1,Urban Heat Island Risk,0.6,11,20.381466358176358
2024-11-20,33.0,47.0,0.0,Dadar,19.0178,72.8478,1,Urban Heat Island Risk,0.6,11,32.28570825930075
2024-11-21,33.0,49.0,0.0,Dadar,19.0178,72.8478,1,Urban Heat Island Risk,0.6,11,31.443147216724043
2024-11-22,32.7,54.0,0.0,Dadar,19.0178,72.8478,1,Urban Heat Island Risk,0.3,11,29.0893803294556
2024-11-23,32.0,56.0,0.0,Dadar,19.0178,72.8478,1,Urban Heat Island Risk,0.3,11,30.302349216670066
2024-11-24,33.0,56.0,0.0,Dadar,19.0178,72.8478,1,Urban Heat Island Risk,0.3,11,31.137994226374644
2024-11-25,32.8,54.0,0.0,Dadar,19.0178,72.8478,1,Urban Heat Island Risk,0.3,11,30.70118928294951
2024-11-26,32.3,45.0,0.0,Dadar,19.0178,72.8478,1,Urban Heat Island Risk,0.3,11,26.877797989569103
2024-11-27,32.6,42.0,0.0,Dadar,19.0178,72.8478,1,Urban Heat Island Risk,0.3,11,21.96100663260284
2024-11-28,32.1,35.0,0.0,Dadar,19.0178,72.8478,1,Urban Heat Island Risk,0.3,11,29.990668829924346
2024-11-29,31.4,42.0,0.0,Dadar,19.0178,72.8478,1,Urban Heat Island Risk,0.3,11,42.97706907674105
2024-11-30,31.4,43.0,0.0,Dadar,19.0178,72.8478,1,Urban Heat Island Risk,0.3,11,41.132435793665195
2024-12-01,32.5,52.0,0.0,Dadar,19.0178,72.8478,1,Urban Heat Island Risk,0.3,12,23.60502931831376
2024-12-02,33.8,57.0,0.0,Dadar,19.0178,72.8478,1,Urban Heat Island Risk,0.3,12,15.96121292050041
2024-12-03,33.5,59.0,0.2,Dadar,19.0178,72.8478,1,Urban Heat Island Risk,0.5,12,29.873419248397433
2024-12-04,34.2,66.0,0.2,Dadar,19.0178,72.8478,1,Urban Heat Island Risk,0.7,12,13.855153809544172
2024-12-05,34.2,69.0,0.0,Dadar,19.0178,72.8478,1,Urban Heat Island Risk,0.7,12,22.079809951543357
2024-12-06,32.7,65.0,0.0,Dadar,19.0178,72.8478,1,Urban Heat Island Risk,0.4,12,24.9529772566517
2024-12-07,32.8,51.0,0.0,Dadar,19.0178,72.8478,1,Urban Heat Island Risk,0.4,12,35.5518912892751
2024-12-08,31.1,44.0,0.0,Dadar,19.0178,72.8478,1,Urban Heat Island Risk,0.4,12,33.2478760043106
2024-12-09,30.9,36.0,0.0,Dadar,19.0178,72.8478,1,Urban Heat Island Risk,0.4,12,43.950140984362484
2024-12-10,31.4,48.0,0.0,Dadar,19.0178,72.8478,1,Urban Heat Island Risk,0.4,12,36.32429327030183
2024-12-11,33.5,57.0,0.0,Dadar,19.0178,72.8478,1,Urban Heat Island Risk,0.4,12,24.760974271171435
2024-12-12,31.1,60.0,0.0,Dadar,19.0178,72.8478,1,Urban Heat Island Risk,0.4,12,27.24845709324299
2024-12-13,32.2,51.0,0.0,Dadar,19.0178,72.8478,1,Urban Heat Island Risk,0.4,12,19.85209990063806
2024-12-14,32.8,43.0,0.0,Dadar,19.0178,72.8478,1,Urban Heat Island Risk,0.4,12,26.363836965330112
2024-12-15,33.2,44.0,0.0,Dadar,19.0178,72.8478,1,Urban Heat Island Risk,0.4,12,26.434530317083045
2024-12-16,32.3,44.0,0.0,Dadar,19.0178,72.8478,1,Urban Heat Island Risk,0.4,12,24.674010861311398
2024-12-17,30.8,49.0,0.0,Dadar,19.0178,72.8478,1,Urban Heat Island Risk,0.4,12,33.356532947618284
2024-12-18,32.2,56.0,0.0,Dadar,19.0178,72.8478,1,Urban Heat Island Risk,0.4,12,33.67402981579732
2024-12-19,29.6,69.0,0.0,Dadar,19.0178,72.8478,1,Urban Heat Island Risk,0.4,12,48.41427240228565
2024-12-20,28.1,72.0,0.0,Dadar,19.0178,72.8478,1,Urban Heat Island Risk,0.4,12,53.41129469806036
2024-12-21,27.9,75.0,0.0,Dadar,19.0178,72.8478,1,Urban Heat Island Risk,0.4,12,59.13434193926372
2024-12-22,27.8,77.0,0.0,Dadar,19.0178,72.8478,1,Urban Heat Island Risk,0.4,12,49.928988521399255
2024-12-23,27.3,71.0,0.0,Dadar,19.0178,72.8478,1,Urban Heat Island Risk,0.4,12,56.85365874789847
2024-12-24,28.5,60.0,0.0,Dadar,19.0178,72.8478,1,Urban Heat Island Risk,0.2,12,60.0727213622517
2024-12-25,28.7,61.0,0.0,Dadar,19.0178,72.8478,1,Urban Heat Island Risk,0.0,12,51.041610649699095
2024-12-26,29.5,68.0,0.0,Dadar,19.0178,72.8478,1,Urban Heat Island Risk,0.0,12,46.79822923960167
2024-12-27,28.2,70.0,0.0,Dadar,19.0178,72.8478,1,Urban Heat Island Risk,0.0,12,65.06306626317203
2024-12-28,29.9,68.0,0.3,Dadar,19.0178,72.8478,1,Urban Heat Island Risk,0.3,12,36.90328917075615
2024-12-29,30.4,69.0,0.0,Dadar,19.0178,72.8478,1,Urban Heat Island Risk,0.3,12,45.04881849987723
2024-12-30,32.5,63.0,0.0,Dadar,19.0178,72.8478,1,Urban Heat Island Risk,0.3,12,37.48659806570716
2024-12-31,33.2,59.0,0.0,Dadar,19.0178,72.8478,1,Urban Heat Island Risk,0.3,12,23.575710367507256
2025-01-01,32.4,61.0,0.0,Dadar,19.0178,72.8478,1,Urban Heat Island Risk,0.3,1,34.031487267607574
2025-01-02,32.8,58.0,0.0,Dadar,19.0178,72.8478,1,Urban Heat Island Risk,0.3,1,22.556569180612158
2025-01-03,33.3,52.0,0.0,Dadar,19.0178,72.8478,1,Urban Heat Island Risk,0.3,1,21.19967135549659
2025-01-04,32.9,48.0,0.0,Dadar,19.0178,72.8478,1,Urban Heat Island Risk,0.3,1,28.824832080238178
2025-01-05,29.2,62.0,0.0,Dadar,19.0178,72.8478,1,Urban Heat Island Risk,0.3,1,51.859500032219614
2025-01-06,29.9,59.0,0.0,Dadar,19.0178,72.8478,1,Urban Heat Island Risk,0.3,1,49.504682562031235
2025-01-07,31.4,53.0,0.0,Dadar,19.0178,72.8478,1,Urban Heat Island Risk,0.3,1,43.24814293469747
2025-01-08,30.6,54.0,0.0,Dadar,19.0178,72.8478,1,Urban Heat Island Risk,0.3,1,39.596100540557416
2025-01-09,32.0,46.0,0.0,Dadar,19.0178,72.8478,1,Urban Heat Island Risk,0.3,1,37.96805877586294
2025-01-10,31.3,51.0,0.0,Dadar,19.0178,72.8478,1,Urban Heat Island Risk,0.3,1,34.255142449420916
2025-01-11,28.5,63.0,0.0,Dadar,19.0178,72.8478,1,Urban Heat Island Risk,0.3,1,56.343789891274675
2025-01-12,30.0,60.0,0.0,Dadar,19.0178,72.8478,1,Urban Heat Island Risk,0.3,1,44.370777322594236
2025-01-13,32.7,55.0,0.0,Dadar,19.0178,72.8478,1,Urban Heat Island Risk,0.3,1,30.261722868742936
2025-01-14,32.9,57.0,0.0,Dadar,19.0178,72.8478,1,Urban Heat Island Risk,0.3,1,29.017539370110192
2025-01-15,30.1,67.0,0.0,Dadar,19.0178,72.8478,1,Urban Heat Island Risk,0.3,1,34.743141617677594
2025-01-16,29.7,66.0,0.0,Dadar,19.0178,72.8478,1,Urban Heat Island Risk,0.3,1,39.41272403902947
2025-01-17,33.3,60.0,0.0,Dadar,19.0178,72.8478,1,Urban Heat Island Risk,0.3,1,25.146040532420958
2025-01-18,34.0,46.0,0.0,Dadar,19.0178,72.8478,1,Urban Heat Island Risk,0.0,1,12.230271268460825
2025-01-19,33.2,46.0,0.0,Dadar,19.0178,72.8478,1,Urban Heat Island Risk,0.0,1,29.356055515998765
2025-01-20,33.2,46.0,0.0,Dadar,19.0178,72.8478,1,Urban Heat Island Risk,0.0,1,29.557779831440694
2025-01-21,31.4,51.0,0.0,Dadar,19.0178,72.8478,1,Urban Heat Island Risk,0.0,1,37.035852764388956
2025-01-22,31.4,53.0,0.0,Dadar,19.0178,72.8478,1,Urban Heat Island Risk,0.0,1,29.794329936210396
2025-01-23,30.5,50.0,0.0,Dadar,19.0178,72.8478,1,Urban Heat Island Risk,0.0,1,47.400694694342576
2025-01-24,31.7,49.0,0.0,Dadar,19.0178,72.8478,1,Urban Heat Island Risk,0.0,1,43.886053198591796
2025-01-25,33.2,57.0,0.0,Dadar,19.0178,72.8478,1,Urban Heat Island Risk,0.0,1,25.935384137229853
2025-01-26,33.5,59.0,0.0,Dadar,19.0178,72.8478,1,Urban Heat Island Risk,0.0,1,26.05267689225618
2025-01-27,32.5,56.0,0.0,Dadar,19.0178,72.8478,1,Urban Heat Island Risk,0.0,1,30.175359940646885
2025-01-28,30.5,57.0,0.0,Dadar,19.0178,72.8478,1,Urban Heat Island Risk,0.0,1,43.151845944993994
2025-01-29,30.8,58.0,0.0,Dadar,19.0178,72.8478,1,Urban Heat Island Risk,0.0,1,38.202206216868014
2025-01-30,31.4,52.0,0.0,Dadar,19.0178,72.8478,1,Urban Heat Island Risk,0.0,1,35.22717880078099
2025-01-31,29.5,59.0,0.0,Dadar,19.0178,72.8478,1,Urban Heat Island Risk,0.0,1,50.6952546691535
2025-02-01,29.1,58.0,0.0,Dadar,19.0178,72.8478,1,Urban Heat Island Risk,0.0,2,60.16145414281553
2025-02-02,30.9,45.0,0.0,Dadar,19.0178,72.8478,1,Urban Heat Island Risk,0.0,2,31.232977161324648
2025-02-03,28.9,52.0,0.0,Dadar,19.0178,72.8478,1,Urban Heat Island Risk,0.0,2,49.04760424465184
2025-02-04,29.7,53.0,0.0,Dadar,19.0178,72.8478,1,Urban Heat Island Risk,0.0,2,39.13103090717293
2025-02-05,31.5,38.0,0.0,Dadar,19.0178,72.8478,1,Urban Heat Island Risk,0.0,2,42.793457826213746
2025-02-06,31.8,43.0,0.0,Dadar,19.0178,72.8478,1,Urban Heat Island Risk,0.0,2,30.194643486733835
2025-02-07,34.3,53.0,0.0,Dadar,19.0178,72.8478,1,Urban Heat Island Risk,0.0,2,11.750662697737713
2025-02-08,33.2,55.0,0.0,Dadar,19.0178,72.8478,1,Urban Heat Island Risk,0.0,2,28.39093499424285
2025-02-09,33.0,48.0,0.0,Dadar,19.0178,72.8478,1,Urban Heat Island Risk,0.0,2,35.05488890704889
2025-02-10,33.5,46.0,0.0,Dadar,19.0178,72.8478,1,Urban Heat Island Risk,0.0,2,26.817989342803813
2025-02-11,32.3,47.0,0.0,Dadar,19.0178,72.8478,1,Urban Heat Island Risk,0.0,2,31.3239893864096
2025-02-12,33.2,49.0,0.0,Dadar,19.0178,72.8478,1,Urban Heat Island Risk,0.0,2,27.245704613879955
2025-02-13,34.8,40.0,0.0,Dadar,19.0178,72.8478,1,Urban Heat Island Risk,0.0,2,23.207536647461126
2025-02-14,34.7,35.0,0.0,Dadar,19.0178,72.8478,1,Urban Heat Island Risk,0.0,2,12.329003649929236
2025-02-15,35.2,31.0,0.0,Dadar,19.0178,72.8478,1,Urban Heat Island Risk,0.0,2,13.307431146235086
2025-02-16,35.1,35.0,0.0,Dadar,19.0178,72.8478,1,Urban Heat Island Risk,0.0,2,12.169882590785658
2025-02-17,34.2,44.0,0.0,Dadar,19.0178,72.8478,1,Urban Heat Island Risk,0.0,2,13.694006796874767
2025-02-18,34.8,39.0,0.0,Dadar,19.0178,72.8478,1,Urban Heat Island Risk,0.0,2,14.491457036249338
2025-02-19,33.4,38.0,0.0,Dadar,19.0178,72.8478,1,Urban Heat Island Risk,0.0,2,29.605272146578915
2025-02-20,34.7,39.0,0.0,Dadar,19.0178,72.8478,1,Urban Heat Island Risk,0.0,2,19.53301074196361
2025-02-21,36.7,31.0,0.0,Dadar,19.0178,72.8478,1,Urban Heat Island Risk,0.0,2,8.588219167207654
2025-02-22,34.9,34.0,0.0,Dadar,19.0178,72.8478,1,Urban Heat Island Risk,0.0,2,16.299044724933268
2025-02-23,35.7,34.0,0.0,Dadar,19.0178,72.8478,1,Urban Heat Island Risk,0.0,2,13.64995224697626
2025-02-24,36.8,33.0,0.0,Dadar,19.0178,72.8478,1,Urban Heat Island Risk,0.0,2,5.0
2025-02-25,37.5,34.0,0.0,Dadar,19.0178,72.8478,1,Urban Heat Island Risk,0.0,2,5.0
2025-02-26,37.2,46.0,0.0,Dadar,19.0178,72.8478,1,Urban Heat Island Risk,0.0,2,5.0
2025-02-27,35.8,44.0,0.0,Dadar,19.0178,72.8478,1,Urban Heat Island Risk,0.0,2,11.854245961076135
2025-02-28,33.4,51.0,0.0,Dadar,19.0178,72.8478,1,Urban Heat Island Risk,0.0,2,25.66760594127604
2025-03-01,33.7,42.0,0.0,Dadar,19.0178,72.8478,1,Urban Heat Island Risk,0.0,3,14.30832358991811
2025-03-02,36.2,36.0,0.0,Dadar,19.0178,72.8478,1,Urban Heat Island Risk,0.0,3,13.112882994348352
2025-03-03,36.2,39.0,0.0,Dadar,19.0178,72.8478,1,Urban Heat Island Risk,0.0,3,30.78885641522149
2025-03-04,35.8,39.0,0.0,Dadar,19.0178,72.8478,1,Urban Heat Island Risk,0.0,3,19.533936364661994
2025-03-05,36.8,31.0,0.0,Dadar,19.0178,72.8478,1,Urban Heat Island Risk,0.0,3,17.065737379763114
2025-03-06,35.0,30.0,0.0,Dadar,19.0178,72.8478,1,Urban Heat Island Risk,0.0,3,13.83395750896803
2025-03-07,36.9,30.0,0.0,Dadar,19.0178,72.8478,1,Urban Heat Island Risk,0.0,3,12.743905865280617
2025-03-08,36.0,35.0,0.0,Dadar,19.0178,72.8478,1,Urban Heat Island Risk,0.0,3,14.345997031365222
2025-03-09,35.6,48.0,0.0,Dadar,19.0178,72.8478,1,Urban Heat Island Risk,0.0,3,16.464144217933416
2025-03-10,39.0,35.0,0.0,Dadar,19.0178,72.8478,1,Urban Heat Island Risk,0.0,3,5.597822279684593
2025-03-11,37.4,44.0,0.0,Dadar,19.0178,72.8478,1,Urban Heat Island Risk,0.0,3,7.153052023126581
2025-03-12,37.0,50.0,0.0,Dadar,19.0178,72.8478,1,Urban Heat Island Risk,0.0,3,11.815588055305213
2025-03-13,34.2,62.0,0.0,Dadar,19.0178,72.8478,1,Urban Heat Island Risk,0.0,3,16.035697183892843
2025-03-14,34.7,57.0,0.0,Dadar,19.0178,72.8478,1,Urban Heat Island Risk,0.0,3,13.803634264240744
2025-03-15,35.5,54.0,0.0,Dadar,19.0178,72.8478,1,Urban Heat Island Risk,0.0,3,22.39060613049742
2025-03-16,33.2,53.0,0.0,Dadar,19.0178,72.8478,1,Urban Heat Island Risk,0.0,3,7.588016065021156
2025-03-17,33.5,58.0,0.0,Dadar,19.0178,72.8478,1,Urban Heat Island Risk,0.0,3,11.243272651983148
2025-03-18,33.2,65.0,0.0,Dadar,19.0178,72.8478,1,Urban Heat Island Risk,0.0,3,22.600458704955507
2025-03-19,32.3,64.0,0.0,Dadar,19.0178,72.8478,1,Urban Heat Island Risk,0.0,3,15.655596623375734
2025-03-20,35.1,45.0,0.0,Dadar,19.0178,72.8478,1,Urban Heat Island Risk,0.0,3,19.424212914005793
2025-03-21,32.4,58.0,0.0,Dadar,19.0178,72.8478,1,Urban Heat Island Risk,0.0,3,25.256234716347315
2025-03-22,32.7,65.0,0.0,Dadar,19.0178,72.8478,1,Urban Heat Island Risk,0.0,3,11.530977910490886
2025-03-23,33.8,68.0,0.0,Dadar,19.0178,72.8478,1,Urban Heat Island Risk,0.0,3,14.50342831103984
2025-03-24,32.9,75.0,0.0,Dadar,19.0178,72.8478,1,Urban Heat Island Risk,0.0,3,13.637865495345642
2025-03-25,33.2,67.0,0.0,Dadar,19.0178,72.8478,1,Urban Heat Island Risk,0.0,3,5.227034977583623
2025-03-26,31.5,73.0,0.0,Dadar,19.0178,72.8478,1,Urban Heat Island Risk,0.0,3,13.448015981220156
2025-03-27,30.8,76.0,0.0,Dadar,19.0178,72.8478,1,Urban Heat Island Risk,0.0,3,19.405310936903327
2025-03-28,32.5,61.0,0.0,Dadar,19.0178,72.8478,1,Urban Heat Island Risk,0.0,3,17.702947709061206
2025-03-29,36.2,31.0,0.0,Dadar,19.0178,72.8478,1,Urban Heat Island Risk,0.0,3,18.09541584694005
2025-03-30,37.7,39.0,0.0,Dadar,19.0178,72.8478,1,Urban Heat Island Risk,0.0,3,13.122455096802502
2025-03-31,37.0,44.0,0.0,Dadar,19.0178,72.8478,1,Urban Heat Island Risk,0.0,3,11.719513819971793
2025-04-01,38.8,44.0,0.0,Dadar,19.0178,72.8478,1,Urban Heat Island Risk,0.0,4,21.346278359493102
2025-04-02,37.4,41.0,0.0,Dadar,19.0178,72.8478,1,Urban Heat Island Risk,0.0,4,12.513414268211651
2025-04-03,32.5,73.0,0.6,Dadar,19.0178,72.8478,1,Urban Heat Island Risk,0.6,4,16.47041019396607
2025-04-04,33.2,76.0,1.0,Dadar,19.0178,72.8478,1,Urban Heat Island Risk,1.6,4,15.816673403387693
2025-04-05,35.4,63.0,0.0,Dadar,19.0178,72.8478,1,Urban Heat Island Risk,1.6,4,22.308585081285592
2025-04-06,35.7,59.0,0.0,Dadar,19.0178,72.8478,1,Urban Heat Island Risk,1.6,4,19.857061788361797
2025-04-07,36.4,57.0,0.0,Dadar,19.0178,72.8478,1,Urban Heat Island Risk,1.6,4,8.523706896664397
2025-04-08,36.5,49.0,0.0,Dadar,19.0178,72.8478,1,Urban Heat Island Risk,1.6,4,9.0622341661248
2025-04-09,34.6,58.0,0.0,Dadar,19.0178,72.8478,1,Urban Heat Island Risk,1.6,4,17.89454909034567
2025-04-10,33.2,74.0,0.0,Dadar,19.0178,72.8478,1,Urban Heat Island Risk,1.6,4,14.678311763104167
2025-04-11,33.0,73.0,0.0,Dadar,19.0178,72.8478,1,Urban Heat Island Risk,1.6,4,12.724141080231181
2025-04-12,32.2,75.0,0.1,Dadar,19.0178,72.8478,1,Urban Heat Island Risk,1.7000000000000002,4,20.078139419972352
2025-04-13,32.7,75.0,0.0,Dadar,19.0178,72.8478,1,Urban Heat Island Risk,1.7000000000000002,4,15.937296910444553
2025-04-14,36.4,62.0,0.0,Dadar,19.0178,72.8478,1,Urban Heat Island Risk,1.7000000000000002,4,15.26228693444722
2025-04-15,35.1,62.0,0.0,Dadar,19.0178,72.8478,1,Urban Heat Island Risk,1.7000000000000002,4,18.89914320377525
2025-04-16,33.0,74.0,0.0,Dadar,19.0178,72.8478,1,Urban Heat Island Risk,1.7000000000000002,4,13.124455025282177
2025-04-17,32.4,78.0,0.0,Dadar,19.0178,72.8478,1,Urban Heat Island Risk,1.7000000000000002,4,22.84259492736277
2025-04-18,32.3,76.0,0.0,Dadar,19.0178,72.8478,1,Urban Heat Island Risk,1.7000000000000002,4,11.059761883834959
2025-04-19,32.7,75.0,0.0,Dadar,19.0178,72.8478,1,Urban Heat Island Risk,1.7000000000000002,4,18.28464533171044
2025-04-20,33.0,72.0,0.0,Dadar,19.0178,72.8478,1,Urban Heat Island Risk,1.7000000000000002,4,22.169164193299224
2025-04-21,32.7,74.0,0.0,Dadar,19.0178,72.8478,1,Urban Heat Island Risk,1.7000000000000002,4,8.1135225536395
2025-04-22,34.3,70.0,0.0,Dadar,19.0178,72.8478,1,Urban Heat Island Risk,1.7000000000000002,4,13.283324120737754
2025-04-23,34.8,72.0,0.0,Dadar,19.0178,72.8478,1,Urban Heat Island Risk,1.7000000000000002,4,20.71103696442779
2025-04-24,33.3,74.0,0.0,Dadar,19.0178,72.8478,1,Urban Heat Island Risk,1.1,4,20.786222738655127
2025-04-25,33.7,71.0,0.0,Dadar,19.0178,72.8478,1,Urban Heat Island Risk,0.10000000000000012,4,14.142521998058804
2025-04-26,33.2,71.0,0.0,Dadar,19.0178,72.8478,1,Urban Heat Island Risk,0.10000000000000012,4,11.326644531615703
2025-04-27,33.3,74.0,0.0,Dadar,19.0178,72.8478,1,Urban Heat Island Risk,0.10000000000000012,4,19.779679111653813
2025-04-28,32.8,75.0,0.0,Dadar,19.0178,72.8478,1,Urban Heat Island Risk,0.10000000000000012,4,20.917745512908024
2025-04-29,32.8,76.0,0.0,Dadar,19.0178,72.8478,1,Urban Heat Island Risk,0.10000000000000012,4,9.176683257438025
2025-04-30,33.0,75.0,0.0,Dadar,19.0178,72.8478,1,Urban Heat Island Risk,0.10000000000000012,4,8.980431755168098
2025-05-01,33.3,75.0,0.0,Dadar,19.0178,72.8478,1,Urban Heat Island Risk,0.10000000000000012,5,16.126283409918
2025-05-02,34.5,68.0,0.0,Dadar,19.0178,72.8478,1,Urban Heat Island Risk,0.10000000000000012,5,18.146803167144462
2025-05-03,33.2,68.0,0.0,Dadar,19.0178,72.8478,1,Urban Heat Island Risk,0.0,5,13.504654573849725
2025-05-04,32.9,68.0,0.0,Dadar,19.0178,72.8478,1,Urban Heat Island Risk,0.0,5,18.396469099911748
2025-05-05,33.5,70.0,0.0,Dadar,19.0178,72.8478,1,Urban Heat Island Risk,0.0,5,11.44931696581309
2025-05-06,32.8,73.0,6.3,Dadar,19.0178,72.8478,1,Urban Heat Island Risk,6.3,5,5.0
2025-05-07,32.3,73.0,3.0,Dadar,19.0178,72.8478,1,Urban Heat Island Risk,9.3,5,12.88049463833702
2025-05-08,29.4,81.0,9.3,Dadar,19.0178,72.8478,1,Urban Heat Island Risk,18.6,5,15.316160732565505
2025-05-09,28.5,82.0,2.0,Dadar,19.0178,72.8478,1,Urban Heat Island Risk,20.6,5,13.620800200517717
2025-05-10,30.9,81.0,0.5,Dadar,19.0178,72.8478,1,Urban Heat Island Risk,21.1,5,9.206983681702575
2025-05-11,32.5,76.0,0.4,Dadar,19.0178,72.8478,1,Urban Heat Island Risk,21.5,5,5.921755120605912
2025-05-12,33.6,70.0,1.6,Dadar,19.0178,72.8478,1,Urban Heat Island Risk,23.1,5,12.429555978160511
2025-05-13,33.8,70.0,1.7,Dadar,19.0178,72.8478,1,Urban Heat Island Risk,24.8,5,19.48827885824872
2025-05-14,33.2,72.0,0.6,Dadar,19.0178,72.8478,1,Urban Heat Island Risk,25.400000000000002,5,21.280987197068413
2025-05-15,33.2,70.0,1.8,Dadar,19.0178,72.8478,1,Urban Heat Island Risk,27.200000000000003,5,20.938566920692274
2025-05-16,33.8,65.0,1.0,Dadar,19.0178,72.8478,1,Urban Heat Island Risk,28.200000000000003,5,10.920452324257235
2025-05-17,32.5,66.0,0.9,Dadar,19.0178,72.8478,1,Urban Heat Island Risk,29.1,5,9.231468381848181
2025-05-18,34.4,61.0,0.0,Dadar,19.0178,72.8478,1,Urban Heat Island Risk,29.1,5,17.483173074899476
2025-05-19,32.3,69.0,0.2,Dadar,19.0178,72.8478,1,Urban Heat Island Risk,29.3,5,18.175500057989627
2025-05-20,34.3,75.0,8.7,Dadar,19.0178,72.8478,1,Urban Heat Island Risk,38.0,5,17.000848026002487
2025-05-21,31.5,83.0,1.1,Dadar,19.0178,72.8478,1,Urban Heat Island Risk,39.1,5,5.0
2025-05-22,31.8,82.0,21.2,Dadar,19.0178,72.8478,1,Urban Heat Island Risk,60.3,5,10.665577075582668
2025-05-23,32.5,86.0,2.2,Dadar,19.0178,72.8478,1,Urban Heat Island Risk,62.5,5,14.851556048570108
2025-05-24,32.1,84.0,8.9,Dadar,19.0178,72.8478,1,Urban Heat Island Risk,71.4,5,17.436090973152137
2025-05-25,28.5,91.0,27.3,Dadar,19.0178,72.8478,1,Urban Heat Island Risk,98.7,5,18.836536813012433
2025-05-26,27.8,93.0,54.0,Dadar,19.0178,72.8478,1,Urban Heat Island Risk,152.7,5,15.7212676114102
2025-05-27,29.8,89.0,9.1,Dadar,19.0178,72.8478,1,Urban Heat Island Risk,155.5,5,16.65391903269118
2025-05-28,27.8,90.0,11.5,Dadar,19.0178,72.8478,1,Urban Heat Island Risk,164.0,5,15.42432729180552
2025-05-29,31.4,86.0,5.6,Dadar,19.0178,72.8478,1,Urban Heat Island Risk,160.3,5,18.428096871092414
2025-05-30,31.5,78.0,1.8,Dadar,19.0178,72.8478,1,Urban Heat Island Risk,160.1,5,16.564328257454555
2025-05-31,31.0,80.0,3.5,Dadar,19.0178,72.8478,1,Urban Heat Island Risk,163.1,5,15.328688300236436
2025-06-01,29.2,85.0,11.1,Dadar,19.0178,72.8478,1,Urban Heat Island Risk,173.8,6,13.658156004313096
2025-06-02,30.6,83.0,8.8,Dadar,19.0178,72.8478,1,Urban Heat Island Risk,181.0,6,15.406457125212405
2025-06-03,30.1,84.0,12.8,Dadar,19.0178,72.8478,1,Urban Heat Island Risk,192.1,6,17.422956894196375
2025-06-04,29.2,85.0,4.5,Dadar,19.0178,72.8478,1,Urban Heat Island Risk,196.0,6,16.337376944490305
2025-06-05,30.2,83.0,1.6,Dadar,19.0178,72.8478,1,Urban Heat Island Risk,195.8,6,16.904132091726268
2025-06-06,30.2,83.0,4.7,Dadar,19.0178,72.8478,1,Urban Heat Island Risk,199.5,6,21.713609306755927
2025-06-07,29.6,86.0,8.1,Dadar,19.0178,72.8478,1,Urban Heat Island Risk,206.70000000000002,6,16.325819613732936
2025-06-08,30.2,82.0,4.4,Dadar,19.0178,72.8478,1,Urban Heat Island Risk,211.10000000000002,6,11.755007397634213
2025-06-09,30.8,77.0,2.0,Dadar,19.0178,72.8478,1,Urban Heat Island Risk,212.89999999999998,6,19.418033929970846
2025-06-10,30.5,80.0,0.8,Dadar,19.0178,72.8478,1,Urban Heat Island Risk,205.0,6,8.169008311655412
2025-06-11,31.8,77.0,0.8,Dadar,19.0178,72.8478,1,Urban Heat Island Risk,204.70000000000002,6,9.592933096303565
2025-06-12,31.5,78.0,2.8,Dadar,19.0178,72.8478,1,Urban Heat Island Risk,186.29999999999998,6,16.679236323600346
2025-06-13,30.5,86.0,29.6,Dadar,19.0178,72.8478,1,Urban Heat Island Risk,213.7,6,17.581983338932893
2025-06-14,30.5,90.0,58.0,Dadar,19.0178,72.8478,1,Urban Heat Island Risk,262.8,6,8.774743882480024
2025-06-15,29.6,93.0,55.5,Dadar,19.0178,72.8478,1,Urban Heat Island Risk,291.0,6,13.085912595066251
2025-06-16,27.1,92.0,100.9,Dadar,19.0178,72.8478,1,Urban Heat Island Risk,337.9,6,11.969580838901706
2025-06-17,29.5,85.0,17.5,Dadar,19.0178,72.8478,1,Urban Heat Island Risk,346.3,6,12.566618385592015
2025-06-18,28.4,89.0,86.1,Dadar,19.0178,72.8478,1,Urban Heat Island Risk,420.90000000000003,6,19.71798888136473
2025-06-19,28.4,91.0,65.8,Dadar,19.0178,72.8478,1,Urban Heat Island Risk,481.1,6,18.532527317736264
2025-06-20,29.5,84.0,11.3,Dadar,19.0178,72.8478,1,Urban Heat Island Risk,490.59999999999997,6,14.904389100731462
2025-06-21,30.0,85.0,10.0,Dadar,19.0178,72.8478,1,Urban Heat Island Risk,497.09999999999997,6,12.27019036442536
2025-06-22,29.1,84.0,15.8,Dadar,19.0178,72.8478,1,Urban Heat Island Risk,501.8,6,8.251751648899297
2025-06-23,28.3,87.0,51.2,Dadar,19.0178,72.8478,1,Urban Heat Island Risk,544.2,6,22.100924693909743
2025-06-24,29.1,87.0,26.7,Dadar,19.0178,72.8478,1,Urban Heat Island Risk,558.1,6,17.960569501424594
2025-06-25,30.0,82.0,10.0,Dadar,19.0178,72.8478,1,Urban Heat Island Risk,563.6,6,11.466654479634297
2025-06-26,28.6,89.0,25.0,Dadar,19.0178,72.8478,1,Urban Heat Island Risk,587.0,6,18.597997488124456
2025-06-27,28.8,83.0,13.9,Dadar,19.0178,72.8478,1,Urban Heat Island Risk,596.1999999999999,6,14.648881897126872
2025-06-28,29.4,81.0,21.5,Dadar,19.0178,72.8478,1,Urban Heat Island Risk,609.5999999999999,6,13.564452475688286
2025-06-29,28.9,84.0,18.1,Dadar,19.0178,72.8478,1,Urban Heat Island Risk,623.3,6,17.17605764144801
2025-06-30,29.1,84.0,22.2,Dadar,19.0178,72.8478,1,Urban Heat Island Risk,643.5,6,11.292508750436376
2025-07-01,28.8,86.0,34.3,Dadar,19.0178,72.8478,1,Urban Heat Island Risk,677.0,7,13.28121740244945
2025-07-02,28.7,88.0,40.8,Dadar,19.0178,72.8478,1,Urban Heat Island Risk,717.0,7,15.60730532099773
2025-07-03,28.2,87.0,26.3,Dadar,19.0178,72.8478,1,Urban Heat Island Risk,740.5,7,12.502744035573933
2025-07-04,28.0,85.0,20.2,Dadar,19.0178,72.8478,1,Urban Heat Island Risk,731.1,7,18.34542605133762
2025-07-05,27.5,86.0,37.9,Dadar,19.0178,72.8478,1,Urban Heat Island Risk,711.0,7,24.345332518391302
2025-07-06,27.5,87.0,31.3,Dadar,19.0178,72.8478,1,Urban Heat Island Risk,686.8,7,11.228509336964287
2025-07-07,28.5,85.0,7.6,Dadar,19.0178,72.8478,1,Urban Heat Island Risk,593.5,7,6.6743735184797774
2025-07-08,28.6,83.0,3.7,Dadar,19.0178,72.8478,1,Urban Heat Island Risk,579.7,7,5.0
2025-07-09,27.5,87.0,15.4,Dadar,19.0178,72.8478,1,Urban Heat Island Risk,509.0,7,14.24765929252509
2025-07-10,29.0,85.0,6.5,Dadar,19.0178,72.8478,1,Urban Heat Island Risk,449.70000000000005,7,11.684177049369087
2025-07-11,28.0,86.0,6.1,Dadar,19.0178,72.8478,1,Urban Heat Island Risk,444.5,7,16.039302505335403
2025-07-12,29.3,85.0,4.9,Dadar,19.0178,72.8478,1,Urban Heat Island Risk,439.40000000000003,7,15.662988360130505
2025-07-13,28.5,86.0,14.7,Dadar,19.0178,72.8478,1,Urban Heat Island Risk,438.3,7,6.983915766929519
2025-07-14,27.5,90.0,51.0,Dadar,19.0178,72.8478,1,Urban Heat Island Risk,438.1,7,5.9255808525929705
2025-07-15,27.6,87.0,15.8,Dadar,19.0178,72.8478,1,Urban Heat Island Risk,427.2,7,16.479666201730478
2025-07-16,29.1,85.0,7.9,Dadar,19.0178,72.8478,1,Urban Heat Island Risk,425.09999999999997,7,15.677144173599785
2025-07-17,29.3,85.0,4.1,Dadar,19.0178,72.8478,1,Urban Heat Island Risk,404.2,7,12.870910008167243
2025-07-18,29.5,83.0,2.7,Dadar,19.0178,72.8478,1,Urban Heat Island Risk,393.0,7,6.7142820743384775
2025-07-19,28.3,85.0,6.3,Dadar,19.0178,72.8478,1,Urban Heat Island Risk,377.8,7,17.356956313824952
2025-07-20,28.0,88.0,12.3,Dadar,19.0178,72.8478,1,Urban Heat Island Risk,371.99999999999994,7,21.359497727119717
2025-07-21,28.0,89.0,17.7,Dadar,19.0178,72.8478,1,Urban Heat Island Risk,367.5,7,16.38991220109461
2025-07-22,28.0,88.0,18.4,Dadar,19.0178,72.8478,1,Urban Heat Island Risk,351.6,7,10.762630547174677
2025-07-23,28.0,87.0,18.6,Dadar,19.0178,72.8478,1,Urban Heat Island Risk,329.40000000000003,7,15.222760827855756
2025-07-24,27.4,87.0,14.9,Dadar,19.0178,72.8478,1,Urban Heat Island Risk,318.0,7,8.169429595331575
2025-07-25,27.1,89.0,40.3,Dadar,19.0178,72.8478,1,Urban Heat Island Risk,338.1,7,20.289803569193964
2025-07-26,28.0,86.0,17.4,Dadar,19.0178,72.8478,1,Urban Heat Island Risk,317.59999999999997,7,15.409221672647694
2025-07-27,28.1,83.0,10.5,Dadar,19.0178,72.8478,1,Urban Heat Island Risk,296.8,7,6.15921544123384
2025-07-28,28.3,82.0,8.8,Dadar,19.0178,72.8478,1,Urban Heat Island Risk,298.0,7,13.496628197781586
2025-07-29,27.5,84.0,8.6,Dadar,19.0178,72.8478,1,Urban Heat Island Risk,302.90000000000003,7,17.316507551171153
2025-07-30,27.2,87.0,7.8,Dadar,19.0178,72.8478,1,Urban Heat Island Risk,295.29999999999995,7,13.334761895122387
2025-07-31,27.6,85.0,3.9,Dadar,19.0178,72.8478,1,Urban Heat Island Risk,292.7,7,13.62052139279913
2025-08-01,28.4,83.0,4.1,Dadar,19.0178,72.8478,1,Urban Heat Island Risk,290.7,8,8.877988964763642
2025-08-02,28.3,86.0,8.7,Dadar,19.0178,72.8478,1,Urban Heat Island Risk,294.5,8,17.83270493540828
2025-08-03,28.1,86.0,4.0,Dadar,19.0178,72.8478,1,Urban Heat Island Risk,283.79999999999995,8,11.757653999904313
2025-08-04,28.6,85.0,3.5,Dadar,19.0178,72.8478,1,Urban Heat Island Risk,236.29999999999998,8,5.0
2025-08-05,28.9,84.0,4.3,Dadar,19.0178,72.8478,1,Urban Heat Island Risk,224.8,8,13.14371314664803
2025-08-06,29.2,84.0,1.2,Dadar,19.0178,72.8478,1,Urban Heat Island Risk,218.1,8,19.905748577851767
2025-08-07,27.9,87.0,3.2,Dadar,19.0178,72.8478,1,Urban Heat Island Risk,217.2,8,13.065352767000263
2025-08-08,28.1,86.0,2.9,Dadar,19.0178,72.8478,1,Urban Heat Island Risk,217.39999999999998,8,23.689924925617603
2025-08-09,28.5,86.0,1.6,Dadar,19.0178,72.8478,1,Urban Heat Island Risk,212.7,8,17.144839742742587
2025-08-10,28.1,86.0,3.2,Dadar,19.0178,72.8478,1,Urban Heat Island Risk,203.6,8,16.69379081140183
2025-08-11,28.2,84.0,4.3,Dadar,19.0178,72.8478,1,Urban Heat Island Risk,190.2,8,14.358008670411955
2025-08-12,28.6,83.0,5.0,Dadar,19.0178,72.8478,1,Urban Heat Island Risk,176.79999999999998,8,14.658568961178547
2025-08-13,28.2,87.0,15.4,Dadar,19.0178,72.8478,1,Urban Heat Island Risk,173.6,8,13.68288182440248
2025-08-14,27.2,89.0,38.9,Dadar,19.0178,72.8478,1,Urban Heat Island Risk,197.6,8,13.488653039587367
2025-08-15,27.2,89.0,35.8,Dadar,19.0178,72.8478,1,Urban Heat Island Risk,193.10000000000002,8,17.654335810335745
2025-08-16,26.5,92.0,34.2,Dadar,19.0178,72.8478,1,Urban Heat Island Risk,209.9,8,10.320843851047172
2025-08-17,28.0,88.0,16.3,Dadar,19.0178,72.8478,1,Urban Heat Island Risk,215.70000000000002,8,9.620530856378702
2025-08-18,26.0,92.0,127.0,Dadar,19.0178,72.8478,1,Urban Heat Island Risk,333.9,8,9.384024745623112
2025-08-19,26.2,91.0,136.5,Dadar,19.0178,72.8478,1,Urban Heat Island Risk,461.79999999999995,8,25.22827273838577
2025-08-20,26.5,89.0,61.5,Dadar,19.0178,72.8478,1,Urban Heat Island Risk,515.5,8,17.6517145083529
2025-08-21,28.0,85.0,26.0,Dadar,19.0178,72.8478,1,Urban Heat Island Risk,537.5999999999999,8,16.522461008400725
2025-08-22,28.2,81.0,4.5,Dadar,19.0178,72.8478,1,Urban Heat Island Risk,538.0,8,9.712426648532842
2025-08-23,28.3,81.0,10.4,Dadar,19.0178,72.8478,1,Urban Heat Island Risk,539.7,8,18.11671150337414
2025-08-24,28.5,82.0,6.7,Dadar,19.0178,72.8478,1,Urban Heat Island Risk,542.4,8,14.417143267733357
2025-08-25,26.8,87.0,23.2,Dadar,19.0178,72.8478,1,Urban Heat Island Risk,562.1,8,16.07084470565875
2025-08-26,27.8,85.0,14.9,Dadar,19.0178,72.8478,1,Urban Heat Island Risk,572.6999999999999,8,10.116898420682219
2025-08-27,28.4,85.0,7.6,Dadar,19.0178,72.8478,1,Urban Heat Island Risk,579.1,8,15.801344287087883
2025-08-28,28.3,88.0,16.3,Dadar,19.0178,72.8478,1,Urban Heat Island Risk,592.1999999999999,8,12.880832308967584
2025-08-29,28.0,88.0,7.5,Dadar,19.0178,72.8478,1,Urban Heat Island Risk,596.8,8,11.171944214849061
2025-08-30,28.4,86.0,2.8,Dadar,19.0178,72.8478,1,Urban Heat Island Risk,598.0,8,18.670531679036245
2025-08-31,27.6,86.0,10.0,Dadar,19.0178,72.8478,1,Urban Heat Island Risk,604.8000000000001,8,7.311460957349988
2025-09-01,27.8,85.0,6.7,Dadar,19.0178,72.8478,1,Urban Heat Island Risk,607.1999999999999,9,17.823881321570752
2025-09-02,28.2,86.0,5.7,Dadar,19.0178,72.8478,1,Urban Heat Island Risk,607.9,9,18.42243066776498
2025-09-03,28.7,83.0,4.8,Dadar,19.0178,72.8478,1,Urban Heat Island Risk,597.3,9,10.601781622243797
2025-09-04,26.1,88.0,17.2,Dadar,19.0178,72.8478,1,Urban Heat Island Risk,575.6,9,10.898357694337662
2025-09-05,27.4,89.0,18.2,Dadar,19.0178,72.8478,1,Urban Heat Island Risk,558.0,9,13.884871593667988
2025-09-06,26.5,87.0,24.9,Dadar,19.0178,72.8478,1,Urban Heat Island Risk,548.7,9,16.410181052311103
2025-09-07,28.1,84.0,9.2,Dadar,19.0178,72.8478,1,Urban Heat Island Risk,541.5999999999999,9,14.235725040928873
2025-09-08,27.8,86.0,5.5,Dadar,19.0178,72.8478,1,Urban Heat Island Risk,420.1,9,17.167812300959397
2025-09-09,28.9,87.0,0.7,Dadar,19.0178,72.8478,1,Urban Heat Island Risk,284.3,9,23.814898262686995
2025-09-10,29.5,84.0,0.3,Dadar,19.0178,72.8478,1,Urban Heat Island Risk,223.1,9,12.461416154251431
2025-09-11,28.9,82.0,1.5,Dadar,19.0178,72.8478,1,Urban Heat Island Risk,198.6,9,6.424100146482898
2025-09-12,29.3,82.0,1.2,Dadar,19.0178,72.8478,1,Urban Heat Island Risk,195.3,9,19.129617915153265
2025-09-13,28.6,88.0,12.7,Dadar,19.0178,72.8478,1,Urban Heat Island Risk,197.6,9,23.41657287963765
2025-09-14,29.0,87.0,12.2,Dadar,19.0178,72.8478,1,Urban Heat Island Risk,203.1,9,16.963841815255623
2025-09-15,27.1,90.0,65.5,Dadar,19.0178,72.8478,1,Urban Heat Island Risk,245.39999999999998,9,9.56125662323166
2025-09-16,27.8,90.0,5.2,Dadar,19.0178,72.8478,1,Urban Heat Island Risk,235.7,9,14.380538183823996
2025-09-17,28.2,90.0,25.7,Dadar,19.0178,72.8478,1,Urban Heat Island Risk,253.79999999999998,9,9.407382578941839
2025-09-18,27.8,90.0,10.4,Dadar,19.0178,72.8478,1,Urban Heat Island Risk,247.9,9,18.21427746981474
2025-09-19,28.2,90.0,8.2,Dadar,19.0178,72.8478,1,Urban Heat Island Risk,248.6,9,8.243547986507828
2025-09-20,29.0,88.0,12.3,Dadar,19.0178,72.8478,1,Urban Heat Island Risk,258.09999999999997,9,13.499356065859
2025-09-21,28.6,90.0,15.7,Dadar,19.0178,72.8478,1,Urban Heat Island Risk,263.79999999999995,9,9.978310868530468
2025-09-22,28.3,90.0,17.0,Dadar,19.0178,72.8478,1,Urban Heat Island Risk,274.1,9,15.63412342567481
2025-09-23,28.7,86.0,10.7,Dadar,19.0178,72.8478,1,Urban Heat Island Risk,279.1,9,13.168291614311212
2025-09-24,28.6,82.0,2.5,Dadar,19.0178,72.8478,1,Urban Heat Island Risk,276.8,9,15.88381051625132
2025-09-25,28.1,85.0,3.1,Dadar,19.0178,72.8478,1,Urban Heat Island Risk,262.7,9,15.111752774831828
2025-09-26,29.1,86.0,3.0,Dadar,19.0178,72.8478,1,Urban Heat Island Risk,247.5,9,10.06670486137945
2025-09-27,28.2,86.0,14.1,Dadar,19.0178,72.8478,1,Urban Heat Island Risk,236.7,9,18.13438531764511
2025-09-28,26.5,90.0,125.7,Dadar,19.0178,72.8478,1,Urban Heat Island Risk,353.2,9,14.756171740784424
2025-09-29,28.3,79.0,15.8,Dadar,19.0178,72.8478,1,Urban Heat Island Risk,363.5,9,10.057354960670498
2025-09-30,27.5,85.0,11.2,Dadar,19.0178,72.8478,1,Urban Heat Island Risk,374.0,9,26.204632781028963
2025-10-01,28.5,87.0,12.0,Dadar,19.0178,72.8478,1,Urban Heat Island Risk,385.7,10,54.21548416691896
2025-10-02,27.9,88.0,4.1,Dadar,19.0178,72.8478,1,Urban Heat Island Risk,388.3,10,54.46703056633682
2025-10-03,28.6,86.0,2.4,Dadar,19.0178,72.8478,1,Urban Heat Island Risk,389.5,10,58.34268930017578
2025-10-04,28.8,86.0,3.1,Dadar,19.0178,72.8478,1,Urban Heat Island Risk,379.90000000000003,10,59.34241138026636
2025-10-05,28.1,85.0,0.7,Dadar,19.0178,72.8478,1,Urban Heat Island Risk,368.4,10,53.37325288843057
2025-10-06,28.4,84.0,1.1,Dadar,19.0178,72.8478,1,Urban Heat Island Risk,303.99999999999994,10,54.13698743217382
2025-10-07,28.9,86.0,2.1,Dadar,19.0178,72.8478,1,Urban Heat Island Risk,300.9,10,44.62665257665197
2025-10-08,29.4,85.0,0.3,Dadar,19.0178,72.8478,1,Urban Heat Island Risk,275.5,10,45.99736957949328
2025-10-09,31.6,77.0,0.0,Dadar,19.0178,72.8478,1,Urban Heat Island Risk,265.1,10,33.27135389786731
2025-10-10,33.0,66.0,0.1,Dadar,19.0178,72.8478,1,Urban Heat Island Risk,257.0,10,27.257468501441604
2025-10-11,33.8,63.0,0.1,Dadar,19.0178,72.8478,1,Urban Heat Island Risk,244.79999999999998,10,23.463802393185066
2025-10-12,34.8,59.0,0.1,Dadar,19.0178,72.8478,1,Urban Heat Island Risk,229.2,10,18.93247557747365
2025-10-13,34.5,56.0,0.0,Dadar,19.0178,72.8478,1,Urban Heat Island Risk,212.2,10,19.021546614833127
2025-10-14,35.2,55.0,0.0,Dadar,19.0178,72.8478,1,Urban Heat Island Risk,201.5,10,7.812953533520829
2025-10-15,34.9,57.0,1.5,Dadar,19.0178,72.8478,1,Urban Heat Island Risk,200.5,10,10.874331137961251
2025-10-16,35.0,69.0,6.2,Dadar,19.0178,72.8478,1,Urban Heat Island Risk,203.6,10,12.267961902681634
2025-10-17,36.0,63.0,0.1,Dadar,19.0178,72.8478,1,Urban Heat Island Risk,200.7,10,7.922130373717188
2025-10-18,35.7,59.0,1.1,Dadar,19.0178,72.8478,1,Urban Heat Island Risk,187.7,10,16.287204785693884
2025-10-19,35.2,61.0,0.5,Dadar,19.0178,72.8478,1,Urban Heat Island Risk,62.5,10,8.051971732402087
2025-10-20,35.0,60.0,0.2,Dadar,19.0178,72.8478,1,Urban Heat Island Risk,46.900000000000006,10,13.2129247591465
2025-10-21,34.3,62.0,5.9,Dadar,19.0178,72.8478,1,Urban Heat Island Risk,41.6,10,23.73171415773693
2025-10-22,33.9,74.0,4.8,Dadar,19.0178,72.8478,1,Urban Heat Island Risk,34.4,10,19.73394596085028
2025-10-23,34.5,71.0,6.1,Dadar,19.0178,72.8478,1,Urban Heat Island Risk,36.4,10,20.13541158254745
2025-10-24,33.0,72.0,8.7,Dadar,19.0178,72.8478,1,Urban Heat Island Risk,42.7,10,25.635623118693818
2025-10-25,30.1,84.0,13.8,Dadar,19.0178,72.8478,1,Urban Heat Island Risk,53.4,10,44.050582953290274
2025-10-26,26.8,92.0,34.3,Dadar,19.0178,72.8478,1,Urban Heat Island Risk,87.0,10,60.32430394761896
2025-10-27,30.4,88.0,13.3,Dadar,19.0178,72.8478,1,Urban Heat Island Risk,99.19999999999999,10,44.401994030308444
2025-10-28,31.7,77.0,0.4,Dadar,19.0178,72.8478,1,Urban Heat Island Risk,97.5,10,25.974717962967826
2025-10-29,30.9,79.0,0.1,Dadar,19.0178,72.8478,1,Urban Heat Island Risk,97.3,10,36.41677329139062
2025-10-30,28.6,83.0,11.5,Dadar,19.0178,72.8478,1,Urban Heat Island Risk,108.8,10,52.7495300501382
2025-10-31,29.1,83.0,8.6,Dadar,19.0178,72.8478,1,Urban Heat Island Risk,117.3,10,51.101809573364285
2025-11-01,28.4,88.0,3.1,Dadar,19.0178,72.8478,1,Urban Heat Island Risk,120.3,11,59.86476311376914
2025-11-02,27.6,89.0,4.2,Dadar,19.0178,72.8478,1,Urban Heat Island Risk,124.4,11,54.97820999900544
2025-11-03,28.6,88.0,2.5,Dadar,19.0178,72.8478,1,Urban Heat Island Risk,126.9,11,58.664075475971025
2025-11-04,28.1,87.0,1.6,Dadar,19.0178,72.8478,1,Urban Heat Island Risk,128.5,11,50.804880866701644
2025-11-05,28.5,82.0,0.1,Dadar,19.0178,72.8478,1,Urban Heat Island Risk,127.10000000000001,11,58.47656539105655
2025-11-06,29.1,82.0,0.6,Dadar,19.0178,72.8478,1,Urban Heat Island Risk,121.5,11,52.520668966825184
2025-11-07,31.4,74.0,0.0,Dadar,19.0178,72.8478,1,Urban Heat Island Risk,121.39999999999999,11,30.832707101838892
2025-11-08,33.3,58.0,0.0,Dadar,19.0178,72.8478,1,Urban Heat Island Risk,120.3,11,26.168529519592457
2025-11-09,31.4,57.0,0.0,Dadar,19.0178,72.8478,1,Urban Heat Island Risk,119.8,11,35.143820822339045
2025-11-10,32.2,58.0,0.0,Dadar,19.0178,72.8478,1,Urban Heat Island Risk,119.6,11,33.994589635041656
2025-11-11,32.0,59.0,0.0,Dadar,19.0178,72.8478,1,Urban Heat Island Risk,113.69999999999999,11,30.883642057833452
2025-11-12,32.8,46.0,0.0,Dadar,19.0178,72.8478,1,Urban Heat Island Risk,108.89999999999999,11,25.930435538358026
2025-11-13,33.3,46.0,0.0,Dadar,19.0178,72.8478,1,Urban Heat Island Risk,102.8,11,31.478806247147602
2025-11-14,33.1,49.0,0.0,Dadar,19.0178,72.8478,1,Urban Heat Island Risk,94.1,11,25.273062194388295
2025-11-15,33.2,47.0,0.0,Dadar,19.0178,72.8478,1,Urban Heat Island Risk,80.3,11,29.332111620958816
2025-11-16,33.1,43.0,0.0,Dadar,19.0178,72.8478,1,Urban Heat Island Risk,46.0,11,24.63990924144566
2025-11-17,32.4,44.0,0.0,Dadar,19.0178,72.8478,1,Urban Heat Island Risk,32.7,11,38.06664962947096
2025-11-18,32.2,45.0,0.0,Dadar,19.0178,72.8478,1,Urban Heat Island Risk,32.3,11,27.474993519989187
2025-11-19,32.8,45.0,0.0,Dadar,19.0178,72.8478,1,Urban Heat Island Risk,32.199999999999996,11,24.39594901043076
2025-11-20,32.9,49.0,0.0,Dadar,19.0178,72.8478,1,Urban Heat Island Risk,20.7,11,34.52258590557952
2025-11-21,33.8,51.0,0.0,Dadar,19.0178,72.8478,1,Urban Heat Island Risk,12.100000000000001,11,19.57526804552375
2025-11-22,33.2,55.0,0.0,Dadar,19.0178,72.8478,1,Urban Heat Island Risk,9.000000000000002,11,33.20537153082195
2025-11-23,32.7,61.0,0.0,Dadar,19.0178,72.8478,1,Urban Heat Island Risk,4.8,11,32.49253623130738
2025-11-24,32.8,64.0,0.0,Dadar,19.0178,72.8478,1,Urban Heat Island Risk,2.3,11,26.693418133862515
2025-11-25,33.0,66.0,0.0,Dadar,19.0178,72.8478,1,Urban Heat Island Risk,0.7,11,17.266865973247544
2025-11-26,32.6,67.0,0.0,Dadar,19.0178,72.8478,1,Urban Heat Island Risk,0.6,11,28.503408478640814
2025-11-27,33.7,62.0,0.0,Dadar,19.0178,72.8478,1,Urban Heat Island Risk,0.0,11,22.874816934333772
2025-11-28,33.2,59.0,0.0,Dadar,19.0178,72.8478,1,Urban Heat Island Risk,0.0,11,31.03608866652185
2025-11-29,32.9,49.0,0.0,Dadar,19.0178,72.8478,1,Urban Heat Island Risk,0.0,11,34.842235881200565
2025-11-30,32.0,49.0,0.0,Dadar,19.0178,72.8478,1,Urban Heat Island Risk,0.0,11,28.57506410428126
2025-12-01,32.5,49.0,0.0,Dadar,19.0178,72.8478,1,Urban Heat Island Risk,0.0,12,33.17257548660758
2025-12-02,32.2,54.0,0.0,Dadar,19.0178,72.8478,1,Urban Heat Island Risk,0.0,12,34.6936774467334
2025-12-03,33.3,49.0,0.0,Dadar,19.0178,72.8478,1,Urban Heat Island Risk,0.0,12,30.000396845385573
2025-12-04,33.7,47.0,0.0,Dadar,19.0178,72.8478,1,Urban Heat Island Risk,0.0,12,24.86011622734437
2025-12-05,34.1,48.0,0.0,Dadar,19.0178,72.8478,1,Urban Heat Island Risk,0.0,12,10.387511545191146
2025-12-06,33.0,49.0,0.0,Dadar,19.0178,72.8478,1,Urban Heat Island Risk,0.0,12,25.55622117069454
2025-12-07,33.5,46.0,0.0,Dadar,19.0178,72.8478,1,Urban Heat Island Risk,0.0,12,17.721462125415425
2025-12-08,33.7,50.0,0.0,Dadar,19.0178,72.8478,1,Urban Heat Island Risk,0.0,12,21.35363780207628
2025-12-09,33.1,34.0,0.0,Dadar,19.0178,72.8478,1,Urban Heat Island Risk,0.0,12,30.666687847336128
2025-12-10,33.2,34.0,0.0,Dadar,19.0178,72.8478,1,Urban Heat Island Risk,0.0,12,26.72575417937485
2025-12-11,33.0,36.0,0.0,Dadar,19.0178,72.8478,1,Urban Heat Island Risk,0.0,12,32.0737876653205
2025-12-12,32.3,42.0,0.0,Dadar,19.0178,72.8478,1,Urban Heat Island Risk,0.0,12,32.008769603567714
2025-12-13,33.0,46.0,0.0,Dadar,19.0178,72.8478,1,Urban Heat Island Risk,0.0,12,19.84170363498882
2025-12-14,32.4,43.0,0.0,Dadar,19.0178,72.8478,1,Urban Heat Island Risk,0.0,12,17.129098300469668
2025-12-15,32.5,42.0,0.0,Dadar,19.0178,72.8478,1,Urban Heat Island Risk,0.0,12,29.910710475064615
2025-12-16,32.8,42.0,0.0,Dadar,19.0178,72.8478,1,Urban Heat Island Risk,0.0,12,26.397034334910856
2025-12-17,33.1,47.0,0.0,Dadar,19.0178,72.8478,1,Urban Heat Island Risk,0.0,12,20.881937969757246
2025-12-18,33.1,45.0,0.0,Dadar,19.0178,72.8478,1,Urban Heat Island Risk,0.0,12,17.26353041840977
2025-12-19,33.2,42.0,0.0,Dadar,19.0178,72.8478,1,Urban Heat Island Risk,0.0,12,21.52628393263644
2025-12-20,33.1,39.0,0.0,Dadar,19.0178,72.8478,1,Urban Heat Island Risk,0.0,12,24.794209242342777
2025-12-21,32.4,39.0,0.0,Dadar,19.0178,72.8478,1,Urban Heat Island Risk,0.0,12,33.06272245186529
2025-12-22,31.6,40.0,0.0,Dadar,19.0178,72.8478,1,Urban Heat Island Risk,0.0,12,35.20982207450656
2025-12-23,32.3,45.0,0.0,Dadar,19.0178,72.8478,1,Urban Heat Island Risk,0.0,12,38.34033623586366
2025-12-24,32.2,44.0,0.0,Dadar,19.0178,72.8478,1,Urban Heat Island Risk,0.0,12,25.688646386439682
2025-12-25,31.5,48.0,0.0,Dadar,19.0178,72.8478,1,Urban Heat Island Risk,0.0,12,39.238627793620495
2025-12-26,31.3,48.0,0.0,Dadar,19.0178,72.8478,1,Urban Heat Island Risk,0.0,12,36.2031603823103
2025-12-27,32.0,48.0,0.0,Dadar,19.0178,72.8478,1,Urban Heat Island Risk,0.0,12,35.47334562059292
2025-12-28,31.5,48.0,0.0,Dadar,19.0178,72.8478,1,Urban Heat Island Risk,0.0,12,32.65075901700561
2025-12-29,31.2,50.0,0.0,Dadar,19.0178,72.8478,1,Urban Heat Island Risk,0.0,12,41.891735202786286
2025-12-30,29.4,63.0,0.0,Dadar,19.0178,72.8478,1,Urban Heat Island Risk,0.0,12,48.20945712505956
2025-12-31,28.8,72.0,0.0,Dadar,19.0178,72.8478,1,Urban Heat Island Risk,0.0,12,46.73610840874458
